framework,framework_version,requirement_area,control_reference,capability,datamodel,governance_relevance,mapping_confidence,retention_importance,raw_retention_recommendation,searchable_retention_recommendation,edge_processing_recommendation,tiering_recommendation,source_terms,mapping_rationale,source_url,mapping_method,review_status,notes,updated_at
CIS Controls v8,v8,CIS 1 - Inventory and Control of Enterprise Assets,CIS 1,Endpoint Monitoring,Compute_Inventory,Medium-High,Medium,Medium,Retain where useful for investigation or operational validation; do not treat as universal mandatory retention.,Keep searchable for operational review; archive or reduce per policy when no longer needed.,Prefer preserving key fields at the edge; reduce volume only after confirming evidence fields remain.,Tier 2,"endpoint, system, host, device, process, workload, inventory",Asset/inventory telemetry can support potential evidence of enterprise asset and software inventory.,https://www.cisecurity.org/controls/v8,"Framework control area classified to DIG governance capability, then capability mapped to Splunk CIM datamodel (seed patched 2026-08-03).",DIG seed - patched 2026-08-03,Potential CIM evidence seed: CIS Controls v8 CIS 1 → Endpoint Monitoring / Compute_Inventory (Medium confidence).,2026-08-03T15:32:35Z
CIS Controls v8,v8,CIS 1 - Inventory and Control of Enterprise Assets,CIS 1,Endpoint Monitoring,Endpoint,Medium-High,High,Medium-High,Retain raw events where needed for investigation or operational validation; align to local retention policy.,Keep searchable for security operations and evidence review; archive per policy thereafter.,Do not filter governance-relevant fields before indexing; consider selective edge reduction only after validating required evidence.,Tier 2,"endpoint, system, host, device, process, workload, inventory",Endpoint host/process telemetry is primary potential evidence for endpoint monitoring controls.,https://www.cisecurity.org/controls/v8,"Framework control area classified to DIG governance capability, then capability mapped to Splunk CIM datamodel (seed patched 2026-08-03).",DIG seed - patched 2026-08-03,Potential CIM evidence seed: CIS Controls v8 CIS 1 → Endpoint Monitoring / Endpoint (High confidence).,2026-08-03T15:32:35Z
CIS Controls v8,v8,CIS 10 - Malware Defenses,CIS 10,Malware Monitoring,Endpoint,Medium-High,Medium,Medium,Retain where useful for investigation or operational validation; do not treat as universal mandatory retention.,Keep searchable for operational review; archive or reduce per policy when no longer needed.,Prefer preserving key fields at the edge; reduce volume only after confirming evidence fields remain.,Tier 2,"malware, malicious code, anti-malware, malicious activity",Endpoint process/file telemetry can support malware investigations as secondary host context only.,https://www.cisecurity.org/controls/v8,"Framework control area classified to DIG governance capability, then capability mapped to Splunk CIM datamodel (seed patched 2026-08-03).",DIG seed - patched 2026-08-03,Potential CIM evidence seed: CIS Controls v8 CIS 10 → Malware Monitoring / Endpoint (Medium confidence).,2026-08-03T15:32:35Z
CIS Controls v8,v8,CIS 10 - Malware Defenses,CIS 10,Malware Monitoring,Malware,Medium-High,High,Medium-High,Retain raw events where needed for investigation or operational validation; align to local retention policy.,Keep searchable for security operations and evidence review; archive per policy thereafter.,Do not filter governance-relevant fields before indexing; consider selective edge reduction only after validating required evidence.,Tier 1,"malware, malicious code, anti-malware, malicious activity",Malware detection and protection events are primary potential evidence for malware-defense controls.,https://www.cisecurity.org/controls/v8,"Framework control area classified to DIG governance capability, then capability mapped to Splunk CIM datamodel (seed patched 2026-08-03).",DIG seed - patched 2026-08-03,Potential CIM evidence seed: CIS Controls v8 CIS 10 → Malware Monitoring / Malware (High confidence).,2026-08-03T15:32:35Z
CIS Controls v8,v8,CIS 12 - Network Infrastructure Management,CIS 12,Change Monitoring,Change,Medium-High,High,Medium-High,Retain raw events where needed for investigation or operational validation; align to local retention policy.,Keep searchable for security operations and evidence review; archive per policy thereafter.,Do not filter governance-relevant fields before indexing; consider selective edge reduction only after validating required evidence.,Tier 2,"change, configuration, system changes, modification, integrity",Change events are direct potential evidence of configuration and system modifications.,https://www.cisecurity.org/controls/v8,"Framework control area classified to DIG governance capability, then capability mapped to Splunk CIM datamodel (seed patched 2026-08-03).",DIG seed - patched 2026-08-03,Potential CIM evidence seed: CIS Controls v8 CIS 12 → Change Monitoring / Change (High confidence).,2026-08-03T15:32:35Z
CIS Controls v8,v8,CIS 12 - Network Infrastructure Management,CIS 12,Network Monitoring,Network_Resolution,High,Medium,Medium-High,Retain raw events where needed for investigation or operational validation; align to local retention policy.,Keep searchable for security operations and evidence review; archive per policy thereafter.,Do not filter governance-relevant fields before indexing; consider selective edge reduction only after validating required evidence.,Tier 1,"network, traffic, connections, communications, DNS, segmentation, perimeter",DNS/name-resolution telemetry can support potential evidence of network visibility and resolution monitoring.,https://www.cisecurity.org/controls/v8,"Framework control area classified to DIG governance capability, then capability mapped to Splunk CIM datamodel (seed patched 2026-08-03).",DIG seed - patched 2026-08-03,Potential CIM evidence seed: CIS Controls v8 CIS 12 → Network Monitoring / Network_Resolution (Medium confidence).,2026-08-03T15:32:35Z
CIS Controls v8,v8,CIS 12 - Network Infrastructure Management,CIS 12,Network Monitoring,Network_Sessions,High,Medium,Medium-High,Retain raw events where needed for investigation or operational validation; align to local retention policy.,Keep searchable for security operations and evidence review; archive per policy thereafter.,Do not filter governance-relevant fields before indexing; consider selective edge reduction only after validating required evidence.,Tier 1,"network, traffic, connections, communications, DNS, segmentation, perimeter",Session telemetry can support potential evidence of connection and communications monitoring.,https://www.cisecurity.org/controls/v8,"Framework control area classified to DIG governance capability, then capability mapped to Splunk CIM datamodel (seed patched 2026-08-03).",DIG seed - patched 2026-08-03,Potential CIM evidence seed: CIS Controls v8 CIS 12 → Network Monitoring / Network_Sessions (Medium confidence).,2026-08-03T15:32:35Z
CIS Controls v8,v8,CIS 12 - Network Infrastructure Management,CIS 12,Network Monitoring,Network_Traffic,High,High,High,Retain raw events for investigation and evidence review per policy; treat as high-value security telemetry.,Keep searchable through the investigation/audit window; archive thereafter per policy.,Preserve governance-relevant fields before indexing; avoid edge filtering that removes investigation evidence.,Tier 1,"network, traffic, connections, communications, DNS, segmentation, perimeter",Network traffic events are primary potential evidence for network monitoring and defense controls.,https://www.cisecurity.org/controls/v8,"Framework control area classified to DIG governance capability, then capability mapped to Splunk CIM datamodel (seed patched 2026-08-03).",DIG seed - patched 2026-08-03,Potential CIM evidence seed: CIS Controls v8 CIS 12 → Network Monitoring / Network_Traffic (High confidence).,2026-08-03T15:32:35Z
CIS Controls v8,v8,CIS 13 - Network Monitoring and Defense,CIS 13,Alerting and Detection,Alerts,High,High,High,Retain raw events for investigation and evidence review per policy; treat as high-value security telemetry.,Keep searchable through the investigation/audit window; archive thereafter per policy.,Preserve governance-relevant fields before indexing; avoid edge filtering that removes investigation evidence.,Tier 1,"alerts, detection, monitoring, intrusion, events, signatures",Alert outcomes are direct potential evidence of detection and monitoring activity.,https://www.cisecurity.org/controls/v8,"Framework control area classified to DIG governance capability, then capability mapped to Splunk CIM datamodel (seed patched 2026-08-03).",DIG seed - patched 2026-08-03,Potential CIM evidence seed: CIS Controls v8 CIS 13 → Alerting and Detection / Alerts (High confidence).,2026-08-03T15:32:35Z
CIS Controls v8,v8,CIS 13 - Network Monitoring and Defense,CIS 13,Alerting and Detection,Event_Signatures,High,Medium,Medium-High,Retain raw events where needed for investigation or operational validation; align to local retention policy.,Keep searchable for security operations and evidence review; archive per policy thereafter.,Do not filter governance-relevant fields before indexing; consider selective edge reduction only after validating required evidence.,Tier 1,"alerts, detection, monitoring, intrusion, events, signatures",Signature/rule-hit telemetry can support detection evidence where content-matching is used.,https://www.cisecurity.org/controls/v8,"Framework control area classified to DIG governance capability, then capability mapped to Splunk CIM datamodel (seed patched 2026-08-03).",DIG seed - patched 2026-08-03,Potential CIM evidence seed: CIS Controls v8 CIS 13 → Alerting and Detection / Event_Signatures (Medium confidence).,2026-08-03T15:32:35Z
CIS Controls v8,v8,CIS 13 - Network Monitoring and Defense,CIS 13,Alerting and Detection,Intrusion_Detection,High,Medium,Medium-High,Retain raw events where needed for investigation or operational validation; align to local retention policy.,Keep searchable for security operations and evidence review; archive per policy thereafter.,Do not filter governance-relevant fields before indexing; consider selective edge reduction only after validating required evidence.,Tier 1,"alerts, detection, monitoring, intrusion, events, signatures",IDS/IPS events can provide potential evidence of intrusion detection monitoring.,https://www.cisecurity.org/controls/v8,"Framework control area classified to DIG governance capability, then capability mapped to Splunk CIM datamodel (seed patched 2026-08-03).",DIG seed - patched 2026-08-03,Potential CIM evidence seed: CIS Controls v8 CIS 13 → Alerting and Detection / Intrusion_Detection (Medium confidence).,2026-08-03T15:32:35Z
CIS Controls v8,v8,CIS 13 - Network Monitoring and Defense,CIS 13,Network Monitoring,Network_Resolution,High,Medium,Medium-High,Retain raw events where needed for investigation or operational validation; align to local retention policy.,Keep searchable for security operations and evidence review; archive per policy thereafter.,Do not filter governance-relevant fields before indexing; consider selective edge reduction only after validating required evidence.,Tier 1,"network, traffic, connections, communications, DNS, segmentation, perimeter",DNS/name-resolution telemetry can support potential evidence of network visibility and resolution monitoring.,https://www.cisecurity.org/controls/v8,"Framework control area classified to DIG governance capability, then capability mapped to Splunk CIM datamodel (seed patched 2026-08-03).",DIG seed - patched 2026-08-03,Potential CIM evidence seed: CIS Controls v8 CIS 13 → Network Monitoring / Network_Resolution (Medium confidence).,2026-08-03T15:32:35Z
CIS Controls v8,v8,CIS 13 - Network Monitoring and Defense,CIS 13,Network Monitoring,Network_Sessions,High,Medium,Medium-High,Retain raw events where needed for investigation or operational validation; align to local retention policy.,Keep searchable for security operations and evidence review; archive per policy thereafter.,Do not filter governance-relevant fields before indexing; consider selective edge reduction only after validating required evidence.,Tier 1,"network, traffic, connections, communications, DNS, segmentation, perimeter",Session telemetry can support potential evidence of connection and communications monitoring.,https://www.cisecurity.org/controls/v8,"Framework control area classified to DIG governance capability, then capability mapped to Splunk CIM datamodel (seed patched 2026-08-03).",DIG seed - patched 2026-08-03,Potential CIM evidence seed: CIS Controls v8 CIS 13 → Network Monitoring / Network_Sessions (Medium confidence).,2026-08-03T15:32:35Z
CIS Controls v8,v8,CIS 13 - Network Monitoring and Defense,CIS 13,Network Monitoring,Network_Traffic,High,High,High,Retain raw events for investigation and evidence review per policy; treat as high-value security telemetry.,Keep searchable through the investigation/audit window; archive thereafter per policy.,Preserve governance-relevant fields before indexing; avoid edge filtering that removes investigation evidence.,Tier 1,"network, traffic, connections, communications, DNS, segmentation, perimeter",Network traffic events are primary potential evidence for network monitoring and defense controls.,https://www.cisecurity.org/controls/v8,"Framework control area classified to DIG governance capability, then capability mapped to Splunk CIM datamodel (seed patched 2026-08-03).",DIG seed - patched 2026-08-03,Potential CIM evidence seed: CIS Controls v8 CIS 13 → Network Monitoring / Network_Traffic (High confidence).,2026-08-03T15:32:35Z
CIS Controls v8,v8,CIS 17 - Incident Response Management,CIS 17,Alerting and Detection,Alerts,High,High,High,Retain raw events for investigation and evidence review per policy; treat as high-value security telemetry.,Keep searchable through the investigation/audit window; archive thereafter per policy.,Preserve governance-relevant fields before indexing; avoid edge filtering that removes investigation evidence.,Tier 1,"alerts, detection, monitoring, intrusion, events, signatures",Alert outcomes are direct potential evidence of detection and monitoring activity.,https://www.cisecurity.org/controls/v8,"Framework control area classified to DIG governance capability, then capability mapped to Splunk CIM datamodel (seed patched 2026-08-03).",DIG seed - patched 2026-08-03,Potential CIM evidence seed: CIS Controls v8 CIS 17 → Alerting and Detection / Alerts (High confidence).,2026-08-03T15:32:35Z
CIS Controls v8,v8,CIS 17 - Incident Response Management,CIS 17,Alerting and Detection,Event_Signatures,High,Medium,Medium-High,Retain raw events where needed for investigation or operational validation; align to local retention policy.,Keep searchable for security operations and evidence review; archive per policy thereafter.,Do not filter governance-relevant fields before indexing; consider selective edge reduction only after validating required evidence.,Tier 1,"alerts, detection, monitoring, intrusion, events, signatures",Signature/rule-hit telemetry can support detection evidence where content-matching is used.,https://www.cisecurity.org/controls/v8,"Framework control area classified to DIG governance capability, then capability mapped to Splunk CIM datamodel (seed patched 2026-08-03).",DIG seed - patched 2026-08-03,Potential CIM evidence seed: CIS Controls v8 CIS 17 → Alerting and Detection / Event_Signatures (Medium confidence).,2026-08-03T15:32:35Z
CIS Controls v8,v8,CIS 17 - Incident Response Management,CIS 17,Alerting and Detection,Intrusion_Detection,High,Medium,Medium-High,Retain raw events where needed for investigation or operational validation; align to local retention policy.,Keep searchable for security operations and evidence review; archive per policy thereafter.,Do not filter governance-relevant fields before indexing; consider selective edge reduction only after validating required evidence.,Tier 1,"alerts, detection, monitoring, intrusion, events, signatures",IDS/IPS events can provide potential evidence of intrusion detection monitoring.,https://www.cisecurity.org/controls/v8,"Framework control area classified to DIG governance capability, then capability mapped to Splunk CIM datamodel (seed patched 2026-08-03).",DIG seed - patched 2026-08-03,Potential CIM evidence seed: CIS Controls v8 CIS 17 → Alerting and Detection / Intrusion_Detection (Medium confidence).,2026-08-03T15:32:35Z
CIS Controls v8,v8,CIS 17 - Incident Response Management,CIS 17,Incident and Case Management,Alerts,High,High,High,Retain raw events for investigation and evidence review per policy; treat as high-value security telemetry.,Keep searchable through the investigation/audit window; archive thereafter per policy.,Preserve governance-relevant fields before indexing; avoid edge filtering that removes investigation evidence.,Tier 1,"incident, response, case, escalation, ticket, reporting",Alert records can support potential evidence of incident detection handoff into response workflows.,https://www.cisecurity.org/controls/v8,"Framework control area classified to DIG governance capability, then capability mapped to Splunk CIM datamodel (seed patched 2026-08-03).",DIG seed - patched 2026-08-03,Potential CIM evidence seed: CIS Controls v8 CIS 17 → Incident and Case Management / Alerts (High confidence).,2026-08-03T15:32:35Z
CIS Controls v8,v8,CIS 17 - Incident Response Management,CIS 17,Incident and Case Management,Ticket_Management,High,High,High,Retain raw events for investigation and evidence review per policy; treat as high-value security telemetry.,Keep searchable through the investigation/audit window; archive thereafter per policy.,Preserve governance-relevant fields before indexing; avoid edge filtering that removes investigation evidence.,Tier 1,"incident, response, case, escalation, ticket, reporting",Ticket/case telemetry is primary potential evidence for incident and case-handling workflows.,https://www.cisecurity.org/controls/v8,"Framework control area classified to DIG governance capability, then capability mapped to Splunk CIM datamodel (seed patched 2026-08-03).",DIG seed - patched 2026-08-03,Potential CIM evidence seed: CIS Controls v8 CIS 17 → Incident and Case Management / Ticket_Management (High confidence).,2026-08-03T15:32:35Z
CIS Controls v8,v8,CIS 2 - Inventory and Control of Software Assets,CIS 2,Change Monitoring,Change,Medium-High,High,Medium-High,Retain raw events where needed for investigation or operational validation; align to local retention policy.,Keep searchable for security operations and evidence review; archive per policy thereafter.,Do not filter governance-relevant fields before indexing; consider selective edge reduction only after validating required evidence.,Tier 2,"change, configuration, system changes, modification, integrity",Change events are direct potential evidence of configuration and system modifications.,https://www.cisecurity.org/controls/v8,"Framework control area classified to DIG governance capability, then capability mapped to Splunk CIM datamodel (seed patched 2026-08-03).",DIG seed - patched 2026-08-03,Potential CIM evidence seed: CIS Controls v8 CIS 2 → Change Monitoring / Change (High confidence).,2026-08-03T15:32:35Z
CIS Controls v8,v8,CIS 2 - Inventory and Control of Software Assets,CIS 2,Endpoint Monitoring,Compute_Inventory,Medium-High,Medium,Medium,Retain where useful for investigation or operational validation; do not treat as universal mandatory retention.,Keep searchable for operational review; archive or reduce per policy when no longer needed.,Prefer preserving key fields at the edge; reduce volume only after confirming evidence fields remain.,Tier 2,"endpoint, system, host, device, process, workload, inventory",Asset/inventory telemetry can support potential evidence of enterprise asset and software inventory.,https://www.cisecurity.org/controls/v8,"Framework control area classified to DIG governance capability, then capability mapped to Splunk CIM datamodel (seed patched 2026-08-03).",DIG seed - patched 2026-08-03,Potential CIM evidence seed: CIS Controls v8 CIS 2 → Endpoint Monitoring / Compute_Inventory (Medium confidence).,2026-08-03T15:32:35Z
CIS Controls v8,v8,CIS 2 - Inventory and Control of Software Assets,CIS 2,Endpoint Monitoring,Endpoint,Medium-High,High,Medium-High,Retain raw events where needed for investigation or operational validation; align to local retention policy.,Keep searchable for security operations and evidence review; archive per policy thereafter.,Do not filter governance-relevant fields before indexing; consider selective edge reduction only after validating required evidence.,Tier 2,"endpoint, system, host, device, process, workload, inventory",Endpoint host/process telemetry is primary potential evidence for endpoint monitoring controls.,https://www.cisecurity.org/controls/v8,"Framework control area classified to DIG governance capability, then capability mapped to Splunk CIM datamodel (seed patched 2026-08-03).",DIG seed - patched 2026-08-03,Potential CIM evidence seed: CIS Controls v8 CIS 2 → Endpoint Monitoring / Endpoint (High confidence).,2026-08-03T15:32:35Z
CIS Controls v8,v8,CIS 3 - Data Protection,CIS 3,Certificate and Crypto Monitoring,Certificates,Medium-High,High,Medium-High,Retain raw events where needed for investigation or operational validation; align to local retention policy.,Keep searchable for security operations and evidence review; archive per policy thereafter.,Do not filter governance-relevant fields before indexing; consider selective edge reduction only after validating required evidence.,Tier 2,"certificate, cryptography, encryption, key management, TLS",Certificate lifecycle telemetry is direct potential evidence for crypto and TLS certificate controls.,https://www.cisecurity.org/controls/v8,"Framework control area classified to DIG governance capability, then capability mapped to Splunk CIM datamodel (seed patched 2026-08-03).",DIG seed - patched 2026-08-03,Potential CIM evidence seed: CIS Controls v8 CIS 3 → Certificate and Crypto Monitoring / Certificates (High confidence).,2026-08-03T15:32:35Z
CIS Controls v8,v8,CIS 3 - Data Protection,CIS 3,Data Access Monitoring,DLP,High,Medium,Medium-High,Retain raw events where needed for investigation or operational validation; align to local retention policy.,Keep searchable for security operations and evidence review; archive per policy thereafter.,Do not filter governance-relevant fields before indexing; consider selective edge reduction only after validating required evidence.,Tier 1,"data access, sensitive data, cardholder data, personal data, confidentiality, exfiltration",DLP events can support potential evidence of sensitive-data loss prevention monitoring.,https://www.cisecurity.org/controls/v8,"Framework control area classified to DIG governance capability, then capability mapped to Splunk CIM datamodel (seed patched 2026-08-03).",DIG seed - patched 2026-08-03,Potential CIM evidence seed: CIS Controls v8 CIS 3 → Data Access Monitoring / DLP (Medium confidence).,2026-08-03T15:32:35Z
CIS Controls v8,v8,CIS 3 - Data Protection,CIS 3,Data Access Monitoring,Data_Access,High,High,High,Retain raw events for investigation and evidence review per policy; treat as high-value security telemetry.,Keep searchable through the investigation/audit window; archive thereafter per policy.,Preserve governance-relevant fields before indexing; avoid edge filtering that removes investigation evidence.,Tier 1,"data access, sensitive data, cardholder data, personal data, confidentiality, exfiltration",Data access events are primary potential evidence for sensitive-data access visibility.,https://www.cisecurity.org/controls/v8,"Framework control area classified to DIG governance capability, then capability mapped to Splunk CIM datamodel (seed patched 2026-08-03).",DIG seed - patched 2026-08-03,Potential CIM evidence seed: CIS Controls v8 CIS 3 → Data Access Monitoring / Data_Access (High confidence).,2026-08-03T15:32:35Z
CIS Controls v8,v8,CIS 4 - Secure Configuration of Enterprise Assets and Software,CIS 4,Change Monitoring,Change,Medium-High,High,Medium-High,Retain raw events where needed for investigation or operational validation; align to local retention policy.,Keep searchable for security operations and evidence review; archive per policy thereafter.,Do not filter governance-relevant fields before indexing; consider selective edge reduction only after validating required evidence.,Tier 2,"change, configuration, system changes, modification, integrity",Change events are direct potential evidence of configuration and system modifications.,https://www.cisecurity.org/controls/v8,"Framework control area classified to DIG governance capability, then capability mapped to Splunk CIM datamodel (seed patched 2026-08-03).",DIG seed - patched 2026-08-03,Potential CIM evidence seed: CIS Controls v8 CIS 4 → Change Monitoring / Change (High confidence).,2026-08-03T15:32:35Z
CIS Controls v8,v8,CIS 4 - Secure Configuration of Enterprise Assets and Software,CIS 4,Endpoint Monitoring,Compute_Inventory,Medium-High,Medium,Medium,Retain where useful for investigation or operational validation; do not treat as universal mandatory retention.,Keep searchable for operational review; archive or reduce per policy when no longer needed.,Prefer preserving key fields at the edge; reduce volume only after confirming evidence fields remain.,Tier 2,"endpoint, system, host, device, process, workload, inventory",Asset/inventory telemetry can support potential evidence of enterprise asset and software inventory.,https://www.cisecurity.org/controls/v8,"Framework control area classified to DIG governance capability, then capability mapped to Splunk CIM datamodel (seed patched 2026-08-03).",DIG seed - patched 2026-08-03,Potential CIM evidence seed: CIS Controls v8 CIS 4 → Endpoint Monitoring / Compute_Inventory (Medium confidence).,2026-08-03T15:32:35Z
CIS Controls v8,v8,CIS 4 - Secure Configuration of Enterprise Assets and Software,CIS 4,Endpoint Monitoring,Endpoint,Medium-High,High,Medium-High,Retain raw events where needed for investigation or operational validation; align to local retention policy.,Keep searchable for security operations and evidence review; archive per policy thereafter.,Do not filter governance-relevant fields before indexing; consider selective edge reduction only after validating required evidence.,Tier 2,"endpoint, system, host, device, process, workload, inventory",Endpoint host/process telemetry is primary potential evidence for endpoint monitoring controls.,https://www.cisecurity.org/controls/v8,"Framework control area classified to DIG governance capability, then capability mapped to Splunk CIM datamodel (seed patched 2026-08-03).",DIG seed - patched 2026-08-03,Potential CIM evidence seed: CIS Controls v8 CIS 4 → Endpoint Monitoring / Endpoint (High confidence).,2026-08-03T15:32:35Z
CIS Controls v8,v8,CIS 5 - Account Management,CIS 5,Authentication Monitoring,Authentication,High,High,High,Retain raw events for investigation and evidence review per policy; treat as high-value security telemetry.,Keep searchable through the investigation/audit window; archive thereafter per policy.,Preserve governance-relevant fields before indexing; avoid edge filtering that removes investigation evidence.,Tier 1,"authentication, logon, login, credentials, MFA, session, access attempt","Authentication events are direct potential evidence of logon, credential and session activity.",https://www.cisecurity.org/controls/v8,"Framework control area classified to DIG governance capability, then capability mapped to Splunk CIM datamodel (seed patched 2026-08-03).",DIG seed - patched 2026-08-03,Potential CIM evidence seed: CIS Controls v8 CIS 5 → Authentication Monitoring / Authentication (High confidence).,2026-08-03T15:32:35Z
CIS Controls v8,v8,CIS 5 - Account Management,CIS 5,Privileged Access Monitoring,Authentication,High,High,High,Retain raw events for investigation and evidence review per policy; treat as high-value security telemetry.,Keep searchable through the investigation/audit window; archive thereafter per policy.,Preserve governance-relevant fields before indexing; avoid edge filtering that removes investigation evidence.,Tier 1,"privileged access, administrator, remote access, account activity, access rights",Authentication context is primary potential evidence for privileged access and admin logon activity.,https://www.cisecurity.org/controls/v8,"Framework control area classified to DIG governance capability, then capability mapped to Splunk CIM datamodel (seed patched 2026-08-03).",DIG seed - patched 2026-08-03,Potential CIM evidence seed: CIS Controls v8 CIS 5 → Privileged Access Monitoring / Authentication (High confidence).,2026-08-03T15:32:35Z
CIS Controls v8,v8,CIS 5 - Account Management,CIS 5,Privileged Access Monitoring,Change,High,High,High,Retain raw events for investigation and evidence review per policy; treat as high-value security telemetry.,Keep searchable through the investigation/audit window; archive thereafter per policy.,Preserve governance-relevant fields before indexing; avoid edge filtering that removes investigation evidence.,Tier 1,"privileged access, administrator, remote access, account activity, access rights",Administrative change events can support potential evidence of privileged configuration activity.,https://www.cisecurity.org/controls/v8,"Framework control area classified to DIG governance capability, then capability mapped to Splunk CIM datamodel (seed patched 2026-08-03).",DIG seed - patched 2026-08-03,Potential CIM evidence seed: CIS Controls v8 CIS 5 → Privileged Access Monitoring / Change (High confidence).,2026-08-03T15:32:35Z
CIS Controls v8,v8,CIS 6 - Access Control Management,CIS 6,Authentication Monitoring,Authentication,High,High,High,Retain raw events for investigation and evidence review per policy; treat as high-value security telemetry.,Keep searchable through the investigation/audit window; archive thereafter per policy.,Preserve governance-relevant fields before indexing; avoid edge filtering that removes investigation evidence.,Tier 1,"authentication, logon, login, credentials, MFA, session, access attempt","Authentication events are direct potential evidence of logon, credential and session activity.",https://www.cisecurity.org/controls/v8,"Framework control area classified to DIG governance capability, then capability mapped to Splunk CIM datamodel (seed patched 2026-08-03).",DIG seed - patched 2026-08-03,Potential CIM evidence seed: CIS Controls v8 CIS 6 → Authentication Monitoring / Authentication (High confidence).,2026-08-03T15:32:35Z
CIS Controls v8,v8,CIS 6 - Access Control Management,CIS 6,Data Access Monitoring,DLP,High,Medium,Medium-High,Retain raw events where needed for investigation or operational validation; align to local retention policy.,Keep searchable for security operations and evidence review; archive per policy thereafter.,Do not filter governance-relevant fields before indexing; consider selective edge reduction only after validating required evidence.,Tier 1,"data access, sensitive data, cardholder data, personal data, confidentiality, exfiltration",DLP events can support potential evidence of sensitive-data loss prevention monitoring.,https://www.cisecurity.org/controls/v8,"Framework control area classified to DIG governance capability, then capability mapped to Splunk CIM datamodel (seed patched 2026-08-03).",DIG seed - patched 2026-08-03,Potential CIM evidence seed: CIS Controls v8 CIS 6 → Data Access Monitoring / DLP (Medium confidence).,2026-08-03T15:32:35Z
CIS Controls v8,v8,CIS 6 - Access Control Management,CIS 6,Data Access Monitoring,Data_Access,High,High,High,Retain raw events for investigation and evidence review per policy; treat as high-value security telemetry.,Keep searchable through the investigation/audit window; archive thereafter per policy.,Preserve governance-relevant fields before indexing; avoid edge filtering that removes investigation evidence.,Tier 1,"data access, sensitive data, cardholder data, personal data, confidentiality, exfiltration",Data access events are primary potential evidence for sensitive-data access visibility.,https://www.cisecurity.org/controls/v8,"Framework control area classified to DIG governance capability, then capability mapped to Splunk CIM datamodel (seed patched 2026-08-03).",DIG seed - patched 2026-08-03,Potential CIM evidence seed: CIS Controls v8 CIS 6 → Data Access Monitoring / Data_Access (High confidence).,2026-08-03T15:32:35Z
CIS Controls v8,v8,CIS 6 - Access Control Management,CIS 6,Privileged Access Monitoring,Authentication,High,High,High,Retain raw events for investigation and evidence review per policy; treat as high-value security telemetry.,Keep searchable through the investigation/audit window; archive thereafter per policy.,Preserve governance-relevant fields before indexing; avoid edge filtering that removes investigation evidence.,Tier 1,"privileged access, administrator, remote access, account activity, access rights",Authentication context is primary potential evidence for privileged access and admin logon activity.,https://www.cisecurity.org/controls/v8,"Framework control area classified to DIG governance capability, then capability mapped to Splunk CIM datamodel (seed patched 2026-08-03).",DIG seed - patched 2026-08-03,Potential CIM evidence seed: CIS Controls v8 CIS 6 → Privileged Access Monitoring / Authentication (High confidence).,2026-08-03T15:32:35Z
CIS Controls v8,v8,CIS 6 - Access Control Management,CIS 6,Privileged Access Monitoring,Change,High,High,High,Retain raw events for investigation and evidence review per policy; treat as high-value security telemetry.,Keep searchable through the investigation/audit window; archive thereafter per policy.,Preserve governance-relevant fields before indexing; avoid edge filtering that removes investigation evidence.,Tier 1,"privileged access, administrator, remote access, account activity, access rights",Administrative change events can support potential evidence of privileged configuration activity.,https://www.cisecurity.org/controls/v8,"Framework control area classified to DIG governance capability, then capability mapped to Splunk CIM datamodel (seed patched 2026-08-03).",DIG seed - patched 2026-08-03,Potential CIM evidence seed: CIS Controls v8 CIS 6 → Privileged Access Monitoring / Change (High confidence).,2026-08-03T15:32:35Z
CIS Controls v8,v8,CIS 7 - Continuous Vulnerability Management,CIS 7,Vulnerability Management,Updates,Medium-High,Medium,Medium,Retain where useful for investigation or operational validation; do not treat as universal mandatory retention.,Keep searchable for operational review; archive or reduce per policy when no longer needed.,Prefer preserving key fields at the edge; reduce volume only after confirming evidence fields remain.,Tier 1,"vulnerability, patching, remediation, updates, weaknesses",Patch/update telemetry can support potential evidence of remediation activity.,https://www.cisecurity.org/controls/v8,"Framework control area classified to DIG governance capability, then capability mapped to Splunk CIM datamodel (seed patched 2026-08-03).",DIG seed - patched 2026-08-03,Potential CIM evidence seed: CIS Controls v8 CIS 7 → Vulnerability Management / Updates (Medium confidence).,2026-08-03T15:32:35Z
CIS Controls v8,v8,CIS 7 - Continuous Vulnerability Management,CIS 7,Vulnerability Management,Vulnerabilities,Medium-High,High,Medium-High,Retain raw events where needed for investigation or operational validation; align to local retention policy.,Keep searchable for security operations and evidence review; archive per policy thereafter.,Do not filter governance-relevant fields before indexing; consider selective edge reduction only after validating required evidence.,Tier 1,"vulnerability, patching, remediation, updates, weaknesses",Vulnerability findings are primary potential evidence for continuous vulnerability management.,https://www.cisecurity.org/controls/v8,"Framework control area classified to DIG governance capability, then capability mapped to Splunk CIM datamodel (seed patched 2026-08-03).",DIG seed - patched 2026-08-03,Potential CIM evidence seed: CIS Controls v8 CIS 7 → Vulnerability Management / Vulnerabilities (High confidence).,2026-08-03T15:32:35Z
CIS Controls v8,v8,CIS 8 - Audit Log Management,CIS 8,Alerting and Detection,Alerts,High,High,High,Retain raw events for investigation and evidence review per policy; treat as high-value security telemetry.,Keep searchable through the investigation/audit window; archive thereafter per policy.,Preserve governance-relevant fields before indexing; avoid edge filtering that removes investigation evidence.,Tier 1,"alerts, detection, monitoring, intrusion, events, signatures",Alert outcomes are direct potential evidence of detection and monitoring activity.,https://www.cisecurity.org/controls/v8,"Framework control area classified to DIG governance capability, then capability mapped to Splunk CIM datamodel (seed patched 2026-08-03).",DIG seed - patched 2026-08-03,Potential CIM evidence seed: CIS Controls v8 CIS 8 → Alerting and Detection / Alerts (High confidence).,2026-08-03T15:32:35Z
CIS Controls v8,v8,CIS 8 - Audit Log Management,CIS 8,Alerting and Detection,Event_Signatures,High,Medium,Medium-High,Retain raw events where needed for investigation or operational validation; align to local retention policy.,Keep searchable for security operations and evidence review; archive per policy thereafter.,Do not filter governance-relevant fields before indexing; consider selective edge reduction only after validating required evidence.,Tier 1,"alerts, detection, monitoring, intrusion, events, signatures",Signature/rule-hit telemetry can support detection evidence where content-matching is used.,https://www.cisecurity.org/controls/v8,"Framework control area classified to DIG governance capability, then capability mapped to Splunk CIM datamodel (seed patched 2026-08-03).",DIG seed - patched 2026-08-03,Potential CIM evidence seed: CIS Controls v8 CIS 8 → Alerting and Detection / Event_Signatures (Medium confidence).,2026-08-03T15:32:35Z
CIS Controls v8,v8,CIS 8 - Audit Log Management,CIS 8,Alerting and Detection,Intrusion_Detection,High,Medium,Medium-High,Retain raw events where needed for investigation or operational validation; align to local retention policy.,Keep searchable for security operations and evidence review; archive per policy thereafter.,Do not filter governance-relevant fields before indexing; consider selective edge reduction only after validating required evidence.,Tier 1,"alerts, detection, monitoring, intrusion, events, signatures",IDS/IPS events can provide potential evidence of intrusion detection monitoring.,https://www.cisecurity.org/controls/v8,"Framework control area classified to DIG governance capability, then capability mapped to Splunk CIM datamodel (seed patched 2026-08-03).",DIG seed - patched 2026-08-03,Potential CIM evidence seed: CIS Controls v8 CIS 8 → Alerting and Detection / Intrusion_Detection (Medium confidence).,2026-08-03T15:32:35Z
CIS Controls v8,v8,CIS 8 - Audit Log Management,CIS 8,Authentication Monitoring,Authentication,High,High,High,Retain raw events for investigation and evidence review per policy; treat as high-value security telemetry.,Keep searchable through the investigation/audit window; archive thereafter per policy.,Preserve governance-relevant fields before indexing; avoid edge filtering that removes investigation evidence.,Tier 1,"authentication, logon, login, credentials, MFA, session, access attempt","Authentication events are direct potential evidence of logon, credential and session activity.",https://www.cisecurity.org/controls/v8,"Framework control area classified to DIG governance capability, then capability mapped to Splunk CIM datamodel (seed patched 2026-08-03).",DIG seed - patched 2026-08-03,Potential CIM evidence seed: CIS Controls v8 CIS 8 → Authentication Monitoring / Authentication (High confidence).,2026-08-03T15:32:35Z
CIS Controls v8,v8,CIS 8 - Audit Log Management,CIS 8,Endpoint Monitoring,Compute_Inventory,Medium-High,Medium,Medium,Retain where useful for investigation or operational validation; do not treat as universal mandatory retention.,Keep searchable for operational review; archive or reduce per policy when no longer needed.,Prefer preserving key fields at the edge; reduce volume only after confirming evidence fields remain.,Tier 2,"endpoint, system, host, device, process, workload, inventory",Asset/inventory telemetry can support potential evidence of enterprise asset and software inventory.,https://www.cisecurity.org/controls/v8,"Framework control area classified to DIG governance capability, then capability mapped to Splunk CIM datamodel (seed patched 2026-08-03).",DIG seed - patched 2026-08-03,Potential CIM evidence seed: CIS Controls v8 CIS 8 → Endpoint Monitoring / Compute_Inventory (Medium confidence).,2026-08-03T15:32:35Z
CIS Controls v8,v8,CIS 8 - Audit Log Management,CIS 8,Endpoint Monitoring,Endpoint,Medium-High,High,Medium-High,Retain raw events where needed for investigation or operational validation; align to local retention policy.,Keep searchable for security operations and evidence review; archive per policy thereafter.,Do not filter governance-relevant fields before indexing; consider selective edge reduction only after validating required evidence.,Tier 2,"endpoint, system, host, device, process, workload, inventory",Endpoint host/process telemetry is primary potential evidence for endpoint monitoring controls.,https://www.cisecurity.org/controls/v8,"Framework control area classified to DIG governance capability, then capability mapped to Splunk CIM datamodel (seed patched 2026-08-03).",DIG seed - patched 2026-08-03,Potential CIM evidence seed: CIS Controls v8 CIS 8 → Endpoint Monitoring / Endpoint (High confidence).,2026-08-03T15:32:35Z
CIS Controls v8,v8,CIS 8 - Audit Log Management,CIS 8,Network Monitoring,Network_Resolution,High,Medium,Medium-High,Retain raw events where needed for investigation or operational validation; align to local retention policy.,Keep searchable for security operations and evidence review; archive per policy thereafter.,Do not filter governance-relevant fields before indexing; consider selective edge reduction only after validating required evidence.,Tier 1,"network, traffic, connections, communications, DNS, segmentation, perimeter",DNS/name-resolution telemetry can support potential evidence of network visibility and resolution monitoring.,https://www.cisecurity.org/controls/v8,"Framework control area classified to DIG governance capability, then capability mapped to Splunk CIM datamodel (seed patched 2026-08-03).",DIG seed - patched 2026-08-03,Potential CIM evidence seed: CIS Controls v8 CIS 8 → Network Monitoring / Network_Resolution (Medium confidence).,2026-08-03T15:32:35Z
CIS Controls v8,v8,CIS 8 - Audit Log Management,CIS 8,Network Monitoring,Network_Sessions,High,Medium,Medium-High,Retain raw events where needed for investigation or operational validation; align to local retention policy.,Keep searchable for security operations and evidence review; archive per policy thereafter.,Do not filter governance-relevant fields before indexing; consider selective edge reduction only after validating required evidence.,Tier 1,"network, traffic, connections, communications, DNS, segmentation, perimeter",Session telemetry can support potential evidence of connection and communications monitoring.,https://www.cisecurity.org/controls/v8,"Framework control area classified to DIG governance capability, then capability mapped to Splunk CIM datamodel (seed patched 2026-08-03).",DIG seed - patched 2026-08-03,Potential CIM evidence seed: CIS Controls v8 CIS 8 → Network Monitoring / Network_Sessions (Medium confidence).,2026-08-03T15:32:35Z
CIS Controls v8,v8,CIS 8 - Audit Log Management,CIS 8,Network Monitoring,Network_Traffic,High,High,High,Retain raw events for investigation and evidence review per policy; treat as high-value security telemetry.,Keep searchable through the investigation/audit window; archive thereafter per policy.,Preserve governance-relevant fields before indexing; avoid edge filtering that removes investigation evidence.,Tier 1,"network, traffic, connections, communications, DNS, segmentation, perimeter",Network traffic events are primary potential evidence for network monitoring and defense controls.,https://www.cisecurity.org/controls/v8,"Framework control area classified to DIG governance capability, then capability mapped to Splunk CIM datamodel (seed patched 2026-08-03).",DIG seed - patched 2026-08-03,Potential CIM evidence seed: CIS Controls v8 CIS 8 → Network Monitoring / Network_Traffic (High confidence).,2026-08-03T15:32:35Z
CIS Controls v8,v8,CIS 9 - Email and Web Browser Protections,CIS 9,Email Monitoring,Email,Medium-High,High,Medium-High,Retain raw events where needed for investigation or operational validation; align to local retention policy.,Keep searchable for security operations and evidence review; archive per policy thereafter.,Do not filter governance-relevant fields before indexing; consider selective edge reduction only after validating required evidence.,Tier 2,"email, phishing, mail, messaging",Email telemetry is direct potential evidence for email security and messaging controls.,https://www.cisecurity.org/controls/v8,"Framework control area classified to DIG governance capability, then capability mapped to Splunk CIM datamodel (seed patched 2026-08-03).",DIG seed - patched 2026-08-03,Potential CIM evidence seed: CIS Controls v8 CIS 9 → Email Monitoring / Email (High confidence).,2026-08-03T15:32:35Z
CIS Controls v8,v8,CIS 9 - Email and Web Browser Protections,CIS 9,Web Activity Monitoring,Web,Medium-High,High,Medium-High,Retain raw events where needed for investigation or operational validation; align to local retention policy.,Keep searchable for security operations and evidence review; archive per policy thereafter.,Do not filter governance-relevant fields before indexing; consider selective edge reduction only after validating required evidence.,Tier 2,"web, HTTP, browsing, proxy, internet access, web application",Web proxy/activity telemetry is direct potential evidence for web filtering and web-use controls.,https://www.cisecurity.org/controls/v8,"Framework control area classified to DIG governance capability, then capability mapped to Splunk CIM datamodel (seed patched 2026-08-03).",DIG seed - patched 2026-08-03,Potential CIM evidence seed: CIS Controls v8 CIS 9 → Web Activity Monitoring / Web (High confidence).,2026-08-03T15:32:35Z
DORA,Regulation (EU) 2022/2554,Art 10 - Detection,Art 10,Alerting and Detection,Alerts,High,High,High,Retain raw events for investigation and evidence review per policy; treat as high-value security telemetry.,Keep searchable through the investigation/audit window; archive thereafter per policy.,Preserve governance-relevant fields before indexing; avoid edge filtering that removes investigation evidence.,Tier 1,"alerts, detection, monitoring, intrusion, events, signatures",Alert outcomes are direct potential evidence of detection and monitoring activity.,https://eur-lex.europa.eu/eli/reg/2022/2554/oj/eng,"Framework control area classified to DIG governance capability, then capability mapped to Splunk CIM datamodel (seed patched 2026-08-03).",DIG seed - patched 2026-08-03,Potential CIM evidence seed: DORA Art 10 → Alerting and Detection / Alerts (High confidence).,2026-08-03T15:32:35Z
DORA,Regulation (EU) 2022/2554,Art 10 - Detection,Art 10,Alerting and Detection,Event_Signatures,High,Medium,Medium-High,Retain raw events where needed for investigation or operational validation; align to local retention policy.,Keep searchable for security operations and evidence review; archive per policy thereafter.,Do not filter governance-relevant fields before indexing; consider selective edge reduction only after validating required evidence.,Tier 1,"alerts, detection, monitoring, intrusion, events, signatures",Signature/rule-hit telemetry can support detection evidence where content-matching is used.,https://eur-lex.europa.eu/eli/reg/2022/2554/oj/eng,"Framework control area classified to DIG governance capability, then capability mapped to Splunk CIM datamodel (seed patched 2026-08-03).",DIG seed - patched 2026-08-03,Potential CIM evidence seed: DORA Art 10 → Alerting and Detection / Event_Signatures (Medium confidence).,2026-08-03T15:32:35Z
DORA,Regulation (EU) 2022/2554,Art 10 - Detection,Art 10,Alerting and Detection,Intrusion_Detection,High,Medium,Medium-High,Retain raw events where needed for investigation or operational validation; align to local retention policy.,Keep searchable for security operations and evidence review; archive per policy thereafter.,Do not filter governance-relevant fields before indexing; consider selective edge reduction only after validating required evidence.,Tier 1,"alerts, detection, monitoring, intrusion, events, signatures",IDS/IPS events can provide potential evidence of intrusion detection monitoring.,https://eur-lex.europa.eu/eli/reg/2022/2554/oj/eng,"Framework control area classified to DIG governance capability, then capability mapped to Splunk CIM datamodel (seed patched 2026-08-03).",DIG seed - patched 2026-08-03,Potential CIM evidence seed: DORA Art 10 → Alerting and Detection / Intrusion_Detection (Medium confidence).,2026-08-03T15:32:35Z
DORA,Regulation (EU) 2022/2554,Art 10 - Detection,Art 10,Authentication Monitoring,Authentication,High,High,High,Retain raw events for investigation and evidence review per policy; treat as high-value security telemetry.,Keep searchable through the investigation/audit window; archive thereafter per policy.,Preserve governance-relevant fields before indexing; avoid edge filtering that removes investigation evidence.,Tier 1,"authentication, logon, login, credentials, MFA, session, access attempt","Authentication events are direct potential evidence of logon, credential and session activity.",https://eur-lex.europa.eu/eli/reg/2022/2554/oj/eng,"Framework control area classified to DIG governance capability, then capability mapped to Splunk CIM datamodel (seed patched 2026-08-03).",DIG seed - patched 2026-08-03,Potential CIM evidence seed: DORA Art 10 → Authentication Monitoring / Authentication (High confidence).,2026-08-03T15:32:35Z
DORA,Regulation (EU) 2022/2554,Art 10 - Detection,Art 10,Endpoint Monitoring,Compute_Inventory,Medium-High,Medium,Medium,Retain where useful for investigation or operational validation; do not treat as universal mandatory retention.,Keep searchable for operational review; archive or reduce per policy when no longer needed.,Prefer preserving key fields at the edge; reduce volume only after confirming evidence fields remain.,Tier 2,"endpoint, system, host, device, process, workload, inventory",Asset/inventory telemetry can support potential evidence of enterprise asset and software inventory.,https://eur-lex.europa.eu/eli/reg/2022/2554/oj/eng,"Framework control area classified to DIG governance capability, then capability mapped to Splunk CIM datamodel (seed patched 2026-08-03).",DIG seed - patched 2026-08-03,Potential CIM evidence seed: DORA Art 10 → Endpoint Monitoring / Compute_Inventory (Medium confidence).,2026-08-03T15:32:35Z
DORA,Regulation (EU) 2022/2554,Art 10 - Detection,Art 10,Endpoint Monitoring,Endpoint,Medium-High,High,Medium-High,Retain raw events where needed for investigation or operational validation; align to local retention policy.,Keep searchable for security operations and evidence review; archive per policy thereafter.,Do not filter governance-relevant fields before indexing; consider selective edge reduction only after validating required evidence.,Tier 2,"endpoint, system, host, device, process, workload, inventory",Endpoint host/process telemetry is primary potential evidence for endpoint monitoring controls.,https://eur-lex.europa.eu/eli/reg/2022/2554/oj/eng,"Framework control area classified to DIG governance capability, then capability mapped to Splunk CIM datamodel (seed patched 2026-08-03).",DIG seed - patched 2026-08-03,Potential CIM evidence seed: DORA Art 10 → Endpoint Monitoring / Endpoint (High confidence).,2026-08-03T15:32:35Z
DORA,Regulation (EU) 2022/2554,Art 10 - Detection,Art 10,Network Monitoring,Network_Resolution,High,Medium,Medium-High,Retain raw events where needed for investigation or operational validation; align to local retention policy.,Keep searchable for security operations and evidence review; archive per policy thereafter.,Do not filter governance-relevant fields before indexing; consider selective edge reduction only after validating required evidence.,Tier 1,"network, traffic, connections, communications, DNS, segmentation, perimeter",DNS/name-resolution telemetry can support potential evidence of network visibility and resolution monitoring.,https://eur-lex.europa.eu/eli/reg/2022/2554/oj/eng,"Framework control area classified to DIG governance capability, then capability mapped to Splunk CIM datamodel (seed patched 2026-08-03).",DIG seed - patched 2026-08-03,Potential CIM evidence seed: DORA Art 10 → Network Monitoring / Network_Resolution (Medium confidence).,2026-08-03T15:32:35Z
DORA,Regulation (EU) 2022/2554,Art 10 - Detection,Art 10,Network Monitoring,Network_Sessions,High,Medium,Medium-High,Retain raw events where needed for investigation or operational validation; align to local retention policy.,Keep searchable for security operations and evidence review; archive per policy thereafter.,Do not filter governance-relevant fields before indexing; consider selective edge reduction only after validating required evidence.,Tier 1,"network, traffic, connections, communications, DNS, segmentation, perimeter",Session telemetry can support potential evidence of connection and communications monitoring.,https://eur-lex.europa.eu/eli/reg/2022/2554/oj/eng,"Framework control area classified to DIG governance capability, then capability mapped to Splunk CIM datamodel (seed patched 2026-08-03).",DIG seed - patched 2026-08-03,Potential CIM evidence seed: DORA Art 10 → Network Monitoring / Network_Sessions (Medium confidence).,2026-08-03T15:32:35Z
DORA,Regulation (EU) 2022/2554,Art 10 - Detection,Art 10,Network Monitoring,Network_Traffic,High,High,High,Retain raw events for investigation and evidence review per policy; treat as high-value security telemetry.,Keep searchable through the investigation/audit window; archive thereafter per policy.,Preserve governance-relevant fields before indexing; avoid edge filtering that removes investigation evidence.,Tier 1,"network, traffic, connections, communications, DNS, segmentation, perimeter",Network traffic events are primary potential evidence for network monitoring and defense controls.,https://eur-lex.europa.eu/eli/reg/2022/2554/oj/eng,"Framework control area classified to DIG governance capability, then capability mapped to Splunk CIM datamodel (seed patched 2026-08-03).",DIG seed - patched 2026-08-03,Potential CIM evidence seed: DORA Art 10 → Network Monitoring / Network_Traffic (High confidence).,2026-08-03T15:32:35Z
DORA,Regulation (EU) 2022/2554,Art 11 - Response and Recovery,Art 11,Application and Service Resilience,Databases,Medium,Medium,Low,Retention is optional guidance only; prioritize higher-confidence governance evidence sources first.,Short searchable window is usually sufficient; archive or drop per policy.,Edge reduction is acceptable if higher-confidence evidence sources remain intact for the same control area.,Tier 2,"availability, resilience, performance, service, application, database, processing integrity",Database health and access telemetry can support service-resilience evidence for data-tier workloads.,https://eur-lex.europa.eu/eli/reg/2022/2554/oj/eng,"Framework control area classified to DIG governance capability, then capability mapped to Splunk CIM datamodel (seed patched 2026-08-03).",DIG seed - patched 2026-08-03,Potential CIM evidence seed: DORA Art 11 → Application and Service Resilience / Databases (Medium confidence).,2026-08-03T15:32:35Z
DORA,Regulation (EU) 2022/2554,Art 11 - Response and Recovery,Art 11,Application and Service Resilience,Performance,Medium,Medium,Low,Retention is optional guidance only; prioritize higher-confidence governance evidence sources first.,Short searchable window is usually sufficient; archive or drop per policy.,Edge reduction is acceptable if higher-confidence evidence sources remain intact for the same control area.,Tier 2,"availability, resilience, performance, service, application, database, processing integrity",Performance and availability metrics are primary potential evidence for operational resilience controls.,https://eur-lex.europa.eu/eli/reg/2022/2554/oj/eng,"Framework control area classified to DIG governance capability, then capability mapped to Splunk CIM datamodel (seed patched 2026-08-03).",DIG seed - patched 2026-08-03,Potential CIM evidence seed: DORA Art 11 → Application and Service Resilience / Performance (Medium confidence).,2026-08-03T15:32:35Z
DORA,Regulation (EU) 2022/2554,Art 11 - Response and Recovery,Art 11,Incident and Case Management,Alerts,High,High,High,Retain raw events for investigation and evidence review per policy; treat as high-value security telemetry.,Keep searchable through the investigation/audit window; archive thereafter per policy.,Preserve governance-relevant fields before indexing; avoid edge filtering that removes investigation evidence.,Tier 1,"incident, response, case, escalation, ticket, reporting",Alert records can support potential evidence of incident detection handoff into response workflows.,https://eur-lex.europa.eu/eli/reg/2022/2554/oj/eng,"Framework control area classified to DIG governance capability, then capability mapped to Splunk CIM datamodel (seed patched 2026-08-03).",DIG seed - patched 2026-08-03,Potential CIM evidence seed: DORA Art 11 → Incident and Case Management / Alerts (High confidence).,2026-08-03T15:32:35Z
DORA,Regulation (EU) 2022/2554,Art 11 - Response and Recovery,Art 11,Incident and Case Management,Ticket_Management,High,High,High,Retain raw events for investigation and evidence review per policy; treat as high-value security telemetry.,Keep searchable through the investigation/audit window; archive thereafter per policy.,Preserve governance-relevant fields before indexing; avoid edge filtering that removes investigation evidence.,Tier 1,"incident, response, case, escalation, ticket, reporting",Ticket/case telemetry is primary potential evidence for incident and case-handling workflows.,https://eur-lex.europa.eu/eli/reg/2022/2554/oj/eng,"Framework control area classified to DIG governance capability, then capability mapped to Splunk CIM datamodel (seed patched 2026-08-03).",DIG seed - patched 2026-08-03,Potential CIM evidence seed: DORA Art 11 → Incident and Case Management / Ticket_Management (High confidence).,2026-08-03T15:32:35Z
DORA,Regulation (EU) 2022/2554,Art 9 - Protection and Prevention,Art 9,Authentication Monitoring,Authentication,High,High,High,Retain raw events for investigation and evidence review per policy; treat as high-value security telemetry.,Keep searchable through the investigation/audit window; archive thereafter per policy.,Preserve governance-relevant fields before indexing; avoid edge filtering that removes investigation evidence.,Tier 1,"authentication, logon, login, credentials, MFA, session, access attempt","Authentication events are direct potential evidence of logon, credential and session activity.",https://eur-lex.europa.eu/eli/reg/2022/2554/oj/eng,"Framework control area classified to DIG governance capability, then capability mapped to Splunk CIM datamodel (seed patched 2026-08-03).",DIG seed - patched 2026-08-03,Potential CIM evidence seed: DORA Art 9 → Authentication Monitoring / Authentication (High confidence).,2026-08-03T15:32:35Z
DORA,Regulation (EU) 2022/2554,Art 9 - Protection and Prevention,Art 9,Endpoint Monitoring,Compute_Inventory,Medium-High,Medium,Medium,Retain where useful for investigation or operational validation; do not treat as universal mandatory retention.,Keep searchable for operational review; archive or reduce per policy when no longer needed.,Prefer preserving key fields at the edge; reduce volume only after confirming evidence fields remain.,Tier 2,"endpoint, system, host, device, process, workload, inventory",Asset/inventory telemetry can support potential evidence of enterprise asset and software inventory.,https://eur-lex.europa.eu/eli/reg/2022/2554/oj/eng,"Framework control area classified to DIG governance capability, then capability mapped to Splunk CIM datamodel (seed patched 2026-08-03).",DIG seed - patched 2026-08-03,Potential CIM evidence seed: DORA Art 9 → Endpoint Monitoring / Compute_Inventory (Medium confidence).,2026-08-03T15:32:35Z
DORA,Regulation (EU) 2022/2554,Art 9 - Protection and Prevention,Art 9,Endpoint Monitoring,Endpoint,Medium-High,High,Medium-High,Retain raw events where needed for investigation or operational validation; align to local retention policy.,Keep searchable for security operations and evidence review; archive per policy thereafter.,Do not filter governance-relevant fields before indexing; consider selective edge reduction only after validating required evidence.,Tier 2,"endpoint, system, host, device, process, workload, inventory",Endpoint host/process telemetry is primary potential evidence for endpoint monitoring controls.,https://eur-lex.europa.eu/eli/reg/2022/2554/oj/eng,"Framework control area classified to DIG governance capability, then capability mapped to Splunk CIM datamodel (seed patched 2026-08-03).",DIG seed - patched 2026-08-03,Potential CIM evidence seed: DORA Art 9 → Endpoint Monitoring / Endpoint (High confidence).,2026-08-03T15:32:35Z
DORA,Regulation (EU) 2022/2554,Art 9 - Protection and Prevention,Art 9,Malware Monitoring,Endpoint,Medium-High,Medium,Medium,Retain where useful for investigation or operational validation; do not treat as universal mandatory retention.,Keep searchable for operational review; archive or reduce per policy when no longer needed.,Prefer preserving key fields at the edge; reduce volume only after confirming evidence fields remain.,Tier 2,"malware, malicious code, anti-malware, malicious activity",Endpoint process/file telemetry can support malware investigations as secondary host context only.,https://eur-lex.europa.eu/eli/reg/2022/2554/oj/eng,"Framework control area classified to DIG governance capability, then capability mapped to Splunk CIM datamodel (seed patched 2026-08-03).",DIG seed - patched 2026-08-03,Potential CIM evidence seed: DORA Art 9 → Malware Monitoring / Endpoint (Medium confidence).,2026-08-03T15:32:35Z
DORA,Regulation (EU) 2022/2554,Art 9 - Protection and Prevention,Art 9,Malware Monitoring,Malware,Medium-High,High,Medium-High,Retain raw events where needed for investigation or operational validation; align to local retention policy.,Keep searchable for security operations and evidence review; archive per policy thereafter.,Do not filter governance-relevant fields before indexing; consider selective edge reduction only after validating required evidence.,Tier 1,"malware, malicious code, anti-malware, malicious activity",Malware detection and protection events are primary potential evidence for malware-defense controls.,https://eur-lex.europa.eu/eli/reg/2022/2554/oj/eng,"Framework control area classified to DIG governance capability, then capability mapped to Splunk CIM datamodel (seed patched 2026-08-03).",DIG seed - patched 2026-08-03,Potential CIM evidence seed: DORA Art 9 → Malware Monitoring / Malware (High confidence).,2026-08-03T15:32:35Z
DORA,Regulation (EU) 2022/2554,Art 9 - Protection and Prevention,Art 9,Network Monitoring,Network_Resolution,High,Medium,Medium-High,Retain raw events where needed for investigation or operational validation; align to local retention policy.,Keep searchable for security operations and evidence review; archive per policy thereafter.,Do not filter governance-relevant fields before indexing; consider selective edge reduction only after validating required evidence.,Tier 1,"network, traffic, connections, communications, DNS, segmentation, perimeter",DNS/name-resolution telemetry can support potential evidence of network visibility and resolution monitoring.,https://eur-lex.europa.eu/eli/reg/2022/2554/oj/eng,"Framework control area classified to DIG governance capability, then capability mapped to Splunk CIM datamodel (seed patched 2026-08-03).",DIG seed - patched 2026-08-03,Potential CIM evidence seed: DORA Art 9 → Network Monitoring / Network_Resolution (Medium confidence).,2026-08-03T15:32:35Z
DORA,Regulation (EU) 2022/2554,Art 9 - Protection and Prevention,Art 9,Network Monitoring,Network_Sessions,High,Medium,Medium-High,Retain raw events where needed for investigation or operational validation; align to local retention policy.,Keep searchable for security operations and evidence review; archive per policy thereafter.,Do not filter governance-relevant fields before indexing; consider selective edge reduction only after validating required evidence.,Tier 1,"network, traffic, connections, communications, DNS, segmentation, perimeter",Session telemetry can support potential evidence of connection and communications monitoring.,https://eur-lex.europa.eu/eli/reg/2022/2554/oj/eng,"Framework control area classified to DIG governance capability, then capability mapped to Splunk CIM datamodel (seed patched 2026-08-03).",DIG seed - patched 2026-08-03,Potential CIM evidence seed: DORA Art 9 → Network Monitoring / Network_Sessions (Medium confidence).,2026-08-03T15:32:35Z
DORA,Regulation (EU) 2022/2554,Art 9 - Protection and Prevention,Art 9,Network Monitoring,Network_Traffic,High,High,High,Retain raw events for investigation and evidence review per policy; treat as high-value security telemetry.,Keep searchable through the investigation/audit window; archive thereafter per policy.,Preserve governance-relevant fields before indexing; avoid edge filtering that removes investigation evidence.,Tier 1,"network, traffic, connections, communications, DNS, segmentation, perimeter",Network traffic events are primary potential evidence for network monitoring and defense controls.,https://eur-lex.europa.eu/eli/reg/2022/2554/oj/eng,"Framework control area classified to DIG governance capability, then capability mapped to Splunk CIM datamodel (seed patched 2026-08-03).",DIG seed - patched 2026-08-03,Potential CIM evidence seed: DORA Art 9 → Network Monitoring / Network_Traffic (High confidence).,2026-08-03T15:32:35Z
DORA,Regulation (EU) 2022/2554,Chapter II - ICT Risk Management,Chapter II,Application and Service Resilience,Databases,Medium,Medium,Low,Retention is optional guidance only; prioritize higher-confidence governance evidence sources first.,Short searchable window is usually sufficient; archive or drop per policy.,Edge reduction is acceptable if higher-confidence evidence sources remain intact for the same control area.,Tier 2,"availability, resilience, performance, service, application, database, processing integrity",Database health and access telemetry can support service-resilience evidence for data-tier workloads.,https://eur-lex.europa.eu/eli/reg/2022/2554/oj/eng,"Framework control area classified to DIG governance capability, then capability mapped to Splunk CIM datamodel (seed patched 2026-08-03).",DIG seed - patched 2026-08-03,Potential CIM evidence seed: DORA Chapter II → Application and Service Resilience / Databases (Medium confidence).,2026-08-03T15:32:35Z
DORA,Regulation (EU) 2022/2554,Chapter II - ICT Risk Management,Chapter II,Application and Service Resilience,Performance,Medium,Medium,Low,Retention is optional guidance only; prioritize higher-confidence governance evidence sources first.,Short searchable window is usually sufficient; archive or drop per policy.,Edge reduction is acceptable if higher-confidence evidence sources remain intact for the same control area.,Tier 2,"availability, resilience, performance, service, application, database, processing integrity",Performance and availability metrics are primary potential evidence for operational resilience controls.,https://eur-lex.europa.eu/eli/reg/2022/2554/oj/eng,"Framework control area classified to DIG governance capability, then capability mapped to Splunk CIM datamodel (seed patched 2026-08-03).",DIG seed - patched 2026-08-03,Potential CIM evidence seed: DORA Chapter II → Application and Service Resilience / Performance (Medium confidence).,2026-08-03T15:32:35Z
DORA,Regulation (EU) 2022/2554,Chapter II - ICT Risk Management,Chapter II,Change Monitoring,Change,Medium-High,High,Medium-High,Retain raw events where needed for investigation or operational validation; align to local retention policy.,Keep searchable for security operations and evidence review; archive per policy thereafter.,Do not filter governance-relevant fields before indexing; consider selective edge reduction only after validating required evidence.,Tier 2,"change, configuration, system changes, modification, integrity",Change events are direct potential evidence of configuration and system modifications.,https://eur-lex.europa.eu/eli/reg/2022/2554/oj/eng,"Framework control area classified to DIG governance capability, then capability mapped to Splunk CIM datamodel (seed patched 2026-08-03).",DIG seed - patched 2026-08-03,Potential CIM evidence seed: DORA Chapter II → Change Monitoring / Change (High confidence).,2026-08-03T15:32:35Z
DORA,Regulation (EU) 2022/2554,Chapter II - ICT Risk Management,Chapter II,Endpoint Monitoring,Compute_Inventory,Medium-High,Medium,Medium,Retain where useful for investigation or operational validation; do not treat as universal mandatory retention.,Keep searchable for operational review; archive or reduce per policy when no longer needed.,Prefer preserving key fields at the edge; reduce volume only after confirming evidence fields remain.,Tier 2,"endpoint, system, host, device, process, workload, inventory",Asset/inventory telemetry can support potential evidence of enterprise asset and software inventory.,https://eur-lex.europa.eu/eli/reg/2022/2554/oj/eng,"Framework control area classified to DIG governance capability, then capability mapped to Splunk CIM datamodel (seed patched 2026-08-03).",DIG seed - patched 2026-08-03,Potential CIM evidence seed: DORA Chapter II → Endpoint Monitoring / Compute_Inventory (Medium confidence).,2026-08-03T15:32:35Z
DORA,Regulation (EU) 2022/2554,Chapter II - ICT Risk Management,Chapter II,Endpoint Monitoring,Endpoint,Medium-High,High,Medium-High,Retain raw events where needed for investigation or operational validation; align to local retention policy.,Keep searchable for security operations and evidence review; archive per policy thereafter.,Do not filter governance-relevant fields before indexing; consider selective edge reduction only after validating required evidence.,Tier 2,"endpoint, system, host, device, process, workload, inventory",Endpoint host/process telemetry is primary potential evidence for endpoint monitoring controls.,https://eur-lex.europa.eu/eli/reg/2022/2554/oj/eng,"Framework control area classified to DIG governance capability, then capability mapped to Splunk CIM datamodel (seed patched 2026-08-03).",DIG seed - patched 2026-08-03,Potential CIM evidence seed: DORA Chapter II → Endpoint Monitoring / Endpoint (High confidence).,2026-08-03T15:32:35Z
DORA,Regulation (EU) 2022/2554,Chapter II - ICT Risk Management,Chapter II,Network Monitoring,Network_Resolution,High,Medium,Medium-High,Retain raw events where needed for investigation or operational validation; align to local retention policy.,Keep searchable for security operations and evidence review; archive per policy thereafter.,Do not filter governance-relevant fields before indexing; consider selective edge reduction only after validating required evidence.,Tier 1,"network, traffic, connections, communications, DNS, segmentation, perimeter",DNS/name-resolution telemetry can support potential evidence of network visibility and resolution monitoring.,https://eur-lex.europa.eu/eli/reg/2022/2554/oj/eng,"Framework control area classified to DIG governance capability, then capability mapped to Splunk CIM datamodel (seed patched 2026-08-03).",DIG seed - patched 2026-08-03,Potential CIM evidence seed: DORA Chapter II → Network Monitoring / Network_Resolution (Medium confidence).,2026-08-03T15:32:35Z
DORA,Regulation (EU) 2022/2554,Chapter II - ICT Risk Management,Chapter II,Network Monitoring,Network_Sessions,High,Medium,Medium-High,Retain raw events where needed for investigation or operational validation; align to local retention policy.,Keep searchable for security operations and evidence review; archive per policy thereafter.,Do not filter governance-relevant fields before indexing; consider selective edge reduction only after validating required evidence.,Tier 1,"network, traffic, connections, communications, DNS, segmentation, perimeter",Session telemetry can support potential evidence of connection and communications monitoring.,https://eur-lex.europa.eu/eli/reg/2022/2554/oj/eng,"Framework control area classified to DIG governance capability, then capability mapped to Splunk CIM datamodel (seed patched 2026-08-03).",DIG seed - patched 2026-08-03,Potential CIM evidence seed: DORA Chapter II → Network Monitoring / Network_Sessions (Medium confidence).,2026-08-03T15:32:35Z
DORA,Regulation (EU) 2022/2554,Chapter II - ICT Risk Management,Chapter II,Network Monitoring,Network_Traffic,High,High,High,Retain raw events for investigation and evidence review per policy; treat as high-value security telemetry.,Keep searchable through the investigation/audit window; archive thereafter per policy.,Preserve governance-relevant fields before indexing; avoid edge filtering that removes investigation evidence.,Tier 1,"network, traffic, connections, communications, DNS, segmentation, perimeter",Network traffic events are primary potential evidence for network monitoring and defense controls.,https://eur-lex.europa.eu/eli/reg/2022/2554/oj/eng,"Framework control area classified to DIG governance capability, then capability mapped to Splunk CIM datamodel (seed patched 2026-08-03).",DIG seed - patched 2026-08-03,Potential CIM evidence seed: DORA Chapter II → Network Monitoring / Network_Traffic (High confidence).,2026-08-03T15:32:35Z
DORA,Regulation (EU) 2022/2554,Chapter II - ICT Risk Management,Chapter II,Vulnerability Management,Updates,Medium-High,Medium,Medium,Retain where useful for investigation or operational validation; do not treat as universal mandatory retention.,Keep searchable for operational review; archive or reduce per policy when no longer needed.,Prefer preserving key fields at the edge; reduce volume only after confirming evidence fields remain.,Tier 1,"vulnerability, patching, remediation, updates, weaknesses",Patch/update telemetry can support potential evidence of remediation activity.,https://eur-lex.europa.eu/eli/reg/2022/2554/oj/eng,"Framework control area classified to DIG governance capability, then capability mapped to Splunk CIM datamodel (seed patched 2026-08-03).",DIG seed - patched 2026-08-03,Potential CIM evidence seed: DORA Chapter II → Vulnerability Management / Updates (Medium confidence).,2026-08-03T15:32:35Z
DORA,Regulation (EU) 2022/2554,Chapter II - ICT Risk Management,Chapter II,Vulnerability Management,Vulnerabilities,Medium-High,High,Medium-High,Retain raw events where needed for investigation or operational validation; align to local retention policy.,Keep searchable for security operations and evidence review; archive per policy thereafter.,Do not filter governance-relevant fields before indexing; consider selective edge reduction only after validating required evidence.,Tier 1,"vulnerability, patching, remediation, updates, weaknesses",Vulnerability findings are primary potential evidence for continuous vulnerability management.,https://eur-lex.europa.eu/eli/reg/2022/2554/oj/eng,"Framework control area classified to DIG governance capability, then capability mapped to Splunk CIM datamodel (seed patched 2026-08-03).",DIG seed - patched 2026-08-03,Potential CIM evidence seed: DORA Chapter II → Vulnerability Management / Vulnerabilities (High confidence).,2026-08-03T15:32:35Z
DORA,Regulation (EU) 2022/2554,Chapter III - ICT Incident Management Reporting,Chapter III,Alerting and Detection,Alerts,High,High,High,Retain raw events for investigation and evidence review per policy; treat as high-value security telemetry.,Keep searchable through the investigation/audit window; archive thereafter per policy.,Preserve governance-relevant fields before indexing; avoid edge filtering that removes investigation evidence.,Tier 1,"alerts, detection, monitoring, intrusion, events, signatures",Alert outcomes are direct potential evidence of detection and monitoring activity.,https://eur-lex.europa.eu/eli/reg/2022/2554/oj/eng,"Framework control area classified to DIG governance capability, then capability mapped to Splunk CIM datamodel (seed patched 2026-08-03).",DIG seed - patched 2026-08-03,Potential CIM evidence seed: DORA Chapter III → Alerting and Detection / Alerts (High confidence).,2026-08-03T15:32:35Z
DORA,Regulation (EU) 2022/2554,Chapter III - ICT Incident Management Reporting,Chapter III,Alerting and Detection,Event_Signatures,High,Medium,Medium-High,Retain raw events where needed for investigation or operational validation; align to local retention policy.,Keep searchable for security operations and evidence review; archive per policy thereafter.,Do not filter governance-relevant fields before indexing; consider selective edge reduction only after validating required evidence.,Tier 1,"alerts, detection, monitoring, intrusion, events, signatures",Signature/rule-hit telemetry can support detection evidence where content-matching is used.,https://eur-lex.europa.eu/eli/reg/2022/2554/oj/eng,"Framework control area classified to DIG governance capability, then capability mapped to Splunk CIM datamodel (seed patched 2026-08-03).",DIG seed - patched 2026-08-03,Potential CIM evidence seed: DORA Chapter III → Alerting and Detection / Event_Signatures (Medium confidence).,2026-08-03T15:32:35Z
DORA,Regulation (EU) 2022/2554,Chapter III - ICT Incident Management Reporting,Chapter III,Alerting and Detection,Intrusion_Detection,High,Medium,Medium-High,Retain raw events where needed for investigation or operational validation; align to local retention policy.,Keep searchable for security operations and evidence review; archive per policy thereafter.,Do not filter governance-relevant fields before indexing; consider selective edge reduction only after validating required evidence.,Tier 1,"alerts, detection, monitoring, intrusion, events, signatures",IDS/IPS events can provide potential evidence of intrusion detection monitoring.,https://eur-lex.europa.eu/eli/reg/2022/2554/oj/eng,"Framework control area classified to DIG governance capability, then capability mapped to Splunk CIM datamodel (seed patched 2026-08-03).",DIG seed - patched 2026-08-03,Potential CIM evidence seed: DORA Chapter III → Alerting and Detection / Intrusion_Detection (Medium confidence).,2026-08-03T15:32:35Z
DORA,Regulation (EU) 2022/2554,Chapter III - ICT Incident Management Reporting,Chapter III,Incident and Case Management,Alerts,High,High,High,Retain raw events for investigation and evidence review per policy; treat as high-value security telemetry.,Keep searchable through the investigation/audit window; archive thereafter per policy.,Preserve governance-relevant fields before indexing; avoid edge filtering that removes investigation evidence.,Tier 1,"incident, response, case, escalation, ticket, reporting",Alert records can support potential evidence of incident detection handoff into response workflows.,https://eur-lex.europa.eu/eli/reg/2022/2554/oj/eng,"Framework control area classified to DIG governance capability, then capability mapped to Splunk CIM datamodel (seed patched 2026-08-03).",DIG seed - patched 2026-08-03,Potential CIM evidence seed: DORA Chapter III → Incident and Case Management / Alerts (High confidence).,2026-08-03T15:32:35Z
DORA,Regulation (EU) 2022/2554,Chapter III - ICT Incident Management Reporting,Chapter III,Incident and Case Management,Ticket_Management,High,High,High,Retain raw events for investigation and evidence review per policy; treat as high-value security telemetry.,Keep searchable through the investigation/audit window; archive thereafter per policy.,Preserve governance-relevant fields before indexing; avoid edge filtering that removes investigation evidence.,Tier 1,"incident, response, case, escalation, ticket, reporting",Ticket/case telemetry is primary potential evidence for incident and case-handling workflows.,https://eur-lex.europa.eu/eli/reg/2022/2554/oj/eng,"Framework control area classified to DIG governance capability, then capability mapped to Splunk CIM datamodel (seed patched 2026-08-03).",DIG seed - patched 2026-08-03,Potential CIM evidence seed: DORA Chapter III → Incident and Case Management / Ticket_Management (High confidence).,2026-08-03T15:32:35Z
DORA,Regulation (EU) 2022/2554,Chapter IV - Digital Operational Resilience Testing,Chapter IV,Alerting and Detection,Alerts,High,High,High,Retain raw events for investigation and evidence review per policy; treat as high-value security telemetry.,Keep searchable through the investigation/audit window; archive thereafter per policy.,Preserve governance-relevant fields before indexing; avoid edge filtering that removes investigation evidence.,Tier 1,"alerts, detection, monitoring, intrusion, events, signatures",Alert outcomes are direct potential evidence of detection and monitoring activity.,https://eur-lex.europa.eu/eli/reg/2022/2554/oj/eng,"Framework control area classified to DIG governance capability, then capability mapped to Splunk CIM datamodel (seed patched 2026-08-03).",DIG seed - patched 2026-08-03,Potential CIM evidence seed: DORA Chapter IV → Alerting and Detection / Alerts (High confidence).,2026-08-03T15:32:35Z
DORA,Regulation (EU) 2022/2554,Chapter IV - Digital Operational Resilience Testing,Chapter IV,Alerting and Detection,Event_Signatures,High,Medium,Medium-High,Retain raw events where needed for investigation or operational validation; align to local retention policy.,Keep searchable for security operations and evidence review; archive per policy thereafter.,Do not filter governance-relevant fields before indexing; consider selective edge reduction only after validating required evidence.,Tier 1,"alerts, detection, monitoring, intrusion, events, signatures",Signature/rule-hit telemetry can support detection evidence where content-matching is used.,https://eur-lex.europa.eu/eli/reg/2022/2554/oj/eng,"Framework control area classified to DIG governance capability, then capability mapped to Splunk CIM datamodel (seed patched 2026-08-03).",DIG seed - patched 2026-08-03,Potential CIM evidence seed: DORA Chapter IV → Alerting and Detection / Event_Signatures (Medium confidence).,2026-08-03T15:32:35Z
DORA,Regulation (EU) 2022/2554,Chapter IV - Digital Operational Resilience Testing,Chapter IV,Alerting and Detection,Intrusion_Detection,High,Medium,Medium-High,Retain raw events where needed for investigation or operational validation; align to local retention policy.,Keep searchable for security operations and evidence review; archive per policy thereafter.,Do not filter governance-relevant fields before indexing; consider selective edge reduction only after validating required evidence.,Tier 1,"alerts, detection, monitoring, intrusion, events, signatures",IDS/IPS events can provide potential evidence of intrusion detection monitoring.,https://eur-lex.europa.eu/eli/reg/2022/2554/oj/eng,"Framework control area classified to DIG governance capability, then capability mapped to Splunk CIM datamodel (seed patched 2026-08-03).",DIG seed - patched 2026-08-03,Potential CIM evidence seed: DORA Chapter IV → Alerting and Detection / Intrusion_Detection (Medium confidence).,2026-08-03T15:32:35Z
DORA,Regulation (EU) 2022/2554,Chapter IV - Digital Operational Resilience Testing,Chapter IV,Vulnerability Management,Updates,Medium-High,Medium,Medium,Retain where useful for investigation or operational validation; do not treat as universal mandatory retention.,Keep searchable for operational review; archive or reduce per policy when no longer needed.,Prefer preserving key fields at the edge; reduce volume only after confirming evidence fields remain.,Tier 1,"vulnerability, patching, remediation, updates, weaknesses",Patch/update telemetry can support potential evidence of remediation activity.,https://eur-lex.europa.eu/eli/reg/2022/2554/oj/eng,"Framework control area classified to DIG governance capability, then capability mapped to Splunk CIM datamodel (seed patched 2026-08-03).",DIG seed - patched 2026-08-03,Potential CIM evidence seed: DORA Chapter IV → Vulnerability Management / Updates (Medium confidence).,2026-08-03T15:32:35Z
DORA,Regulation (EU) 2022/2554,Chapter IV - Digital Operational Resilience Testing,Chapter IV,Vulnerability Management,Vulnerabilities,Medium-High,High,Medium-High,Retain raw events where needed for investigation or operational validation; align to local retention policy.,Keep searchable for security operations and evidence review; archive per policy thereafter.,Do not filter governance-relevant fields before indexing; consider selective edge reduction only after validating required evidence.,Tier 1,"vulnerability, patching, remediation, updates, weaknesses",Vulnerability findings are primary potential evidence for continuous vulnerability management.,https://eur-lex.europa.eu/eli/reg/2022/2554/oj/eng,"Framework control area classified to DIG governance capability, then capability mapped to Splunk CIM datamodel (seed patched 2026-08-03).",DIG seed - patched 2026-08-03,Potential CIM evidence seed: DORA Chapter IV → Vulnerability Management / Vulnerabilities (High confidence).,2026-08-03T15:32:35Z
DORA,Regulation (EU) 2022/2554,Chapter V - ICT Third-Party Risk Management,Chapter V,Change Monitoring,Change,Medium-High,High,Medium-High,Retain raw events where needed for investigation or operational validation; align to local retention policy.,Keep searchable for security operations and evidence review; archive per policy thereafter.,Do not filter governance-relevant fields before indexing; consider selective edge reduction only after validating required evidence.,Tier 2,"change, configuration, system changes, modification, integrity",Change events are direct potential evidence of configuration and system modifications.,https://eur-lex.europa.eu/eli/reg/2022/2554/oj/eng,"Framework control area classified to DIG governance capability, then capability mapped to Splunk CIM datamodel (seed patched 2026-08-03).",DIG seed - patched 2026-08-03,Potential CIM evidence seed: DORA Chapter V → Change Monitoring / Change (High confidence).,2026-08-03T15:32:35Z
GDPR,Regulation (EU) 2016/679,Art 25 - Data Protection by Design and Default,Art 25,Change Monitoring,Change,Medium-High,High,Medium-High,Retain raw events where needed for investigation or operational validation; align to local retention policy.,Keep searchable for security operations and evidence review; archive per policy thereafter.,Do not filter governance-relevant fields before indexing; consider selective edge reduction only after validating required evidence.,Tier 2,"change, configuration, system changes, modification, integrity",Change events are direct potential evidence of configuration and system modifications.,https://eur-lex.europa.eu/eli/reg/2016/679/oj/eng,"Framework control area classified to DIG governance capability, then capability mapped to Splunk CIM datamodel (seed patched 2026-08-03).",DIG seed - patched 2026-08-03,Potential CIM evidence seed: GDPR Art 25 → Change Monitoring / Change (High confidence).,2026-08-03T15:32:35Z
GDPR,Regulation (EU) 2016/679,Art 25 - Data Protection by Design and Default,Art 25,Data Access Monitoring,DLP,High,Medium,Medium-High,Retain raw events where needed for investigation or operational validation; align to local retention policy.,Keep searchable for security operations and evidence review; archive per policy thereafter.,Do not filter governance-relevant fields before indexing; consider selective edge reduction only after validating required evidence.,Tier 1,"data access, sensitive data, cardholder data, personal data, confidentiality, exfiltration",DLP events can support potential evidence of sensitive-data loss prevention monitoring.,https://eur-lex.europa.eu/eli/reg/2016/679/oj/eng,"Framework control area classified to DIG governance capability, then capability mapped to Splunk CIM datamodel (seed patched 2026-08-03).",DIG seed - patched 2026-08-03,Potential CIM evidence seed: GDPR Art 25 → Data Access Monitoring / DLP (Medium confidence).,2026-08-03T15:32:35Z
GDPR,Regulation (EU) 2016/679,Art 25 - Data Protection by Design and Default,Art 25,Data Access Monitoring,Data_Access,High,High,High,Retain raw events for investigation and evidence review per policy; treat as high-value security telemetry.,Keep searchable through the investigation/audit window; archive thereafter per policy.,Preserve governance-relevant fields before indexing; avoid edge filtering that removes investigation evidence.,Tier 1,"data access, sensitive data, cardholder data, personal data, confidentiality, exfiltration",Data access events are primary potential evidence for sensitive-data access visibility.,https://eur-lex.europa.eu/eli/reg/2016/679/oj/eng,"Framework control area classified to DIG governance capability, then capability mapped to Splunk CIM datamodel (seed patched 2026-08-03).",DIG seed - patched 2026-08-03,Potential CIM evidence seed: GDPR Art 25 → Data Access Monitoring / Data_Access (High confidence).,2026-08-03T15:32:35Z
GDPR,Regulation (EU) 2016/679,Art 25 - Data Protection by Design and Default,Art 25,Endpoint Monitoring,Endpoint,Medium,Medium,Low,Retention is optional guidance only; prioritize higher-confidence governance evidence sources first.,Short searchable window is usually sufficient; archive or drop per policy.,Edge reduction is acceptable if higher-confidence evidence sources remain intact for the same control area.,Tier 3,"endpoint, system, host, device, process, workload, inventory",Endpoint host/process telemetry is primary potential evidence for endpoint monitoring controls.,https://eur-lex.europa.eu/eli/reg/2016/679/oj/eng,"Framework control area classified to DIG governance capability, then capability mapped to Splunk CIM datamodel (seed patched 2026-08-03).",DIG seed - patched 2026-08-03,Potential CIM evidence seed: GDPR Art 25 → Endpoint Monitoring / Endpoint (Medium confidence).,2026-08-03T15:32:35Z
GDPR,Regulation (EU) 2016/679,Art 30 - Records of Processing Activities,Art 30,Data Access Monitoring,DLP,High,Medium,Medium-High,Retain raw events where needed for investigation or operational validation; align to local retention policy.,Keep searchable for security operations and evidence review; archive per policy thereafter.,Do not filter governance-relevant fields before indexing; consider selective edge reduction only after validating required evidence.,Tier 1,"data access, sensitive data, cardholder data, personal data, confidentiality, exfiltration",DLP events can support potential evidence of sensitive-data loss prevention monitoring.,https://eur-lex.europa.eu/eli/reg/2016/679/oj/eng,"Framework control area classified to DIG governance capability, then capability mapped to Splunk CIM datamodel (seed patched 2026-08-03).",DIG seed - patched 2026-08-03,Potential CIM evidence seed: GDPR Art 30 → Data Access Monitoring / DLP (Medium confidence).,2026-08-03T15:32:35Z
GDPR,Regulation (EU) 2016/679,Art 30 - Records of Processing Activities,Art 30,Data Access Monitoring,Data_Access,High,High,High,Retain raw events for investigation and evidence review per policy; treat as high-value security telemetry.,Keep searchable through the investigation/audit window; archive thereafter per policy.,Preserve governance-relevant fields before indexing; avoid edge filtering that removes investigation evidence.,Tier 1,"data access, sensitive data, cardholder data, personal data, confidentiality, exfiltration",Data access events are primary potential evidence for sensitive-data access visibility.,https://eur-lex.europa.eu/eli/reg/2016/679/oj/eng,"Framework control area classified to DIG governance capability, then capability mapped to Splunk CIM datamodel (seed patched 2026-08-03).",DIG seed - patched 2026-08-03,Potential CIM evidence seed: GDPR Art 30 → Data Access Monitoring / Data_Access (High confidence).,2026-08-03T15:32:35Z
GDPR,Regulation (EU) 2016/679,Art 32 - Security of Processing,Art 32,Authentication Monitoring,Authentication,High,High,High,Retain raw events for investigation and evidence review per policy; treat as high-value security telemetry.,Keep searchable through the investigation/audit window; archive thereafter per policy.,Preserve governance-relevant fields before indexing; avoid edge filtering that removes investigation evidence.,Tier 1,"authentication, logon, login, credentials, MFA, session, access attempt","Authentication events are direct potential evidence of logon, credential and session activity.",https://eur-lex.europa.eu/eli/reg/2016/679/oj/eng,"Framework control area classified to DIG governance capability, then capability mapped to Splunk CIM datamodel (seed patched 2026-08-03).",DIG seed - patched 2026-08-03,Potential CIM evidence seed: GDPR Art 32 → Authentication Monitoring / Authentication (High confidence).,2026-08-03T15:32:35Z
GDPR,Regulation (EU) 2016/679,Art 32 - Security of Processing,Art 32,Certificate and Crypto Monitoring,Certificates,Medium-High,High,Medium-High,Retain raw events where needed for investigation or operational validation; align to local retention policy.,Keep searchable for security operations and evidence review; archive per policy thereafter.,Do not filter governance-relevant fields before indexing; consider selective edge reduction only after validating required evidence.,Tier 2,"certificate, cryptography, encryption, key management, TLS",Certificate lifecycle telemetry is direct potential evidence for crypto and TLS certificate controls.,https://eur-lex.europa.eu/eli/reg/2016/679/oj/eng,"Framework control area classified to DIG governance capability, then capability mapped to Splunk CIM datamodel (seed patched 2026-08-03).",DIG seed - patched 2026-08-03,Potential CIM evidence seed: GDPR Art 32 → Certificate and Crypto Monitoring / Certificates (High confidence).,2026-08-03T15:32:35Z
GDPR,Regulation (EU) 2016/679,Art 32 - Security of Processing,Art 32,Data Access Monitoring,DLP,High,Medium,Medium-High,Retain raw events where needed for investigation or operational validation; align to local retention policy.,Keep searchable for security operations and evidence review; archive per policy thereafter.,Do not filter governance-relevant fields before indexing; consider selective edge reduction only after validating required evidence.,Tier 1,"data access, sensitive data, cardholder data, personal data, confidentiality, exfiltration",DLP events can support potential evidence of sensitive-data loss prevention monitoring.,https://eur-lex.europa.eu/eli/reg/2016/679/oj/eng,"Framework control area classified to DIG governance capability, then capability mapped to Splunk CIM datamodel (seed patched 2026-08-03).",DIG seed - patched 2026-08-03,Potential CIM evidence seed: GDPR Art 32 → Data Access Monitoring / DLP (Medium confidence).,2026-08-03T15:32:35Z
GDPR,Regulation (EU) 2016/679,Art 32 - Security of Processing,Art 32,Data Access Monitoring,Data_Access,High,High,High,Retain raw events for investigation and evidence review per policy; treat as high-value security telemetry.,Keep searchable through the investigation/audit window; archive thereafter per policy.,Preserve governance-relevant fields before indexing; avoid edge filtering that removes investigation evidence.,Tier 1,"data access, sensitive data, cardholder data, personal data, confidentiality, exfiltration",Data access events are primary potential evidence for sensitive-data access visibility.,https://eur-lex.europa.eu/eli/reg/2016/679/oj/eng,"Framework control area classified to DIG governance capability, then capability mapped to Splunk CIM datamodel (seed patched 2026-08-03).",DIG seed - patched 2026-08-03,Potential CIM evidence seed: GDPR Art 32 → Data Access Monitoring / Data_Access (High confidence).,2026-08-03T15:32:35Z
GDPR,Regulation (EU) 2016/679,Art 32 - Security of Processing,Art 32,Endpoint Monitoring,Compute_Inventory,Medium-High,Medium,Medium,Retain where useful for investigation or operational validation; do not treat as universal mandatory retention.,Keep searchable for operational review; archive or reduce per policy when no longer needed.,Prefer preserving key fields at the edge; reduce volume only after confirming evidence fields remain.,Tier 2,"endpoint, system, host, device, process, workload, inventory",Asset/inventory telemetry can support potential evidence of enterprise asset and software inventory.,https://eur-lex.europa.eu/eli/reg/2016/679/oj/eng,"Framework control area classified to DIG governance capability, then capability mapped to Splunk CIM datamodel (seed patched 2026-08-03).",DIG seed - patched 2026-08-03,Potential CIM evidence seed: GDPR Art 32 → Endpoint Monitoring / Compute_Inventory (Medium confidence).,2026-08-03T15:32:35Z
GDPR,Regulation (EU) 2016/679,Art 32 - Security of Processing,Art 32,Endpoint Monitoring,Endpoint,Medium-High,High,Medium-High,Retain raw events where needed for investigation or operational validation; align to local retention policy.,Keep searchable for security operations and evidence review; archive per policy thereafter.,Do not filter governance-relevant fields before indexing; consider selective edge reduction only after validating required evidence.,Tier 2,"endpoint, system, host, device, process, workload, inventory",Endpoint host/process telemetry is primary potential evidence for endpoint monitoring controls.,https://eur-lex.europa.eu/eli/reg/2016/679/oj/eng,"Framework control area classified to DIG governance capability, then capability mapped to Splunk CIM datamodel (seed patched 2026-08-03).",DIG seed - patched 2026-08-03,Potential CIM evidence seed: GDPR Art 32 → Endpoint Monitoring / Endpoint (High confidence).,2026-08-03T15:32:35Z
GDPR,Regulation (EU) 2016/679,Art 32 - Security of Processing,Art 32,Network Monitoring,Network_Resolution,High,Medium,Medium-High,Retain raw events where needed for investigation or operational validation; align to local retention policy.,Keep searchable for security operations and evidence review; archive per policy thereafter.,Do not filter governance-relevant fields before indexing; consider selective edge reduction only after validating required evidence.,Tier 1,"network, traffic, connections, communications, DNS, segmentation, perimeter",DNS/name-resolution telemetry can support potential evidence of network visibility and resolution monitoring.,https://eur-lex.europa.eu/eli/reg/2016/679/oj/eng,"Framework control area classified to DIG governance capability, then capability mapped to Splunk CIM datamodel (seed patched 2026-08-03).",DIG seed - patched 2026-08-03,Potential CIM evidence seed: GDPR Art 32 → Network Monitoring / Network_Resolution (Medium confidence).,2026-08-03T15:32:35Z
GDPR,Regulation (EU) 2016/679,Art 32 - Security of Processing,Art 32,Network Monitoring,Network_Sessions,High,Medium,Medium-High,Retain raw events where needed for investigation or operational validation; align to local retention policy.,Keep searchable for security operations and evidence review; archive per policy thereafter.,Do not filter governance-relevant fields before indexing; consider selective edge reduction only after validating required evidence.,Tier 1,"network, traffic, connections, communications, DNS, segmentation, perimeter",Session telemetry can support potential evidence of connection and communications monitoring.,https://eur-lex.europa.eu/eli/reg/2016/679/oj/eng,"Framework control area classified to DIG governance capability, then capability mapped to Splunk CIM datamodel (seed patched 2026-08-03).",DIG seed - patched 2026-08-03,Potential CIM evidence seed: GDPR Art 32 → Network Monitoring / Network_Sessions (Medium confidence).,2026-08-03T15:32:35Z
GDPR,Regulation (EU) 2016/679,Art 32 - Security of Processing,Art 32,Network Monitoring,Network_Traffic,High,High,High,Retain raw events for investigation and evidence review per policy; treat as high-value security telemetry.,Keep searchable through the investigation/audit window; archive thereafter per policy.,Preserve governance-relevant fields before indexing; avoid edge filtering that removes investigation evidence.,Tier 1,"network, traffic, connections, communications, DNS, segmentation, perimeter",Network traffic events are primary potential evidence for network monitoring and defense controls.,https://eur-lex.europa.eu/eli/reg/2016/679/oj/eng,"Framework control area classified to DIG governance capability, then capability mapped to Splunk CIM datamodel (seed patched 2026-08-03).",DIG seed - patched 2026-08-03,Potential CIM evidence seed: GDPR Art 32 → Network Monitoring / Network_Traffic (High confidence).,2026-08-03T15:32:35Z
GDPR,Regulation (EU) 2016/679,Art 32 - Security of Processing,Art 32,Vulnerability Management,Updates,Medium-High,Medium,Medium,Retain where useful for investigation or operational validation; do not treat as universal mandatory retention.,Keep searchable for operational review; archive or reduce per policy when no longer needed.,Prefer preserving key fields at the edge; reduce volume only after confirming evidence fields remain.,Tier 1,"vulnerability, patching, remediation, updates, weaknesses",Patch/update telemetry can support potential evidence of remediation activity.,https://eur-lex.europa.eu/eli/reg/2016/679/oj/eng,"Framework control area classified to DIG governance capability, then capability mapped to Splunk CIM datamodel (seed patched 2026-08-03).",DIG seed - patched 2026-08-03,Potential CIM evidence seed: GDPR Art 32 → Vulnerability Management / Updates (Medium confidence).,2026-08-03T15:32:35Z
GDPR,Regulation (EU) 2016/679,Art 32 - Security of Processing,Art 32,Vulnerability Management,Vulnerabilities,Medium-High,High,Medium-High,Retain raw events where needed for investigation or operational validation; align to local retention policy.,Keep searchable for security operations and evidence review; archive per policy thereafter.,Do not filter governance-relevant fields before indexing; consider selective edge reduction only after validating required evidence.,Tier 1,"vulnerability, patching, remediation, updates, weaknesses",Vulnerability findings are primary potential evidence for continuous vulnerability management.,https://eur-lex.europa.eu/eli/reg/2016/679/oj/eng,"Framework control area classified to DIG governance capability, then capability mapped to Splunk CIM datamodel (seed patched 2026-08-03).",DIG seed - patched 2026-08-03,Potential CIM evidence seed: GDPR Art 32 → Vulnerability Management / Vulnerabilities (High confidence).,2026-08-03T15:32:35Z
GDPR,Regulation (EU) 2016/679,Art 33 - Personal Data Breach Notification,Art 33,Alerting and Detection,Alerts,High,High,High,Retain raw events for investigation and evidence review per policy; treat as high-value security telemetry.,Keep searchable through the investigation/audit window; archive thereafter per policy.,Preserve governance-relevant fields before indexing; avoid edge filtering that removes investigation evidence.,Tier 1,"alerts, detection, monitoring, intrusion, events, signatures",Alert outcomes are direct potential evidence of detection and monitoring activity.,https://eur-lex.europa.eu/eli/reg/2016/679/oj/eng,"Framework control area classified to DIG governance capability, then capability mapped to Splunk CIM datamodel (seed patched 2026-08-03).",DIG seed - patched 2026-08-03,Potential CIM evidence seed: GDPR Art 33 → Alerting and Detection / Alerts (High confidence).,2026-08-03T15:32:35Z
GDPR,Regulation (EU) 2016/679,Art 33 - Personal Data Breach Notification,Art 33,Alerting and Detection,Event_Signatures,High,Medium,Medium-High,Retain raw events where needed for investigation or operational validation; align to local retention policy.,Keep searchable for security operations and evidence review; archive per policy thereafter.,Do not filter governance-relevant fields before indexing; consider selective edge reduction only after validating required evidence.,Tier 1,"alerts, detection, monitoring, intrusion, events, signatures",Signature/rule-hit telemetry can support detection evidence where content-matching is used.,https://eur-lex.europa.eu/eli/reg/2016/679/oj/eng,"Framework control area classified to DIG governance capability, then capability mapped to Splunk CIM datamodel (seed patched 2026-08-03).",DIG seed - patched 2026-08-03,Potential CIM evidence seed: GDPR Art 33 → Alerting and Detection / Event_Signatures (Medium confidence).,2026-08-03T15:32:35Z
GDPR,Regulation (EU) 2016/679,Art 33 - Personal Data Breach Notification,Art 33,Alerting and Detection,Intrusion_Detection,High,Medium,Medium-High,Retain raw events where needed for investigation or operational validation; align to local retention policy.,Keep searchable for security operations and evidence review; archive per policy thereafter.,Do not filter governance-relevant fields before indexing; consider selective edge reduction only after validating required evidence.,Tier 1,"alerts, detection, monitoring, intrusion, events, signatures",IDS/IPS events can provide potential evidence of intrusion detection monitoring.,https://eur-lex.europa.eu/eli/reg/2016/679/oj/eng,"Framework control area classified to DIG governance capability, then capability mapped to Splunk CIM datamodel (seed patched 2026-08-03).",DIG seed - patched 2026-08-03,Potential CIM evidence seed: GDPR Art 33 → Alerting and Detection / Intrusion_Detection (Medium confidence).,2026-08-03T15:32:35Z
GDPR,Regulation (EU) 2016/679,Art 33 - Personal Data Breach Notification,Art 33,Data Access Monitoring,DLP,High,Medium,Medium-High,Retain raw events where needed for investigation or operational validation; align to local retention policy.,Keep searchable for security operations and evidence review; archive per policy thereafter.,Do not filter governance-relevant fields before indexing; consider selective edge reduction only after validating required evidence.,Tier 1,"data access, sensitive data, cardholder data, personal data, confidentiality, exfiltration",DLP events can support potential evidence of sensitive-data loss prevention monitoring.,https://eur-lex.europa.eu/eli/reg/2016/679/oj/eng,"Framework control area classified to DIG governance capability, then capability mapped to Splunk CIM datamodel (seed patched 2026-08-03).",DIG seed - patched 2026-08-03,Potential CIM evidence seed: GDPR Art 33 → Data Access Monitoring / DLP (Medium confidence).,2026-08-03T15:32:35Z
GDPR,Regulation (EU) 2016/679,Art 33 - Personal Data Breach Notification,Art 33,Data Access Monitoring,Data_Access,High,High,High,Retain raw events for investigation and evidence review per policy; treat as high-value security telemetry.,Keep searchable through the investigation/audit window; archive thereafter per policy.,Preserve governance-relevant fields before indexing; avoid edge filtering that removes investigation evidence.,Tier 1,"data access, sensitive data, cardholder data, personal data, confidentiality, exfiltration",Data access events are primary potential evidence for sensitive-data access visibility.,https://eur-lex.europa.eu/eli/reg/2016/679/oj/eng,"Framework control area classified to DIG governance capability, then capability mapped to Splunk CIM datamodel (seed patched 2026-08-03).",DIG seed - patched 2026-08-03,Potential CIM evidence seed: GDPR Art 33 → Data Access Monitoring / Data_Access (High confidence).,2026-08-03T15:32:35Z
GDPR,Regulation (EU) 2016/679,Art 33 - Personal Data Breach Notification,Art 33,Incident and Case Management,Alerts,High,High,High,Retain raw events for investigation and evidence review per policy; treat as high-value security telemetry.,Keep searchable through the investigation/audit window; archive thereafter per policy.,Preserve governance-relevant fields before indexing; avoid edge filtering that removes investigation evidence.,Tier 1,"incident, response, case, escalation, ticket, reporting",Alert records can support potential evidence of incident detection handoff into response workflows.,https://eur-lex.europa.eu/eli/reg/2016/679/oj/eng,"Framework control area classified to DIG governance capability, then capability mapped to Splunk CIM datamodel (seed patched 2026-08-03).",DIG seed - patched 2026-08-03,Potential CIM evidence seed: GDPR Art 33 → Incident and Case Management / Alerts (High confidence).,2026-08-03T15:32:35Z
GDPR,Regulation (EU) 2016/679,Art 33 - Personal Data Breach Notification,Art 33,Incident and Case Management,Ticket_Management,High,High,High,Retain raw events for investigation and evidence review per policy; treat as high-value security telemetry.,Keep searchable through the investigation/audit window; archive thereafter per policy.,Preserve governance-relevant fields before indexing; avoid edge filtering that removes investigation evidence.,Tier 1,"incident, response, case, escalation, ticket, reporting",Ticket/case telemetry is primary potential evidence for incident and case-handling workflows.,https://eur-lex.europa.eu/eli/reg/2016/679/oj/eng,"Framework control area classified to DIG governance capability, then capability mapped to Splunk CIM datamodel (seed patched 2026-08-03).",DIG seed - patched 2026-08-03,Potential CIM evidence seed: GDPR Art 33 → Incident and Case Management / Ticket_Management (High confidence).,2026-08-03T15:32:35Z
GDPR,Regulation (EU) 2016/679,Art 34 - Communication of Personal Data Breach,Art 34,Data Access Monitoring,DLP,High,Medium,Medium-High,Retain raw events where needed for investigation or operational validation; align to local retention policy.,Keep searchable for security operations and evidence review; archive per policy thereafter.,Do not filter governance-relevant fields before indexing; consider selective edge reduction only after validating required evidence.,Tier 1,"data access, sensitive data, cardholder data, personal data, confidentiality, exfiltration",DLP events can support potential evidence of sensitive-data loss prevention monitoring.,https://eur-lex.europa.eu/eli/reg/2016/679/oj/eng,"Framework control area classified to DIG governance capability, then capability mapped to Splunk CIM datamodel (seed patched 2026-08-03).",DIG seed - patched 2026-08-03,Potential CIM evidence seed: GDPR Art 34 → Data Access Monitoring / DLP (Medium confidence).,2026-08-03T15:32:35Z
GDPR,Regulation (EU) 2016/679,Art 34 - Communication of Personal Data Breach,Art 34,Data Access Monitoring,Data_Access,High,High,High,Retain raw events for investigation and evidence review per policy; treat as high-value security telemetry.,Keep searchable through the investigation/audit window; archive thereafter per policy.,Preserve governance-relevant fields before indexing; avoid edge filtering that removes investigation evidence.,Tier 1,"data access, sensitive data, cardholder data, personal data, confidentiality, exfiltration",Data access events are primary potential evidence for sensitive-data access visibility.,https://eur-lex.europa.eu/eli/reg/2016/679/oj/eng,"Framework control area classified to DIG governance capability, then capability mapped to Splunk CIM datamodel (seed patched 2026-08-03).",DIG seed - patched 2026-08-03,Potential CIM evidence seed: GDPR Art 34 → Data Access Monitoring / Data_Access (High confidence).,2026-08-03T15:32:35Z
GDPR,Regulation (EU) 2016/679,Art 34 - Communication of Personal Data Breach,Art 34,Incident and Case Management,Alerts,High,High,High,Retain raw events for investigation and evidence review per policy; treat as high-value security telemetry.,Keep searchable through the investigation/audit window; archive thereafter per policy.,Preserve governance-relevant fields before indexing; avoid edge filtering that removes investigation evidence.,Tier 1,"incident, response, case, escalation, ticket, reporting",Alert records can support potential evidence of incident detection handoff into response workflows.,https://eur-lex.europa.eu/eli/reg/2016/679/oj/eng,"Framework control area classified to DIG governance capability, then capability mapped to Splunk CIM datamodel (seed patched 2026-08-03).",DIG seed - patched 2026-08-03,Potential CIM evidence seed: GDPR Art 34 → Incident and Case Management / Alerts (High confidence).,2026-08-03T15:32:35Z
GDPR,Regulation (EU) 2016/679,Art 34 - Communication of Personal Data Breach,Art 34,Incident and Case Management,Ticket_Management,High,High,High,Retain raw events for investigation and evidence review per policy; treat as high-value security telemetry.,Keep searchable through the investigation/audit window; archive thereafter per policy.,Preserve governance-relevant fields before indexing; avoid edge filtering that removes investigation evidence.,Tier 1,"incident, response, case, escalation, ticket, reporting",Ticket/case telemetry is primary potential evidence for incident and case-handling workflows.,https://eur-lex.europa.eu/eli/reg/2016/679/oj/eng,"Framework control area classified to DIG governance capability, then capability mapped to Splunk CIM datamodel (seed patched 2026-08-03).",DIG seed - patched 2026-08-03,Potential CIM evidence seed: GDPR Art 34 → Incident and Case Management / Ticket_Management (High confidence).,2026-08-03T15:32:35Z
GDPR,Regulation (EU) 2016/679,Art 5 - Integrity and Confidentiality,Art 5,Authentication Monitoring,Authentication,High,High,High,Retain raw events for investigation and evidence review per policy; treat as high-value security telemetry.,Keep searchable through the investigation/audit window; archive thereafter per policy.,Preserve governance-relevant fields before indexing; avoid edge filtering that removes investigation evidence.,Tier 1,"authentication, logon, login, credentials, MFA, session, access attempt","Authentication events are direct potential evidence of logon, credential and session activity.",https://eur-lex.europa.eu/eli/reg/2016/679/oj/eng,"Framework control area classified to DIG governance capability, then capability mapped to Splunk CIM datamodel (seed patched 2026-08-03).",DIG seed - patched 2026-08-03,Potential CIM evidence seed: GDPR Art 5 → Authentication Monitoring / Authentication (High confidence).,2026-08-03T15:32:35Z
GDPR,Regulation (EU) 2016/679,Art 5 - Integrity and Confidentiality,Art 5,Change Monitoring,Change,Medium-High,High,Medium-High,Retain raw events where needed for investigation or operational validation; align to local retention policy.,Keep searchable for security operations and evidence review; archive per policy thereafter.,Do not filter governance-relevant fields before indexing; consider selective edge reduction only after validating required evidence.,Tier 2,"change, configuration, system changes, modification, integrity",Change events are direct potential evidence of configuration and system modifications.,https://eur-lex.europa.eu/eli/reg/2016/679/oj/eng,"Framework control area classified to DIG governance capability, then capability mapped to Splunk CIM datamodel (seed patched 2026-08-03).",DIG seed - patched 2026-08-03,Potential CIM evidence seed: GDPR Art 5 → Change Monitoring / Change (High confidence).,2026-08-03T15:32:35Z
GDPR,Regulation (EU) 2016/679,Art 5 - Integrity and Confidentiality,Art 5,Data Access Monitoring,DLP,High,Medium,Medium-High,Retain raw events where needed for investigation or operational validation; align to local retention policy.,Keep searchable for security operations and evidence review; archive per policy thereafter.,Do not filter governance-relevant fields before indexing; consider selective edge reduction only after validating required evidence.,Tier 1,"data access, sensitive data, cardholder data, personal data, confidentiality, exfiltration",DLP events can support potential evidence of sensitive-data loss prevention monitoring.,https://eur-lex.europa.eu/eli/reg/2016/679/oj/eng,"Framework control area classified to DIG governance capability, then capability mapped to Splunk CIM datamodel (seed patched 2026-08-03).",DIG seed - patched 2026-08-03,Potential CIM evidence seed: GDPR Art 5 → Data Access Monitoring / DLP (Medium confidence).,2026-08-03T15:32:35Z
GDPR,Regulation (EU) 2016/679,Art 5 - Integrity and Confidentiality,Art 5,Data Access Monitoring,Data_Access,High,High,High,Retain raw events for investigation and evidence review per policy; treat as high-value security telemetry.,Keep searchable through the investigation/audit window; archive thereafter per policy.,Preserve governance-relevant fields before indexing; avoid edge filtering that removes investigation evidence.,Tier 1,"data access, sensitive data, cardholder data, personal data, confidentiality, exfiltration",Data access events are primary potential evidence for sensitive-data access visibility.,https://eur-lex.europa.eu/eli/reg/2016/679/oj/eng,"Framework control area classified to DIG governance capability, then capability mapped to Splunk CIM datamodel (seed patched 2026-08-03).",DIG seed - patched 2026-08-03,Potential CIM evidence seed: GDPR Art 5 → Data Access Monitoring / Data_Access (High confidence).,2026-08-03T15:32:35Z
ISO 27001,ISO/IEC 27001:2022,A.5 - Organizational Controls,A.5,Change Monitoring,Change,Medium-High,High,Medium-High,Retain raw events where needed for investigation or operational validation; align to local retention policy.,Keep searchable for security operations and evidence review; archive per policy thereafter.,Do not filter governance-relevant fields before indexing; consider selective edge reduction only after validating required evidence.,Tier 2,"change, configuration, system changes, modification, integrity",Change events are direct potential evidence of configuration and system modifications.,https://www.iso.org/standard/27001,"Framework control area classified to DIG governance capability, then capability mapped to Splunk CIM datamodel (seed patched 2026-08-03).",DIG seed - patched 2026-08-03,Potential CIM evidence seed: ISO 27001 A.5 → Change Monitoring / Change (High confidence).,2026-08-03T15:32:35Z
ISO 27001,ISO/IEC 27001:2022,A.5 - Organizational Controls,A.5,Incident and Case Management,Alerts,High,High,High,Retain raw events for investigation and evidence review per policy; treat as high-value security telemetry.,Keep searchable through the investigation/audit window; archive thereafter per policy.,Preserve governance-relevant fields before indexing; avoid edge filtering that removes investigation evidence.,Tier 1,"incident, response, case, escalation, ticket, reporting",Alert records can support potential evidence of incident detection handoff into response workflows.,https://www.iso.org/standard/27001,"Framework control area classified to DIG governance capability, then capability mapped to Splunk CIM datamodel (seed patched 2026-08-03).",DIG seed - patched 2026-08-03,Potential CIM evidence seed: ISO 27001 A.5 → Incident and Case Management / Alerts (High confidence).,2026-08-03T15:32:35Z
ISO 27001,ISO/IEC 27001:2022,A.5 - Organizational Controls,A.5,Incident and Case Management,Ticket_Management,High,High,High,Retain raw events for investigation and evidence review per policy; treat as high-value security telemetry.,Keep searchable through the investigation/audit window; archive thereafter per policy.,Preserve governance-relevant fields before indexing; avoid edge filtering that removes investigation evidence.,Tier 1,"incident, response, case, escalation, ticket, reporting",Ticket/case telemetry is primary potential evidence for incident and case-handling workflows.,https://www.iso.org/standard/27001,"Framework control area classified to DIG governance capability, then capability mapped to Splunk CIM datamodel (seed patched 2026-08-03).",DIG seed - patched 2026-08-03,Potential CIM evidence seed: ISO 27001 A.5 → Incident and Case Management / Ticket_Management (High confidence).,2026-08-03T15:32:35Z
ISO 27001,ISO/IEC 27001:2022,A.5.15-A.5.18 - Access Control and Identity,A.5.15-A.5.18,Authentication Monitoring,Authentication,High,High,High,Retain raw events for investigation and evidence review per policy; treat as high-value security telemetry.,Keep searchable through the investigation/audit window; archive thereafter per policy.,Preserve governance-relevant fields before indexing; avoid edge filtering that removes investigation evidence.,Tier 1,"authentication, logon, login, credentials, MFA, session, access attempt","Authentication events are direct potential evidence of logon, credential and session activity.",https://www.iso.org/standard/27001,"Framework control area classified to DIG governance capability, then capability mapped to Splunk CIM datamodel (seed patched 2026-08-03).",DIG seed - patched 2026-08-03,Potential CIM evidence seed: ISO 27001 A.5.15-A.5.18 → Authentication Monitoring / Authentication (High confidence).,2026-08-03T15:32:35Z
ISO 27001,ISO/IEC 27001:2022,A.5.15-A.5.18 - Access Control and Identity,A.5.15-A.5.18,Data Access Monitoring,DLP,High,Medium,Medium-High,Retain raw events where needed for investigation or operational validation; align to local retention policy.,Keep searchable for security operations and evidence review; archive per policy thereafter.,Do not filter governance-relevant fields before indexing; consider selective edge reduction only after validating required evidence.,Tier 1,"data access, sensitive data, cardholder data, personal data, confidentiality, exfiltration",DLP events can support potential evidence of sensitive-data loss prevention monitoring.,https://www.iso.org/standard/27001,"Framework control area classified to DIG governance capability, then capability mapped to Splunk CIM datamodel (seed patched 2026-08-03).",DIG seed - patched 2026-08-03,Potential CIM evidence seed: ISO 27001 A.5.15-A.5.18 → Data Access Monitoring / DLP (Medium confidence).,2026-08-03T15:32:35Z
ISO 27001,ISO/IEC 27001:2022,A.5.15-A.5.18 - Access Control and Identity,A.5.15-A.5.18,Data Access Monitoring,Data_Access,High,High,High,Retain raw events for investigation and evidence review per policy; treat as high-value security telemetry.,Keep searchable through the investigation/audit window; archive thereafter per policy.,Preserve governance-relevant fields before indexing; avoid edge filtering that removes investigation evidence.,Tier 1,"data access, sensitive data, cardholder data, personal data, confidentiality, exfiltration",Data access events are primary potential evidence for sensitive-data access visibility.,https://www.iso.org/standard/27001,"Framework control area classified to DIG governance capability, then capability mapped to Splunk CIM datamodel (seed patched 2026-08-03).",DIG seed - patched 2026-08-03,Potential CIM evidence seed: ISO 27001 A.5.15-A.5.18 → Data Access Monitoring / Data_Access (High confidence).,2026-08-03T15:32:35Z
ISO 27001,ISO/IEC 27001:2022,A.5.15-A.5.18 - Access Control and Identity,A.5.15-A.5.18,Privileged Access Monitoring,Authentication,High,High,High,Retain raw events for investigation and evidence review per policy; treat as high-value security telemetry.,Keep searchable through the investigation/audit window; archive thereafter per policy.,Preserve governance-relevant fields before indexing; avoid edge filtering that removes investigation evidence.,Tier 1,"privileged access, administrator, remote access, account activity, access rights",Authentication context is primary potential evidence for privileged access and admin logon activity.,https://www.iso.org/standard/27001,"Framework control area classified to DIG governance capability, then capability mapped to Splunk CIM datamodel (seed patched 2026-08-03).",DIG seed - patched 2026-08-03,Potential CIM evidence seed: ISO 27001 A.5.15-A.5.18 → Privileged Access Monitoring / Authentication (High confidence).,2026-08-03T15:32:35Z
ISO 27001,ISO/IEC 27001:2022,A.5.15-A.5.18 - Access Control and Identity,A.5.15-A.5.18,Privileged Access Monitoring,Change,High,High,High,Retain raw events for investigation and evidence review per policy; treat as high-value security telemetry.,Keep searchable through the investigation/audit window; archive thereafter per policy.,Preserve governance-relevant fields before indexing; avoid edge filtering that removes investigation evidence.,Tier 1,"privileged access, administrator, remote access, account activity, access rights",Administrative change events can support potential evidence of privileged configuration activity.,https://www.iso.org/standard/27001,"Framework control area classified to DIG governance capability, then capability mapped to Splunk CIM datamodel (seed patched 2026-08-03).",DIG seed - patched 2026-08-03,Potential CIM evidence seed: ISO 27001 A.5.15-A.5.18 → Privileged Access Monitoring / Change (High confidence).,2026-08-03T15:32:35Z
ISO 27001,ISO/IEC 27001:2022,A.5.23 - Cloud Services Security,A.5.23,Application and Service Resilience,Databases,Medium,Medium,Low,Retention is optional guidance only; prioritize higher-confidence governance evidence sources first.,Short searchable window is usually sufficient; archive or drop per policy.,Edge reduction is acceptable if higher-confidence evidence sources remain intact for the same control area.,Tier 2,"availability, resilience, performance, service, application, database, processing integrity",Database health and access telemetry can support service-resilience evidence for data-tier workloads.,https://www.iso.org/standard/27001,"Framework control area classified to DIG governance capability, then capability mapped to Splunk CIM datamodel (seed patched 2026-08-03).",DIG seed - patched 2026-08-03,Potential CIM evidence seed: ISO 27001 A.5.23 → Application and Service Resilience / Databases (Medium confidence).,2026-08-03T15:32:35Z
ISO 27001,ISO/IEC 27001:2022,A.5.23 - Cloud Services Security,A.5.23,Application and Service Resilience,Performance,Medium,Medium,Low,Retention is optional guidance only; prioritize higher-confidence governance evidence sources first.,Short searchable window is usually sufficient; archive or drop per policy.,Edge reduction is acceptable if higher-confidence evidence sources remain intact for the same control area.,Tier 2,"availability, resilience, performance, service, application, database, processing integrity",Performance and availability metrics are primary potential evidence for operational resilience controls.,https://www.iso.org/standard/27001,"Framework control area classified to DIG governance capability, then capability mapped to Splunk CIM datamodel (seed patched 2026-08-03).",DIG seed - patched 2026-08-03,Potential CIM evidence seed: ISO 27001 A.5.23 → Application and Service Resilience / Performance (Medium confidence).,2026-08-03T15:32:35Z
ISO 27001,ISO/IEC 27001:2022,A.5.23 - Cloud Services Security,A.5.23,Authentication Monitoring,Authentication,High,High,High,Retain raw events for investigation and evidence review per policy; treat as high-value security telemetry.,Keep searchable through the investigation/audit window; archive thereafter per policy.,Preserve governance-relevant fields before indexing; avoid edge filtering that removes investigation evidence.,Tier 1,"authentication, logon, login, credentials, MFA, session, access attempt","Authentication events are direct potential evidence of logon, credential and session activity.",https://www.iso.org/standard/27001,"Framework control area classified to DIG governance capability, then capability mapped to Splunk CIM datamodel (seed patched 2026-08-03).",DIG seed - patched 2026-08-03,Potential CIM evidence seed: ISO 27001 A.5.23 → Authentication Monitoring / Authentication (High confidence).,2026-08-03T15:32:35Z
ISO 27001,ISO/IEC 27001:2022,A.5.23 - Cloud Services Security,A.5.23,Network Monitoring,Network_Resolution,High,Medium,Medium-High,Retain raw events where needed for investigation or operational validation; align to local retention policy.,Keep searchable for security operations and evidence review; archive per policy thereafter.,Do not filter governance-relevant fields before indexing; consider selective edge reduction only after validating required evidence.,Tier 1,"network, traffic, connections, communications, DNS, segmentation, perimeter",DNS/name-resolution telemetry can support potential evidence of network visibility and resolution monitoring.,https://www.iso.org/standard/27001,"Framework control area classified to DIG governance capability, then capability mapped to Splunk CIM datamodel (seed patched 2026-08-03).",DIG seed - patched 2026-08-03,Potential CIM evidence seed: ISO 27001 A.5.23 → Network Monitoring / Network_Resolution (Medium confidence).,2026-08-03T15:32:35Z
ISO 27001,ISO/IEC 27001:2022,A.5.23 - Cloud Services Security,A.5.23,Network Monitoring,Network_Sessions,High,Medium,Medium-High,Retain raw events where needed for investigation or operational validation; align to local retention policy.,Keep searchable for security operations and evidence review; archive per policy thereafter.,Do not filter governance-relevant fields before indexing; consider selective edge reduction only after validating required evidence.,Tier 1,"network, traffic, connections, communications, DNS, segmentation, perimeter",Session telemetry can support potential evidence of connection and communications monitoring.,https://www.iso.org/standard/27001,"Framework control area classified to DIG governance capability, then capability mapped to Splunk CIM datamodel (seed patched 2026-08-03).",DIG seed - patched 2026-08-03,Potential CIM evidence seed: ISO 27001 A.5.23 → Network Monitoring / Network_Sessions (Medium confidence).,2026-08-03T15:32:35Z
ISO 27001,ISO/IEC 27001:2022,A.5.23 - Cloud Services Security,A.5.23,Network Monitoring,Network_Traffic,High,High,High,Retain raw events for investigation and evidence review per policy; treat as high-value security telemetry.,Keep searchable through the investigation/audit window; archive thereafter per policy.,Preserve governance-relevant fields before indexing; avoid edge filtering that removes investigation evidence.,Tier 1,"network, traffic, connections, communications, DNS, segmentation, perimeter",Network traffic events are primary potential evidence for network monitoring and defense controls.,https://www.iso.org/standard/27001,"Framework control area classified to DIG governance capability, then capability mapped to Splunk CIM datamodel (seed patched 2026-08-03).",DIG seed - patched 2026-08-03,Potential CIM evidence seed: ISO 27001 A.5.23 → Network Monitoring / Network_Traffic (High confidence).,2026-08-03T15:32:35Z
ISO 27001,ISO/IEC 27001:2022,A.5.24-A.5.28 - Incident Management,A.5.24-A.5.28,Alerting and Detection,Alerts,High,High,High,Retain raw events for investigation and evidence review per policy; treat as high-value security telemetry.,Keep searchable through the investigation/audit window; archive thereafter per policy.,Preserve governance-relevant fields before indexing; avoid edge filtering that removes investigation evidence.,Tier 1,"alerts, detection, monitoring, intrusion, events, signatures",Alert outcomes are direct potential evidence of detection and monitoring activity.,https://www.iso.org/standard/27001,"Framework control area classified to DIG governance capability, then capability mapped to Splunk CIM datamodel (seed patched 2026-08-03).",DIG seed - patched 2026-08-03,Potential CIM evidence seed: ISO 27001 A.5.24-A.5.28 → Alerting and Detection / Alerts (High confidence).,2026-08-03T15:32:35Z
ISO 27001,ISO/IEC 27001:2022,A.5.24-A.5.28 - Incident Management,A.5.24-A.5.28,Alerting and Detection,Event_Signatures,High,Medium,Medium-High,Retain raw events where needed for investigation or operational validation; align to local retention policy.,Keep searchable for security operations and evidence review; archive per policy thereafter.,Do not filter governance-relevant fields before indexing; consider selective edge reduction only after validating required evidence.,Tier 1,"alerts, detection, monitoring, intrusion, events, signatures",Signature/rule-hit telemetry can support detection evidence where content-matching is used.,https://www.iso.org/standard/27001,"Framework control area classified to DIG governance capability, then capability mapped to Splunk CIM datamodel (seed patched 2026-08-03).",DIG seed - patched 2026-08-03,Potential CIM evidence seed: ISO 27001 A.5.24-A.5.28 → Alerting and Detection / Event_Signatures (Medium confidence).,2026-08-03T15:32:35Z
ISO 27001,ISO/IEC 27001:2022,A.5.24-A.5.28 - Incident Management,A.5.24-A.5.28,Alerting and Detection,Intrusion_Detection,High,Medium,Medium-High,Retain raw events where needed for investigation or operational validation; align to local retention policy.,Keep searchable for security operations and evidence review; archive per policy thereafter.,Do not filter governance-relevant fields before indexing; consider selective edge reduction only after validating required evidence.,Tier 1,"alerts, detection, monitoring, intrusion, events, signatures",IDS/IPS events can provide potential evidence of intrusion detection monitoring.,https://www.iso.org/standard/27001,"Framework control area classified to DIG governance capability, then capability mapped to Splunk CIM datamodel (seed patched 2026-08-03).",DIG seed - patched 2026-08-03,Potential CIM evidence seed: ISO 27001 A.5.24-A.5.28 → Alerting and Detection / Intrusion_Detection (Medium confidence).,2026-08-03T15:32:35Z
ISO 27001,ISO/IEC 27001:2022,A.5.24-A.5.28 - Incident Management,A.5.24-A.5.28,Incident and Case Management,Alerts,High,High,High,Retain raw events for investigation and evidence review per policy; treat as high-value security telemetry.,Keep searchable through the investigation/audit window; archive thereafter per policy.,Preserve governance-relevant fields before indexing; avoid edge filtering that removes investigation evidence.,Tier 1,"incident, response, case, escalation, ticket, reporting",Alert records can support potential evidence of incident detection handoff into response workflows.,https://www.iso.org/standard/27001,"Framework control area classified to DIG governance capability, then capability mapped to Splunk CIM datamodel (seed patched 2026-08-03).",DIG seed - patched 2026-08-03,Potential CIM evidence seed: ISO 27001 A.5.24-A.5.28 → Incident and Case Management / Alerts (High confidence).,2026-08-03T15:32:35Z
ISO 27001,ISO/IEC 27001:2022,A.5.24-A.5.28 - Incident Management,A.5.24-A.5.28,Incident and Case Management,Ticket_Management,High,High,High,Retain raw events for investigation and evidence review per policy; treat as high-value security telemetry.,Keep searchable through the investigation/audit window; archive thereafter per policy.,Preserve governance-relevant fields before indexing; avoid edge filtering that removes investigation evidence.,Tier 1,"incident, response, case, escalation, ticket, reporting",Ticket/case telemetry is primary potential evidence for incident and case-handling workflows.,https://www.iso.org/standard/27001,"Framework control area classified to DIG governance capability, then capability mapped to Splunk CIM datamodel (seed patched 2026-08-03).",DIG seed - patched 2026-08-03,Potential CIM evidence seed: ISO 27001 A.5.24-A.5.28 → Incident and Case Management / Ticket_Management (High confidence).,2026-08-03T15:32:35Z
ISO 27001,ISO/IEC 27001:2022,A.5.30 - ICT Readiness for Business Continuity,A.5.30,Application and Service Resilience,Databases,Medium,Medium,Low,Retention is optional guidance only; prioritize higher-confidence governance evidence sources first.,Short searchable window is usually sufficient; archive or drop per policy.,Edge reduction is acceptable if higher-confidence evidence sources remain intact for the same control area.,Tier 2,"availability, resilience, performance, service, application, database, processing integrity",Database health and access telemetry can support service-resilience evidence for data-tier workloads.,https://www.iso.org/standard/27001,"Framework control area classified to DIG governance capability, then capability mapped to Splunk CIM datamodel (seed patched 2026-08-03).",DIG seed - patched 2026-08-03,Potential CIM evidence seed: ISO 27001 A.5.30 → Application and Service Resilience / Databases (Medium confidence).,2026-08-03T15:32:35Z
ISO 27001,ISO/IEC 27001:2022,A.5.30 - ICT Readiness for Business Continuity,A.5.30,Application and Service Resilience,Performance,Medium,Medium,Low,Retention is optional guidance only; prioritize higher-confidence governance evidence sources first.,Short searchable window is usually sufficient; archive or drop per policy.,Edge reduction is acceptable if higher-confidence evidence sources remain intact for the same control area.,Tier 2,"availability, resilience, performance, service, application, database, processing integrity",Performance and availability metrics are primary potential evidence for operational resilience controls.,https://www.iso.org/standard/27001,"Framework control area classified to DIG governance capability, then capability mapped to Splunk CIM datamodel (seed patched 2026-08-03).",DIG seed - patched 2026-08-03,Potential CIM evidence seed: ISO 27001 A.5.30 → Application and Service Resilience / Performance (Medium confidence).,2026-08-03T15:32:35Z
ISO 27001,ISO/IEC 27001:2022,A.5.30 - ICT Readiness for Business Continuity,A.5.30,Incident and Case Management,Alerts,High,High,High,Retain raw events for investigation and evidence review per policy; treat as high-value security telemetry.,Keep searchable through the investigation/audit window; archive thereafter per policy.,Preserve governance-relevant fields before indexing; avoid edge filtering that removes investigation evidence.,Tier 1,"incident, response, case, escalation, ticket, reporting",Alert records can support potential evidence of incident detection handoff into response workflows.,https://www.iso.org/standard/27001,"Framework control area classified to DIG governance capability, then capability mapped to Splunk CIM datamodel (seed patched 2026-08-03).",DIG seed - patched 2026-08-03,Potential CIM evidence seed: ISO 27001 A.5.30 → Incident and Case Management / Alerts (High confidence).,2026-08-03T15:32:35Z
ISO 27001,ISO/IEC 27001:2022,A.5.30 - ICT Readiness for Business Continuity,A.5.30,Incident and Case Management,Ticket_Management,High,High,High,Retain raw events for investigation and evidence review per policy; treat as high-value security telemetry.,Keep searchable through the investigation/audit window; archive thereafter per policy.,Preserve governance-relevant fields before indexing; avoid edge filtering that removes investigation evidence.,Tier 1,"incident, response, case, escalation, ticket, reporting",Ticket/case telemetry is primary potential evidence for incident and case-handling workflows.,https://www.iso.org/standard/27001,"Framework control area classified to DIG governance capability, then capability mapped to Splunk CIM datamodel (seed patched 2026-08-03).",DIG seed - patched 2026-08-03,Potential CIM evidence seed: ISO 27001 A.5.30 → Incident and Case Management / Ticket_Management (High confidence).,2026-08-03T15:32:35Z
ISO 27001,ISO/IEC 27001:2022,A.8.15-A.8.16 - Logging and Monitoring,A.8.15-A.8.16,Alerting and Detection,Alerts,High,High,High,Retain raw events for investigation and evidence review per policy; treat as high-value security telemetry.,Keep searchable through the investigation/audit window; archive thereafter per policy.,Preserve governance-relevant fields before indexing; avoid edge filtering that removes investigation evidence.,Tier 1,"alerts, detection, monitoring, intrusion, events, signatures",Alert outcomes are direct potential evidence of detection and monitoring activity.,https://www.iso.org/standard/27001,"Framework control area classified to DIG governance capability, then capability mapped to Splunk CIM datamodel (seed patched 2026-08-03).",DIG seed - patched 2026-08-03,Potential CIM evidence seed: ISO 27001 A.8.15-A.8.16 → Alerting and Detection / Alerts (High confidence).,2026-08-03T15:32:35Z
ISO 27001,ISO/IEC 27001:2022,A.8.15-A.8.16 - Logging and Monitoring,A.8.15-A.8.16,Alerting and Detection,Event_Signatures,High,Medium,Medium-High,Retain raw events where needed for investigation or operational validation; align to local retention policy.,Keep searchable for security operations and evidence review; archive per policy thereafter.,Do not filter governance-relevant fields before indexing; consider selective edge reduction only after validating required evidence.,Tier 1,"alerts, detection, monitoring, intrusion, events, signatures",Signature/rule-hit telemetry can support detection evidence where content-matching is used.,https://www.iso.org/standard/27001,"Framework control area classified to DIG governance capability, then capability mapped to Splunk CIM datamodel (seed patched 2026-08-03).",DIG seed - patched 2026-08-03,Potential CIM evidence seed: ISO 27001 A.8.15-A.8.16 → Alerting and Detection / Event_Signatures (Medium confidence).,2026-08-03T15:32:35Z
ISO 27001,ISO/IEC 27001:2022,A.8.15-A.8.16 - Logging and Monitoring,A.8.15-A.8.16,Alerting and Detection,Intrusion_Detection,High,Medium,Medium-High,Retain raw events where needed for investigation or operational validation; align to local retention policy.,Keep searchable for security operations and evidence review; archive per policy thereafter.,Do not filter governance-relevant fields before indexing; consider selective edge reduction only after validating required evidence.,Tier 1,"alerts, detection, monitoring, intrusion, events, signatures",IDS/IPS events can provide potential evidence of intrusion detection monitoring.,https://www.iso.org/standard/27001,"Framework control area classified to DIG governance capability, then capability mapped to Splunk CIM datamodel (seed patched 2026-08-03).",DIG seed - patched 2026-08-03,Potential CIM evidence seed: ISO 27001 A.8.15-A.8.16 → Alerting and Detection / Intrusion_Detection (Medium confidence).,2026-08-03T15:32:35Z
ISO 27001,ISO/IEC 27001:2022,A.8.15-A.8.16 - Logging and Monitoring,A.8.15-A.8.16,Authentication Monitoring,Authentication,High,High,High,Retain raw events for investigation and evidence review per policy; treat as high-value security telemetry.,Keep searchable through the investigation/audit window; archive thereafter per policy.,Preserve governance-relevant fields before indexing; avoid edge filtering that removes investigation evidence.,Tier 1,"authentication, logon, login, credentials, MFA, session, access attempt","Authentication events are direct potential evidence of logon, credential and session activity.",https://www.iso.org/standard/27001,"Framework control area classified to DIG governance capability, then capability mapped to Splunk CIM datamodel (seed patched 2026-08-03).",DIG seed - patched 2026-08-03,Potential CIM evidence seed: ISO 27001 A.8.15-A.8.16 → Authentication Monitoring / Authentication (High confidence).,2026-08-03T15:32:35Z
ISO 27001,ISO/IEC 27001:2022,A.8.15-A.8.16 - Logging and Monitoring,A.8.15-A.8.16,Endpoint Monitoring,Compute_Inventory,Medium-High,Medium,Medium,Retain where useful for investigation or operational validation; do not treat as universal mandatory retention.,Keep searchable for operational review; archive or reduce per policy when no longer needed.,Prefer preserving key fields at the edge; reduce volume only after confirming evidence fields remain.,Tier 2,"endpoint, system, host, device, process, workload, inventory",Asset/inventory telemetry can support potential evidence of enterprise asset and software inventory.,https://www.iso.org/standard/27001,"Framework control area classified to DIG governance capability, then capability mapped to Splunk CIM datamodel (seed patched 2026-08-03).",DIG seed - patched 2026-08-03,Potential CIM evidence seed: ISO 27001 A.8.15-A.8.16 → Endpoint Monitoring / Compute_Inventory (Medium confidence).,2026-08-03T15:32:35Z
ISO 27001,ISO/IEC 27001:2022,A.8.15-A.8.16 - Logging and Monitoring,A.8.15-A.8.16,Endpoint Monitoring,Endpoint,Medium-High,High,Medium-High,Retain raw events where needed for investigation or operational validation; align to local retention policy.,Keep searchable for security operations and evidence review; archive per policy thereafter.,Do not filter governance-relevant fields before indexing; consider selective edge reduction only after validating required evidence.,Tier 2,"endpoint, system, host, device, process, workload, inventory",Endpoint host/process telemetry is primary potential evidence for endpoint monitoring controls.,https://www.iso.org/standard/27001,"Framework control area classified to DIG governance capability, then capability mapped to Splunk CIM datamodel (seed patched 2026-08-03).",DIG seed - patched 2026-08-03,Potential CIM evidence seed: ISO 27001 A.8.15-A.8.16 → Endpoint Monitoring / Endpoint (High confidence).,2026-08-03T15:32:35Z
ISO 27001,ISO/IEC 27001:2022,A.8.15-A.8.16 - Logging and Monitoring,A.8.15-A.8.16,Network Monitoring,Network_Resolution,High,Medium,Medium-High,Retain raw events where needed for investigation or operational validation; align to local retention policy.,Keep searchable for security operations and evidence review; archive per policy thereafter.,Do not filter governance-relevant fields before indexing; consider selective edge reduction only after validating required evidence.,Tier 1,"network, traffic, connections, communications, DNS, segmentation, perimeter",DNS/name-resolution telemetry can support potential evidence of network visibility and resolution monitoring.,https://www.iso.org/standard/27001,"Framework control area classified to DIG governance capability, then capability mapped to Splunk CIM datamodel (seed patched 2026-08-03).",DIG seed - patched 2026-08-03,Potential CIM evidence seed: ISO 27001 A.8.15-A.8.16 → Network Monitoring / Network_Resolution (Medium confidence).,2026-08-03T15:32:35Z
ISO 27001,ISO/IEC 27001:2022,A.8.15-A.8.16 - Logging and Monitoring,A.8.15-A.8.16,Network Monitoring,Network_Sessions,High,Medium,Medium-High,Retain raw events where needed for investigation or operational validation; align to local retention policy.,Keep searchable for security operations and evidence review; archive per policy thereafter.,Do not filter governance-relevant fields before indexing; consider selective edge reduction only after validating required evidence.,Tier 1,"network, traffic, connections, communications, DNS, segmentation, perimeter",Session telemetry can support potential evidence of connection and communications monitoring.,https://www.iso.org/standard/27001,"Framework control area classified to DIG governance capability, then capability mapped to Splunk CIM datamodel (seed patched 2026-08-03).",DIG seed - patched 2026-08-03,Potential CIM evidence seed: ISO 27001 A.8.15-A.8.16 → Network Monitoring / Network_Sessions (Medium confidence).,2026-08-03T15:32:35Z
ISO 27001,ISO/IEC 27001:2022,A.8.15-A.8.16 - Logging and Monitoring,A.8.15-A.8.16,Network Monitoring,Network_Traffic,High,High,High,Retain raw events for investigation and evidence review per policy; treat as high-value security telemetry.,Keep searchable through the investigation/audit window; archive thereafter per policy.,Preserve governance-relevant fields before indexing; avoid edge filtering that removes investigation evidence.,Tier 1,"network, traffic, connections, communications, DNS, segmentation, perimeter",Network traffic events are primary potential evidence for network monitoring and defense controls.,https://www.iso.org/standard/27001,"Framework control area classified to DIG governance capability, then capability mapped to Splunk CIM datamodel (seed patched 2026-08-03).",DIG seed - patched 2026-08-03,Potential CIM evidence seed: ISO 27001 A.8.15-A.8.16 → Network Monitoring / Network_Traffic (High confidence).,2026-08-03T15:32:35Z
ISO 27001,ISO/IEC 27001:2022,A.8.20-A.8.22 - Network Security,A.8.20-A.8.22,Change Monitoring,Change,Medium-High,High,Medium-High,Retain raw events where needed for investigation or operational validation; align to local retention policy.,Keep searchable for security operations and evidence review; archive per policy thereafter.,Do not filter governance-relevant fields before indexing; consider selective edge reduction only after validating required evidence.,Tier 2,"change, configuration, system changes, modification, integrity",Change events are direct potential evidence of configuration and system modifications.,https://www.iso.org/standard/27001,"Framework control area classified to DIG governance capability, then capability mapped to Splunk CIM datamodel (seed patched 2026-08-03).",DIG seed - patched 2026-08-03,Potential CIM evidence seed: ISO 27001 A.8.20-A.8.22 → Change Monitoring / Change (High confidence).,2026-08-03T15:32:35Z
ISO 27001,ISO/IEC 27001:2022,A.8.20-A.8.22 - Network Security,A.8.20-A.8.22,Network Monitoring,Network_Resolution,High,Medium,Medium-High,Retain raw events where needed for investigation or operational validation; align to local retention policy.,Keep searchable for security operations and evidence review; archive per policy thereafter.,Do not filter governance-relevant fields before indexing; consider selective edge reduction only after validating required evidence.,Tier 1,"network, traffic, connections, communications, DNS, segmentation, perimeter",DNS/name-resolution telemetry can support potential evidence of network visibility and resolution monitoring.,https://www.iso.org/standard/27001,"Framework control area classified to DIG governance capability, then capability mapped to Splunk CIM datamodel (seed patched 2026-08-03).",DIG seed - patched 2026-08-03,Potential CIM evidence seed: ISO 27001 A.8.20-A.8.22 → Network Monitoring / Network_Resolution (Medium confidence).,2026-08-03T15:32:35Z
ISO 27001,ISO/IEC 27001:2022,A.8.20-A.8.22 - Network Security,A.8.20-A.8.22,Network Monitoring,Network_Sessions,High,Medium,Medium-High,Retain raw events where needed for investigation or operational validation; align to local retention policy.,Keep searchable for security operations and evidence review; archive per policy thereafter.,Do not filter governance-relevant fields before indexing; consider selective edge reduction only after validating required evidence.,Tier 1,"network, traffic, connections, communications, DNS, segmentation, perimeter",Session telemetry can support potential evidence of connection and communications monitoring.,https://www.iso.org/standard/27001,"Framework control area classified to DIG governance capability, then capability mapped to Splunk CIM datamodel (seed patched 2026-08-03).",DIG seed - patched 2026-08-03,Potential CIM evidence seed: ISO 27001 A.8.20-A.8.22 → Network Monitoring / Network_Sessions (Medium confidence).,2026-08-03T15:32:35Z
ISO 27001,ISO/IEC 27001:2022,A.8.20-A.8.22 - Network Security,A.8.20-A.8.22,Network Monitoring,Network_Traffic,High,High,High,Retain raw events for investigation and evidence review per policy; treat as high-value security telemetry.,Keep searchable through the investigation/audit window; archive thereafter per policy.,Preserve governance-relevant fields before indexing; avoid edge filtering that removes investigation evidence.,Tier 1,"network, traffic, connections, communications, DNS, segmentation, perimeter",Network traffic events are primary potential evidence for network monitoring and defense controls.,https://www.iso.org/standard/27001,"Framework control area classified to DIG governance capability, then capability mapped to Splunk CIM datamodel (seed patched 2026-08-03).",DIG seed - patched 2026-08-03,Potential CIM evidence seed: ISO 27001 A.8.20-A.8.22 → Network Monitoring / Network_Traffic (High confidence).,2026-08-03T15:32:35Z
ISO 27001,ISO/IEC 27001:2022,A.8.24 - Use of Cryptography,A.8.24,Certificate and Crypto Monitoring,Certificates,Medium-High,High,Medium-High,Retain raw events where needed for investigation or operational validation; align to local retention policy.,Keep searchable for security operations and evidence review; archive per policy thereafter.,Do not filter governance-relevant fields before indexing; consider selective edge reduction only after validating required evidence.,Tier 2,"certificate, cryptography, encryption, key management, TLS",Certificate lifecycle telemetry is direct potential evidence for crypto and TLS certificate controls.,https://www.iso.org/standard/27001,"Framework control area classified to DIG governance capability, then capability mapped to Splunk CIM datamodel (seed patched 2026-08-03).",DIG seed - patched 2026-08-03,Potential CIM evidence seed: ISO 27001 A.8.24 → Certificate and Crypto Monitoring / Certificates (High confidence).,2026-08-03T15:32:35Z
ISO 27001,ISO/IEC 27001:2022,A.8.7 - Protection Against Malware,A.8.7,Endpoint Monitoring,Compute_Inventory,Medium-High,Medium,Medium,Retain where useful for investigation or operational validation; do not treat as universal mandatory retention.,Keep searchable for operational review; archive or reduce per policy when no longer needed.,Prefer preserving key fields at the edge; reduce volume only after confirming evidence fields remain.,Tier 2,"endpoint, system, host, device, process, workload, inventory",Asset/inventory telemetry can support potential evidence of enterprise asset and software inventory.,https://www.iso.org/standard/27001,"Framework control area classified to DIG governance capability, then capability mapped to Splunk CIM datamodel (seed patched 2026-08-03).",DIG seed - patched 2026-08-03,Potential CIM evidence seed: ISO 27001 A.8.7 → Endpoint Monitoring / Compute_Inventory (Medium confidence).,2026-08-03T15:32:35Z
ISO 27001,ISO/IEC 27001:2022,A.8.7 - Protection Against Malware,A.8.7,Endpoint Monitoring,Endpoint,Medium-High,High,Medium-High,Retain raw events where needed for investigation or operational validation; align to local retention policy.,Keep searchable for security operations and evidence review; archive per policy thereafter.,Do not filter governance-relevant fields before indexing; consider selective edge reduction only after validating required evidence.,Tier 2,"endpoint, system, host, device, process, workload, inventory",Endpoint host/process telemetry is primary potential evidence for endpoint monitoring controls.,https://www.iso.org/standard/27001,"Framework control area classified to DIG governance capability, then capability mapped to Splunk CIM datamodel (seed patched 2026-08-03).",DIG seed - patched 2026-08-03,Potential CIM evidence seed: ISO 27001 A.8.7 → Endpoint Monitoring / Endpoint (High confidence).,2026-08-03T15:32:35Z
ISO 27001,ISO/IEC 27001:2022,A.8.7 - Protection Against Malware,A.8.7,Malware Monitoring,Endpoint,Medium-High,Medium,Medium,Retain where useful for investigation or operational validation; do not treat as universal mandatory retention.,Keep searchable for operational review; archive or reduce per policy when no longer needed.,Prefer preserving key fields at the edge; reduce volume only after confirming evidence fields remain.,Tier 2,"malware, malicious code, anti-malware, malicious activity",Endpoint process/file telemetry can support malware investigations as secondary host context only.,https://www.iso.org/standard/27001,"Framework control area classified to DIG governance capability, then capability mapped to Splunk CIM datamodel (seed patched 2026-08-03).",DIG seed - patched 2026-08-03,Potential CIM evidence seed: ISO 27001 A.8.7 → Malware Monitoring / Endpoint (Medium confidence).,2026-08-03T15:32:35Z
ISO 27001,ISO/IEC 27001:2022,A.8.7 - Protection Against Malware,A.8.7,Malware Monitoring,Malware,Medium-High,High,Medium-High,Retain raw events where needed for investigation or operational validation; align to local retention policy.,Keep searchable for security operations and evidence review; archive per policy thereafter.,Do not filter governance-relevant fields before indexing; consider selective edge reduction only after validating required evidence.,Tier 1,"malware, malicious code, anti-malware, malicious activity",Malware detection and protection events are primary potential evidence for malware-defense controls.,https://www.iso.org/standard/27001,"Framework control area classified to DIG governance capability, then capability mapped to Splunk CIM datamodel (seed patched 2026-08-03).",DIG seed - patched 2026-08-03,Potential CIM evidence seed: ISO 27001 A.8.7 → Malware Monitoring / Malware (High confidence).,2026-08-03T15:32:35Z
ISO 27001,ISO/IEC 27001:2022,A.8.8 - Management of Technical Vulnerabilities,A.8.8,Vulnerability Management,Updates,Medium-High,Medium,Medium,Retain where useful for investigation or operational validation; do not treat as universal mandatory retention.,Keep searchable for operational review; archive or reduce per policy when no longer needed.,Prefer preserving key fields at the edge; reduce volume only after confirming evidence fields remain.,Tier 1,"vulnerability, patching, remediation, updates, weaknesses",Patch/update telemetry can support potential evidence of remediation activity.,https://www.iso.org/standard/27001,"Framework control area classified to DIG governance capability, then capability mapped to Splunk CIM datamodel (seed patched 2026-08-03).",DIG seed - patched 2026-08-03,Potential CIM evidence seed: ISO 27001 A.8.8 → Vulnerability Management / Updates (Medium confidence).,2026-08-03T15:32:35Z
ISO 27001,ISO/IEC 27001:2022,A.8.8 - Management of Technical Vulnerabilities,A.8.8,Vulnerability Management,Vulnerabilities,Medium-High,High,Medium-High,Retain raw events where needed for investigation or operational validation; align to local retention policy.,Keep searchable for security operations and evidence review; archive per policy thereafter.,Do not filter governance-relevant fields before indexing; consider selective edge reduction only after validating required evidence.,Tier 1,"vulnerability, patching, remediation, updates, weaknesses",Vulnerability findings are primary potential evidence for continuous vulnerability management.,https://www.iso.org/standard/27001,"Framework control area classified to DIG governance capability, then capability mapped to Splunk CIM datamodel (seed patched 2026-08-03).",DIG seed - patched 2026-08-03,Potential CIM evidence seed: ISO 27001 A.8.8 → Vulnerability Management / Vulnerabilities (High confidence).,2026-08-03T15:32:35Z
NIS2,Directive (EU) 2022/2555,Art 21(2)(a) - Risk Analysis and Information System Security,Art 21(2)(a),Change Monitoring,Change,Medium-High,High,Medium-High,Retain raw events where needed for investigation or operational validation; align to local retention policy.,Keep searchable for security operations and evidence review; archive per policy thereafter.,Do not filter governance-relevant fields before indexing; consider selective edge reduction only after validating required evidence.,Tier 2,"change, configuration, system changes, modification, integrity",Change events are direct potential evidence of configuration and system modifications.,https://eur-lex.europa.eu/eli/dir/2022/2555/oj/eng,"Framework control area classified to DIG governance capability, then capability mapped to Splunk CIM datamodel (seed patched 2026-08-03).",DIG seed - patched 2026-08-03,Potential CIM evidence seed: NIS2 Art 21(2)(a) → Change Monitoring / Change (High confidence).,2026-08-03T15:32:35Z
NIS2,Directive (EU) 2022/2555,Art 21(2)(a) - Risk Analysis and Information System Security,Art 21(2)(a),Endpoint Monitoring,Compute_Inventory,Medium-High,Medium,Medium,Retain where useful for investigation or operational validation; do not treat as universal mandatory retention.,Keep searchable for operational review; archive or reduce per policy when no longer needed.,Prefer preserving key fields at the edge; reduce volume only after confirming evidence fields remain.,Tier 2,"endpoint, system, host, device, process, workload, inventory",Asset/inventory telemetry can support potential evidence of enterprise asset and software inventory.,https://eur-lex.europa.eu/eli/dir/2022/2555/oj/eng,"Framework control area classified to DIG governance capability, then capability mapped to Splunk CIM datamodel (seed patched 2026-08-03).",DIG seed - patched 2026-08-03,Potential CIM evidence seed: NIS2 Art 21(2)(a) → Endpoint Monitoring / Compute_Inventory (Medium confidence).,2026-08-03T15:32:35Z
NIS2,Directive (EU) 2022/2555,Art 21(2)(a) - Risk Analysis and Information System Security,Art 21(2)(a),Endpoint Monitoring,Endpoint,Medium-High,High,Medium-High,Retain raw events where needed for investigation or operational validation; align to local retention policy.,Keep searchable for security operations and evidence review; archive per policy thereafter.,Do not filter governance-relevant fields before indexing; consider selective edge reduction only after validating required evidence.,Tier 2,"endpoint, system, host, device, process, workload, inventory",Endpoint host/process telemetry is primary potential evidence for endpoint monitoring controls.,https://eur-lex.europa.eu/eli/dir/2022/2555/oj/eng,"Framework control area classified to DIG governance capability, then capability mapped to Splunk CIM datamodel (seed patched 2026-08-03).",DIG seed - patched 2026-08-03,Potential CIM evidence seed: NIS2 Art 21(2)(a) → Endpoint Monitoring / Endpoint (High confidence).,2026-08-03T15:32:35Z
NIS2,Directive (EU) 2022/2555,Art 21(2)(a) - Risk Analysis and Information System Security,Art 21(2)(a),Vulnerability Management,Updates,Medium-High,Medium,Medium,Retain where useful for investigation or operational validation; do not treat as universal mandatory retention.,Keep searchable for operational review; archive or reduce per policy when no longer needed.,Prefer preserving key fields at the edge; reduce volume only after confirming evidence fields remain.,Tier 1,"vulnerability, patching, remediation, updates, weaknesses",Patch/update telemetry can support potential evidence of remediation activity.,https://eur-lex.europa.eu/eli/dir/2022/2555/oj/eng,"Framework control area classified to DIG governance capability, then capability mapped to Splunk CIM datamodel (seed patched 2026-08-03).",DIG seed - patched 2026-08-03,Potential CIM evidence seed: NIS2 Art 21(2)(a) → Vulnerability Management / Updates (Medium confidence).,2026-08-03T15:32:35Z
NIS2,Directive (EU) 2022/2555,Art 21(2)(a) - Risk Analysis and Information System Security,Art 21(2)(a),Vulnerability Management,Vulnerabilities,Medium-High,High,Medium-High,Retain raw events where needed for investigation or operational validation; align to local retention policy.,Keep searchable for security operations and evidence review; archive per policy thereafter.,Do not filter governance-relevant fields before indexing; consider selective edge reduction only after validating required evidence.,Tier 1,"vulnerability, patching, remediation, updates, weaknesses",Vulnerability findings are primary potential evidence for continuous vulnerability management.,https://eur-lex.europa.eu/eli/dir/2022/2555/oj/eng,"Framework control area classified to DIG governance capability, then capability mapped to Splunk CIM datamodel (seed patched 2026-08-03).",DIG seed - patched 2026-08-03,Potential CIM evidence seed: NIS2 Art 21(2)(a) → Vulnerability Management / Vulnerabilities (High confidence).,2026-08-03T15:32:35Z
NIS2,Directive (EU) 2022/2555,Art 21(2)(b) - Incident Handling,Art 21(2)(b),Alerting and Detection,Alerts,High,High,High,Retain raw events for investigation and evidence review per policy; treat as high-value security telemetry.,Keep searchable through the investigation/audit window; archive thereafter per policy.,Preserve governance-relevant fields before indexing; avoid edge filtering that removes investigation evidence.,Tier 1,"alerts, detection, monitoring, intrusion, events, signatures",Alert outcomes are direct potential evidence of detection and monitoring activity.,https://eur-lex.europa.eu/eli/dir/2022/2555/oj/eng,"Framework control area classified to DIG governance capability, then capability mapped to Splunk CIM datamodel (seed patched 2026-08-03).",DIG seed - patched 2026-08-03,Potential CIM evidence seed: NIS2 Art 21(2)(b) → Alerting and Detection / Alerts (High confidence).,2026-08-03T15:32:35Z
NIS2,Directive (EU) 2022/2555,Art 21(2)(b) - Incident Handling,Art 21(2)(b),Alerting and Detection,Event_Signatures,High,Medium,Medium-High,Retain raw events where needed for investigation or operational validation; align to local retention policy.,Keep searchable for security operations and evidence review; archive per policy thereafter.,Do not filter governance-relevant fields before indexing; consider selective edge reduction only after validating required evidence.,Tier 1,"alerts, detection, monitoring, intrusion, events, signatures",Signature/rule-hit telemetry can support detection evidence where content-matching is used.,https://eur-lex.europa.eu/eli/dir/2022/2555/oj/eng,"Framework control area classified to DIG governance capability, then capability mapped to Splunk CIM datamodel (seed patched 2026-08-03).",DIG seed - patched 2026-08-03,Potential CIM evidence seed: NIS2 Art 21(2)(b) → Alerting and Detection / Event_Signatures (Medium confidence).,2026-08-03T15:32:35Z
NIS2,Directive (EU) 2022/2555,Art 21(2)(b) - Incident Handling,Art 21(2)(b),Alerting and Detection,Intrusion_Detection,High,Medium,Medium-High,Retain raw events where needed for investigation or operational validation; align to local retention policy.,Keep searchable for security operations and evidence review; archive per policy thereafter.,Do not filter governance-relevant fields before indexing; consider selective edge reduction only after validating required evidence.,Tier 1,"alerts, detection, monitoring, intrusion, events, signatures",IDS/IPS events can provide potential evidence of intrusion detection monitoring.,https://eur-lex.europa.eu/eli/dir/2022/2555/oj/eng,"Framework control area classified to DIG governance capability, then capability mapped to Splunk CIM datamodel (seed patched 2026-08-03).",DIG seed - patched 2026-08-03,Potential CIM evidence seed: NIS2 Art 21(2)(b) → Alerting and Detection / Intrusion_Detection (Medium confidence).,2026-08-03T15:32:35Z
NIS2,Directive (EU) 2022/2555,Art 21(2)(b) - Incident Handling,Art 21(2)(b),Incident and Case Management,Alerts,High,High,High,Retain raw events for investigation and evidence review per policy; treat as high-value security telemetry.,Keep searchable through the investigation/audit window; archive thereafter per policy.,Preserve governance-relevant fields before indexing; avoid edge filtering that removes investigation evidence.,Tier 1,"incident, response, case, escalation, ticket, reporting",Alert records can support potential evidence of incident detection handoff into response workflows.,https://eur-lex.europa.eu/eli/dir/2022/2555/oj/eng,"Framework control area classified to DIG governance capability, then capability mapped to Splunk CIM datamodel (seed patched 2026-08-03).",DIG seed - patched 2026-08-03,Potential CIM evidence seed: NIS2 Art 21(2)(b) → Incident and Case Management / Alerts (High confidence).,2026-08-03T15:32:35Z
NIS2,Directive (EU) 2022/2555,Art 21(2)(b) - Incident Handling,Art 21(2)(b),Incident and Case Management,Ticket_Management,High,High,High,Retain raw events for investigation and evidence review per policy; treat as high-value security telemetry.,Keep searchable through the investigation/audit window; archive thereafter per policy.,Preserve governance-relevant fields before indexing; avoid edge filtering that removes investigation evidence.,Tier 1,"incident, response, case, escalation, ticket, reporting",Ticket/case telemetry is primary potential evidence for incident and case-handling workflows.,https://eur-lex.europa.eu/eli/dir/2022/2555/oj/eng,"Framework control area classified to DIG governance capability, then capability mapped to Splunk CIM datamodel (seed patched 2026-08-03).",DIG seed - patched 2026-08-03,Potential CIM evidence seed: NIS2 Art 21(2)(b) → Incident and Case Management / Ticket_Management (High confidence).,2026-08-03T15:32:35Z
NIS2,Directive (EU) 2022/2555,Art 21(2)(c) - Business Continuity and Crisis Management,Art 21(2)(c),Application and Service Resilience,Databases,Medium,Medium,Low,Retention is optional guidance only; prioritize higher-confidence governance evidence sources first.,Short searchable window is usually sufficient; archive or drop per policy.,Edge reduction is acceptable if higher-confidence evidence sources remain intact for the same control area.,Tier 2,"availability, resilience, performance, service, application, database, processing integrity",Database health and access telemetry can support service-resilience evidence for data-tier workloads.,https://eur-lex.europa.eu/eli/dir/2022/2555/oj/eng,"Framework control area classified to DIG governance capability, then capability mapped to Splunk CIM datamodel (seed patched 2026-08-03).",DIG seed - patched 2026-08-03,Potential CIM evidence seed: NIS2 Art 21(2)(c) → Application and Service Resilience / Databases (Medium confidence).,2026-08-03T15:32:35Z
NIS2,Directive (EU) 2022/2555,Art 21(2)(c) - Business Continuity and Crisis Management,Art 21(2)(c),Application and Service Resilience,Performance,Medium,Medium,Low,Retention is optional guidance only; prioritize higher-confidence governance evidence sources first.,Short searchable window is usually sufficient; archive or drop per policy.,Edge reduction is acceptable if higher-confidence evidence sources remain intact for the same control area.,Tier 2,"availability, resilience, performance, service, application, database, processing integrity",Performance and availability metrics are primary potential evidence for operational resilience controls.,https://eur-lex.europa.eu/eli/dir/2022/2555/oj/eng,"Framework control area classified to DIG governance capability, then capability mapped to Splunk CIM datamodel (seed patched 2026-08-03).",DIG seed - patched 2026-08-03,Potential CIM evidence seed: NIS2 Art 21(2)(c) → Application and Service Resilience / Performance (Medium confidence).,2026-08-03T15:32:35Z
NIS2,Directive (EU) 2022/2555,Art 21(2)(c) - Business Continuity and Crisis Management,Art 21(2)(c),Incident and Case Management,Alerts,High,High,High,Retain raw events for investigation and evidence review per policy; treat as high-value security telemetry.,Keep searchable through the investigation/audit window; archive thereafter per policy.,Preserve governance-relevant fields before indexing; avoid edge filtering that removes investigation evidence.,Tier 1,"incident, response, case, escalation, ticket, reporting",Alert records can support potential evidence of incident detection handoff into response workflows.,https://eur-lex.europa.eu/eli/dir/2022/2555/oj/eng,"Framework control area classified to DIG governance capability, then capability mapped to Splunk CIM datamodel (seed patched 2026-08-03).",DIG seed - patched 2026-08-03,Potential CIM evidence seed: NIS2 Art 21(2)(c) → Incident and Case Management / Alerts (High confidence).,2026-08-03T15:32:35Z
NIS2,Directive (EU) 2022/2555,Art 21(2)(c) - Business Continuity and Crisis Management,Art 21(2)(c),Incident and Case Management,Ticket_Management,High,High,High,Retain raw events for investigation and evidence review per policy; treat as high-value security telemetry.,Keep searchable through the investigation/audit window; archive thereafter per policy.,Preserve governance-relevant fields before indexing; avoid edge filtering that removes investigation evidence.,Tier 1,"incident, response, case, escalation, ticket, reporting",Ticket/case telemetry is primary potential evidence for incident and case-handling workflows.,https://eur-lex.europa.eu/eli/dir/2022/2555/oj/eng,"Framework control area classified to DIG governance capability, then capability mapped to Splunk CIM datamodel (seed patched 2026-08-03).",DIG seed - patched 2026-08-03,Potential CIM evidence seed: NIS2 Art 21(2)(c) → Incident and Case Management / Ticket_Management (High confidence).,2026-08-03T15:32:35Z
NIS2,Directive (EU) 2022/2555,Art 21(2)(d) - Supply Chain Security,Art 21(2)(d),Application and Service Resilience,Databases,Medium,Medium,Low,Retention is optional guidance only; prioritize higher-confidence governance evidence sources first.,Short searchable window is usually sufficient; archive or drop per policy.,Edge reduction is acceptable if higher-confidence evidence sources remain intact for the same control area.,Tier 2,"availability, resilience, performance, service, application, database, processing integrity",Database health and access telemetry can support service-resilience evidence for data-tier workloads.,https://eur-lex.europa.eu/eli/dir/2022/2555/oj/eng,"Framework control area classified to DIG governance capability, then capability mapped to Splunk CIM datamodel (seed patched 2026-08-03).",DIG seed - patched 2026-08-03,Potential CIM evidence seed: NIS2 Art 21(2)(d) → Application and Service Resilience / Databases (Medium confidence).,2026-08-03T15:32:35Z
NIS2,Directive (EU) 2022/2555,Art 21(2)(d) - Supply Chain Security,Art 21(2)(d),Application and Service Resilience,Performance,Medium,Medium,Low,Retention is optional guidance only; prioritize higher-confidence governance evidence sources first.,Short searchable window is usually sufficient; archive or drop per policy.,Edge reduction is acceptable if higher-confidence evidence sources remain intact for the same control area.,Tier 2,"availability, resilience, performance, service, application, database, processing integrity",Performance and availability metrics are primary potential evidence for operational resilience controls.,https://eur-lex.europa.eu/eli/dir/2022/2555/oj/eng,"Framework control area classified to DIG governance capability, then capability mapped to Splunk CIM datamodel (seed patched 2026-08-03).",DIG seed - patched 2026-08-03,Potential CIM evidence seed: NIS2 Art 21(2)(d) → Application and Service Resilience / Performance (Medium confidence).,2026-08-03T15:32:35Z
NIS2,Directive (EU) 2022/2555,Art 21(2)(d) - Supply Chain Security,Art 21(2)(d),Change Monitoring,Change,Medium-High,High,Medium-High,Retain raw events where needed for investigation or operational validation; align to local retention policy.,Keep searchable for security operations and evidence review; archive per policy thereafter.,Do not filter governance-relevant fields before indexing; consider selective edge reduction only after validating required evidence.,Tier 2,"change, configuration, system changes, modification, integrity",Change events are direct potential evidence of configuration and system modifications.,https://eur-lex.europa.eu/eli/dir/2022/2555/oj/eng,"Framework control area classified to DIG governance capability, then capability mapped to Splunk CIM datamodel (seed patched 2026-08-03).",DIG seed - patched 2026-08-03,Potential CIM evidence seed: NIS2 Art 21(2)(d) → Change Monitoring / Change (High confidence).,2026-08-03T15:32:35Z
NIS2,Directive (EU) 2022/2555,Art 21(2)(e) - Acquisition Development and Maintenance Security,Art 21(2)(e),Change Monitoring,Change,Medium-High,High,Medium-High,Retain raw events where needed for investigation or operational validation; align to local retention policy.,Keep searchable for security operations and evidence review; archive per policy thereafter.,Do not filter governance-relevant fields before indexing; consider selective edge reduction only after validating required evidence.,Tier 2,"change, configuration, system changes, modification, integrity",Change events are direct potential evidence of configuration and system modifications.,https://eur-lex.europa.eu/eli/dir/2022/2555/oj/eng,"Framework control area classified to DIG governance capability, then capability mapped to Splunk CIM datamodel (seed patched 2026-08-03).",DIG seed - patched 2026-08-03,Potential CIM evidence seed: NIS2 Art 21(2)(e) → Change Monitoring / Change (High confidence).,2026-08-03T15:32:35Z
NIS2,Directive (EU) 2022/2555,Art 21(2)(e) - Acquisition Development and Maintenance Security,Art 21(2)(e),Vulnerability Management,Updates,Medium-High,Medium,Medium,Retain where useful for investigation or operational validation; do not treat as universal mandatory retention.,Keep searchable for operational review; archive or reduce per policy when no longer needed.,Prefer preserving key fields at the edge; reduce volume only after confirming evidence fields remain.,Tier 1,"vulnerability, patching, remediation, updates, weaknesses",Patch/update telemetry can support potential evidence of remediation activity.,https://eur-lex.europa.eu/eli/dir/2022/2555/oj/eng,"Framework control area classified to DIG governance capability, then capability mapped to Splunk CIM datamodel (seed patched 2026-08-03).",DIG seed - patched 2026-08-03,Potential CIM evidence seed: NIS2 Art 21(2)(e) → Vulnerability Management / Updates (Medium confidence).,2026-08-03T15:32:35Z
NIS2,Directive (EU) 2022/2555,Art 21(2)(e) - Acquisition Development and Maintenance Security,Art 21(2)(e),Vulnerability Management,Vulnerabilities,Medium-High,High,Medium-High,Retain raw events where needed for investigation or operational validation; align to local retention policy.,Keep searchable for security operations and evidence review; archive per policy thereafter.,Do not filter governance-relevant fields before indexing; consider selective edge reduction only after validating required evidence.,Tier 1,"vulnerability, patching, remediation, updates, weaknesses",Vulnerability findings are primary potential evidence for continuous vulnerability management.,https://eur-lex.europa.eu/eli/dir/2022/2555/oj/eng,"Framework control area classified to DIG governance capability, then capability mapped to Splunk CIM datamodel (seed patched 2026-08-03).",DIG seed - patched 2026-08-03,Potential CIM evidence seed: NIS2 Art 21(2)(e) → Vulnerability Management / Vulnerabilities (High confidence).,2026-08-03T15:32:35Z
NIS2,Directive (EU) 2022/2555,Art 21(2)(f) - Effectiveness Assessment,Art 21(2)(f),Alerting and Detection,Alerts,High,High,High,Retain raw events for investigation and evidence review per policy; treat as high-value security telemetry.,Keep searchable through the investigation/audit window; archive thereafter per policy.,Preserve governance-relevant fields before indexing; avoid edge filtering that removes investigation evidence.,Tier 1,"alerts, detection, monitoring, intrusion, events, signatures",Alert outcomes are direct potential evidence of detection and monitoring activity.,https://eur-lex.europa.eu/eli/dir/2022/2555/oj/eng,"Framework control area classified to DIG governance capability, then capability mapped to Splunk CIM datamodel (seed patched 2026-08-03).",DIG seed - patched 2026-08-03,Potential CIM evidence seed: NIS2 Art 21(2)(f) → Alerting and Detection / Alerts (High confidence).,2026-08-03T15:32:35Z
NIS2,Directive (EU) 2022/2555,Art 21(2)(f) - Effectiveness Assessment,Art 21(2)(f),Alerting and Detection,Event_Signatures,High,Medium,Medium-High,Retain raw events where needed for investigation or operational validation; align to local retention policy.,Keep searchable for security operations and evidence review; archive per policy thereafter.,Do not filter governance-relevant fields before indexing; consider selective edge reduction only after validating required evidence.,Tier 1,"alerts, detection, monitoring, intrusion, events, signatures",Signature/rule-hit telemetry can support detection evidence where content-matching is used.,https://eur-lex.europa.eu/eli/dir/2022/2555/oj/eng,"Framework control area classified to DIG governance capability, then capability mapped to Splunk CIM datamodel (seed patched 2026-08-03).",DIG seed - patched 2026-08-03,Potential CIM evidence seed: NIS2 Art 21(2)(f) → Alerting and Detection / Event_Signatures (Medium confidence).,2026-08-03T15:32:35Z
NIS2,Directive (EU) 2022/2555,Art 21(2)(f) - Effectiveness Assessment,Art 21(2)(f),Alerting and Detection,Intrusion_Detection,High,Medium,Medium-High,Retain raw events where needed for investigation or operational validation; align to local retention policy.,Keep searchable for security operations and evidence review; archive per policy thereafter.,Do not filter governance-relevant fields before indexing; consider selective edge reduction only after validating required evidence.,Tier 1,"alerts, detection, monitoring, intrusion, events, signatures",IDS/IPS events can provide potential evidence of intrusion detection monitoring.,https://eur-lex.europa.eu/eli/dir/2022/2555/oj/eng,"Framework control area classified to DIG governance capability, then capability mapped to Splunk CIM datamodel (seed patched 2026-08-03).",DIG seed - patched 2026-08-03,Potential CIM evidence seed: NIS2 Art 21(2)(f) → Alerting and Detection / Intrusion_Detection (Medium confidence).,2026-08-03T15:32:35Z
NIS2,Directive (EU) 2022/2555,Art 21(2)(f) - Effectiveness Assessment,Art 21(2)(f),Vulnerability Management,Updates,Medium-High,Medium,Medium,Retain where useful for investigation or operational validation; do not treat as universal mandatory retention.,Keep searchable for operational review; archive or reduce per policy when no longer needed.,Prefer preserving key fields at the edge; reduce volume only after confirming evidence fields remain.,Tier 1,"vulnerability, patching, remediation, updates, weaknesses",Patch/update telemetry can support potential evidence of remediation activity.,https://eur-lex.europa.eu/eli/dir/2022/2555/oj/eng,"Framework control area classified to DIG governance capability, then capability mapped to Splunk CIM datamodel (seed patched 2026-08-03).",DIG seed - patched 2026-08-03,Potential CIM evidence seed: NIS2 Art 21(2)(f) → Vulnerability Management / Updates (Medium confidence).,2026-08-03T15:32:35Z
NIS2,Directive (EU) 2022/2555,Art 21(2)(f) - Effectiveness Assessment,Art 21(2)(f),Vulnerability Management,Vulnerabilities,Medium-High,High,Medium-High,Retain raw events where needed for investigation or operational validation; align to local retention policy.,Keep searchable for security operations and evidence review; archive per policy thereafter.,Do not filter governance-relevant fields before indexing; consider selective edge reduction only after validating required evidence.,Tier 1,"vulnerability, patching, remediation, updates, weaknesses",Vulnerability findings are primary potential evidence for continuous vulnerability management.,https://eur-lex.europa.eu/eli/dir/2022/2555/oj/eng,"Framework control area classified to DIG governance capability, then capability mapped to Splunk CIM datamodel (seed patched 2026-08-03).",DIG seed - patched 2026-08-03,Potential CIM evidence seed: NIS2 Art 21(2)(f) → Vulnerability Management / Vulnerabilities (High confidence).,2026-08-03T15:32:35Z
NIS2,Directive (EU) 2022/2555,Art 21(2)(g) - Cyber Hygiene and Training,Art 21(2)(g),Authentication Monitoring,Authentication,High,High,High,Retain raw events for investigation and evidence review per policy; treat as high-value security telemetry.,Keep searchable through the investigation/audit window; archive thereafter per policy.,Preserve governance-relevant fields before indexing; avoid edge filtering that removes investigation evidence.,Tier 1,"authentication, logon, login, credentials, MFA, session, access attempt","Authentication events are direct potential evidence of logon, credential and session activity.",https://eur-lex.europa.eu/eli/dir/2022/2555/oj/eng,"Framework control area classified to DIG governance capability, then capability mapped to Splunk CIM datamodel (seed patched 2026-08-03).",DIG seed - patched 2026-08-03,Potential CIM evidence seed: NIS2 Art 21(2)(g) → Authentication Monitoring / Authentication (High confidence).,2026-08-03T15:32:35Z
NIS2,Directive (EU) 2022/2555,Art 21(2)(g) - Cyber Hygiene and Training,Art 21(2)(g),Endpoint Monitoring,Compute_Inventory,Medium-High,Medium,Medium,Retain where useful for investigation or operational validation; do not treat as universal mandatory retention.,Keep searchable for operational review; archive or reduce per policy when no longer needed.,Prefer preserving key fields at the edge; reduce volume only after confirming evidence fields remain.,Tier 2,"endpoint, system, host, device, process, workload, inventory",Asset/inventory telemetry can support potential evidence of enterprise asset and software inventory.,https://eur-lex.europa.eu/eli/dir/2022/2555/oj/eng,"Framework control area classified to DIG governance capability, then capability mapped to Splunk CIM datamodel (seed patched 2026-08-03).",DIG seed - patched 2026-08-03,Potential CIM evidence seed: NIS2 Art 21(2)(g) → Endpoint Monitoring / Compute_Inventory (Medium confidence).,2026-08-03T15:32:35Z
NIS2,Directive (EU) 2022/2555,Art 21(2)(g) - Cyber Hygiene and Training,Art 21(2)(g),Endpoint Monitoring,Endpoint,Medium-High,High,Medium-High,Retain raw events where needed for investigation or operational validation; align to local retention policy.,Keep searchable for security operations and evidence review; archive per policy thereafter.,Do not filter governance-relevant fields before indexing; consider selective edge reduction only after validating required evidence.,Tier 2,"endpoint, system, host, device, process, workload, inventory",Endpoint host/process telemetry is primary potential evidence for endpoint monitoring controls.,https://eur-lex.europa.eu/eli/dir/2022/2555/oj/eng,"Framework control area classified to DIG governance capability, then capability mapped to Splunk CIM datamodel (seed patched 2026-08-03).",DIG seed - patched 2026-08-03,Potential CIM evidence seed: NIS2 Art 21(2)(g) → Endpoint Monitoring / Endpoint (High confidence).,2026-08-03T15:32:35Z
NIS2,Directive (EU) 2022/2555,Art 21(2)(h) - Cryptography and Encryption,Art 21(2)(h),Certificate and Crypto Monitoring,Certificates,Medium-High,High,Medium-High,Retain raw events where needed for investigation or operational validation; align to local retention policy.,Keep searchable for security operations and evidence review; archive per policy thereafter.,Do not filter governance-relevant fields before indexing; consider selective edge reduction only after validating required evidence.,Tier 2,"certificate, cryptography, encryption, key management, TLS",Certificate lifecycle telemetry is direct potential evidence for crypto and TLS certificate controls.,https://eur-lex.europa.eu/eli/dir/2022/2555/oj/eng,"Framework control area classified to DIG governance capability, then capability mapped to Splunk CIM datamodel (seed patched 2026-08-03).",DIG seed - patched 2026-08-03,Potential CIM evidence seed: NIS2 Art 21(2)(h) → Certificate and Crypto Monitoring / Certificates (High confidence).,2026-08-03T15:32:35Z
NIS2,Directive (EU) 2022/2555,Art 21(2)(h) - Cryptography and Encryption,Art 21(2)(h),Data Access Monitoring,DLP,High,Medium,Medium-High,Retain raw events where needed for investigation or operational validation; align to local retention policy.,Keep searchable for security operations and evidence review; archive per policy thereafter.,Do not filter governance-relevant fields before indexing; consider selective edge reduction only after validating required evidence.,Tier 1,"data access, sensitive data, cardholder data, personal data, confidentiality, exfiltration",DLP events can support potential evidence of sensitive-data loss prevention monitoring.,https://eur-lex.europa.eu/eli/dir/2022/2555/oj/eng,"Framework control area classified to DIG governance capability, then capability mapped to Splunk CIM datamodel (seed patched 2026-08-03).",DIG seed - patched 2026-08-03,Potential CIM evidence seed: NIS2 Art 21(2)(h) → Data Access Monitoring / DLP (Medium confidence).,2026-08-03T15:32:35Z
NIS2,Directive (EU) 2022/2555,Art 21(2)(h) - Cryptography and Encryption,Art 21(2)(h),Data Access Monitoring,Data_Access,High,High,High,Retain raw events for investigation and evidence review per policy; treat as high-value security telemetry.,Keep searchable through the investigation/audit window; archive thereafter per policy.,Preserve governance-relevant fields before indexing; avoid edge filtering that removes investigation evidence.,Tier 1,"data access, sensitive data, cardholder data, personal data, confidentiality, exfiltration",Data access events are primary potential evidence for sensitive-data access visibility.,https://eur-lex.europa.eu/eli/dir/2022/2555/oj/eng,"Framework control area classified to DIG governance capability, then capability mapped to Splunk CIM datamodel (seed patched 2026-08-03).",DIG seed - patched 2026-08-03,Potential CIM evidence seed: NIS2 Art 21(2)(h) → Data Access Monitoring / Data_Access (High confidence).,2026-08-03T15:32:35Z
NIS2,Directive (EU) 2022/2555,Art 21(2)(i) - HR Security Access Control and Asset Management,Art 21(2)(i),Authentication Monitoring,Authentication,High,High,High,Retain raw events for investigation and evidence review per policy; treat as high-value security telemetry.,Keep searchable through the investigation/audit window; archive thereafter per policy.,Preserve governance-relevant fields before indexing; avoid edge filtering that removes investigation evidence.,Tier 1,"authentication, logon, login, credentials, MFA, session, access attempt","Authentication events are direct potential evidence of logon, credential and session activity.",https://eur-lex.europa.eu/eli/dir/2022/2555/oj/eng,"Framework control area classified to DIG governance capability, then capability mapped to Splunk CIM datamodel (seed patched 2026-08-03).",DIG seed - patched 2026-08-03,Potential CIM evidence seed: NIS2 Art 21(2)(i) → Authentication Monitoring / Authentication (High confidence).,2026-08-03T15:32:35Z
NIS2,Directive (EU) 2022/2555,Art 21(2)(i) - HR Security Access Control and Asset Management,Art 21(2)(i),Endpoint Monitoring,Compute_Inventory,Medium-High,Medium,Medium,Retain where useful for investigation or operational validation; do not treat as universal mandatory retention.,Keep searchable for operational review; archive or reduce per policy when no longer needed.,Prefer preserving key fields at the edge; reduce volume only after confirming evidence fields remain.,Tier 2,"endpoint, system, host, device, process, workload, inventory",Asset/inventory telemetry can support potential evidence of enterprise asset and software inventory.,https://eur-lex.europa.eu/eli/dir/2022/2555/oj/eng,"Framework control area classified to DIG governance capability, then capability mapped to Splunk CIM datamodel (seed patched 2026-08-03).",DIG seed - patched 2026-08-03,Potential CIM evidence seed: NIS2 Art 21(2)(i) → Endpoint Monitoring / Compute_Inventory (Medium confidence).,2026-08-03T15:32:35Z
NIS2,Directive (EU) 2022/2555,Art 21(2)(i) - HR Security Access Control and Asset Management,Art 21(2)(i),Endpoint Monitoring,Endpoint,Medium-High,High,Medium-High,Retain raw events where needed for investigation or operational validation; align to local retention policy.,Keep searchable for security operations and evidence review; archive per policy thereafter.,Do not filter governance-relevant fields before indexing; consider selective edge reduction only after validating required evidence.,Tier 2,"endpoint, system, host, device, process, workload, inventory",Endpoint host/process telemetry is primary potential evidence for endpoint monitoring controls.,https://eur-lex.europa.eu/eli/dir/2022/2555/oj/eng,"Framework control area classified to DIG governance capability, then capability mapped to Splunk CIM datamodel (seed patched 2026-08-03).",DIG seed - patched 2026-08-03,Potential CIM evidence seed: NIS2 Art 21(2)(i) → Endpoint Monitoring / Endpoint (High confidence).,2026-08-03T15:32:35Z
NIS2,Directive (EU) 2022/2555,Art 21(2)(i) - HR Security Access Control and Asset Management,Art 21(2)(i),Privileged Access Monitoring,Authentication,High,High,High,Retain raw events for investigation and evidence review per policy; treat as high-value security telemetry.,Keep searchable through the investigation/audit window; archive thereafter per policy.,Preserve governance-relevant fields before indexing; avoid edge filtering that removes investigation evidence.,Tier 1,"privileged access, administrator, remote access, account activity, access rights",Authentication context is primary potential evidence for privileged access and admin logon activity.,https://eur-lex.europa.eu/eli/dir/2022/2555/oj/eng,"Framework control area classified to DIG governance capability, then capability mapped to Splunk CIM datamodel (seed patched 2026-08-03).",DIG seed - patched 2026-08-03,Potential CIM evidence seed: NIS2 Art 21(2)(i) → Privileged Access Monitoring / Authentication (High confidence).,2026-08-03T15:32:35Z
NIS2,Directive (EU) 2022/2555,Art 21(2)(i) - HR Security Access Control and Asset Management,Art 21(2)(i),Privileged Access Monitoring,Change,High,High,High,Retain raw events for investigation and evidence review per policy; treat as high-value security telemetry.,Keep searchable through the investigation/audit window; archive thereafter per policy.,Preserve governance-relevant fields before indexing; avoid edge filtering that removes investigation evidence.,Tier 1,"privileged access, administrator, remote access, account activity, access rights",Administrative change events can support potential evidence of privileged configuration activity.,https://eur-lex.europa.eu/eli/dir/2022/2555/oj/eng,"Framework control area classified to DIG governance capability, then capability mapped to Splunk CIM datamodel (seed patched 2026-08-03).",DIG seed - patched 2026-08-03,Potential CIM evidence seed: NIS2 Art 21(2)(i) → Privileged Access Monitoring / Change (High confidence).,2026-08-03T15:32:35Z
NIS2,Directive (EU) 2022/2555,Art 21(2)(j) - MFA and Secure Communications,Art 21(2)(j),Authentication Monitoring,Authentication,High,High,High,Retain raw events for investigation and evidence review per policy; treat as high-value security telemetry.,Keep searchable through the investigation/audit window; archive thereafter per policy.,Preserve governance-relevant fields before indexing; avoid edge filtering that removes investigation evidence.,Tier 1,"authentication, logon, login, credentials, MFA, session, access attempt","Authentication events are direct potential evidence of logon, credential and session activity.",https://eur-lex.europa.eu/eli/dir/2022/2555/oj/eng,"Framework control area classified to DIG governance capability, then capability mapped to Splunk CIM datamodel (seed patched 2026-08-03).",DIG seed - patched 2026-08-03,Potential CIM evidence seed: NIS2 Art 21(2)(j) → Authentication Monitoring / Authentication (High confidence).,2026-08-03T15:32:35Z
NIS2,Directive (EU) 2022/2555,Art 21(2)(j) - MFA and Secure Communications,Art 21(2)(j),Certificate and Crypto Monitoring,Certificates,Medium-High,High,Medium-High,Retain raw events where needed for investigation or operational validation; align to local retention policy.,Keep searchable for security operations and evidence review; archive per policy thereafter.,Do not filter governance-relevant fields before indexing; consider selective edge reduction only after validating required evidence.,Tier 2,"certificate, cryptography, encryption, key management, TLS",Certificate lifecycle telemetry is direct potential evidence for crypto and TLS certificate controls.,https://eur-lex.europa.eu/eli/dir/2022/2555/oj/eng,"Framework control area classified to DIG governance capability, then capability mapped to Splunk CIM datamodel (seed patched 2026-08-03).",DIG seed - patched 2026-08-03,Potential CIM evidence seed: NIS2 Art 21(2)(j) → Certificate and Crypto Monitoring / Certificates (High confidence).,2026-08-03T15:32:35Z
NIS2,Directive (EU) 2022/2555,Art 21(2)(j) - MFA and Secure Communications,Art 21(2)(j),Email Monitoring,Email,Medium-High,High,Medium-High,Retain raw events where needed for investigation or operational validation; align to local retention policy.,Keep searchable for security operations and evidence review; archive per policy thereafter.,Do not filter governance-relevant fields before indexing; consider selective edge reduction only after validating required evidence.,Tier 2,"email, phishing, mail, messaging",Email telemetry is direct potential evidence for email security and messaging controls.,https://eur-lex.europa.eu/eli/dir/2022/2555/oj/eng,"Framework control area classified to DIG governance capability, then capability mapped to Splunk CIM datamodel (seed patched 2026-08-03).",DIG seed - patched 2026-08-03,Potential CIM evidence seed: NIS2 Art 21(2)(j) → Email Monitoring / Email (High confidence).,2026-08-03T15:32:35Z
NIST CSF 2.0,2.0,DE.CM - Continuous Monitoring,DE.CM,Alerting and Detection,Alerts,High,High,High,Retain raw events for investigation and evidence review per policy; treat as high-value security telemetry.,Keep searchable through the investigation/audit window; archive thereafter per policy.,Preserve governance-relevant fields before indexing; avoid edge filtering that removes investigation evidence.,Tier 1,"alerts, detection, monitoring, intrusion, events, signatures",Alert outcomes are direct potential evidence of detection and monitoring activity.,https://nvlpubs.nist.gov/nistpubs/CSWP/NIST.CSWP.29.pdf,"Framework control area classified to DIG governance capability, then capability mapped to Splunk CIM datamodel (seed patched 2026-08-03).",DIG seed - patched 2026-08-03,Potential CIM evidence seed: NIST CSF 2.0 DE.CM → Alerting and Detection / Alerts (High confidence).,2026-08-03T15:32:35Z
NIST CSF 2.0,2.0,DE.CM - Continuous Monitoring,DE.CM,Alerting and Detection,Event_Signatures,High,Medium,Medium-High,Retain raw events where needed for investigation or operational validation; align to local retention policy.,Keep searchable for security operations and evidence review; archive per policy thereafter.,Do not filter governance-relevant fields before indexing; consider selective edge reduction only after validating required evidence.,Tier 1,"alerts, detection, monitoring, intrusion, events, signatures",Signature/rule-hit telemetry can support detection evidence where content-matching is used.,https://nvlpubs.nist.gov/nistpubs/CSWP/NIST.CSWP.29.pdf,"Framework control area classified to DIG governance capability, then capability mapped to Splunk CIM datamodel (seed patched 2026-08-03).",DIG seed - patched 2026-08-03,Potential CIM evidence seed: NIST CSF 2.0 DE.CM → Alerting and Detection / Event_Signatures (Medium confidence).,2026-08-03T15:32:35Z
NIST CSF 2.0,2.0,DE.CM - Continuous Monitoring,DE.CM,Alerting and Detection,Intrusion_Detection,High,Medium,Medium-High,Retain raw events where needed for investigation or operational validation; align to local retention policy.,Keep searchable for security operations and evidence review; archive per policy thereafter.,Do not filter governance-relevant fields before indexing; consider selective edge reduction only after validating required evidence.,Tier 1,"alerts, detection, monitoring, intrusion, events, signatures",IDS/IPS events can provide potential evidence of intrusion detection monitoring.,https://nvlpubs.nist.gov/nistpubs/CSWP/NIST.CSWP.29.pdf,"Framework control area classified to DIG governance capability, then capability mapped to Splunk CIM datamodel (seed patched 2026-08-03).",DIG seed - patched 2026-08-03,Potential CIM evidence seed: NIST CSF 2.0 DE.CM → Alerting and Detection / Intrusion_Detection (Medium confidence).,2026-08-03T15:32:35Z
NIST CSF 2.0,2.0,DE.CM - Continuous Monitoring,DE.CM,Authentication Monitoring,Authentication,High,High,High,Retain raw events for investigation and evidence review per policy; treat as high-value security telemetry.,Keep searchable through the investigation/audit window; archive thereafter per policy.,Preserve governance-relevant fields before indexing; avoid edge filtering that removes investigation evidence.,Tier 1,"authentication, logon, login, credentials, MFA, session, access attempt","Authentication events are direct potential evidence of logon, credential and session activity.",https://nvlpubs.nist.gov/nistpubs/CSWP/NIST.CSWP.29.pdf,"Framework control area classified to DIG governance capability, then capability mapped to Splunk CIM datamodel (seed patched 2026-08-03).",DIG seed - patched 2026-08-03,Potential CIM evidence seed: NIST CSF 2.0 DE.CM → Authentication Monitoring / Authentication (High confidence).,2026-08-03T15:32:35Z
NIST CSF 2.0,2.0,DE.CM - Continuous Monitoring,DE.CM,Endpoint Monitoring,Compute_Inventory,Medium-High,Medium,Medium,Retain where useful for investigation or operational validation; do not treat as universal mandatory retention.,Keep searchable for operational review; archive or reduce per policy when no longer needed.,Prefer preserving key fields at the edge; reduce volume only after confirming evidence fields remain.,Tier 2,"endpoint, system, host, device, process, workload, inventory",Asset/inventory telemetry can support potential evidence of enterprise asset and software inventory.,https://nvlpubs.nist.gov/nistpubs/CSWP/NIST.CSWP.29.pdf,"Framework control area classified to DIG governance capability, then capability mapped to Splunk CIM datamodel (seed patched 2026-08-03).",DIG seed - patched 2026-08-03,Potential CIM evidence seed: NIST CSF 2.0 DE.CM → Endpoint Monitoring / Compute_Inventory (Medium confidence).,2026-08-03T15:32:35Z
NIST CSF 2.0,2.0,DE.CM - Continuous Monitoring,DE.CM,Endpoint Monitoring,Endpoint,Medium-High,High,Medium-High,Retain raw events where needed for investigation or operational validation; align to local retention policy.,Keep searchable for security operations and evidence review; archive per policy thereafter.,Do not filter governance-relevant fields before indexing; consider selective edge reduction only after validating required evidence.,Tier 2,"endpoint, system, host, device, process, workload, inventory",Endpoint host/process telemetry is primary potential evidence for endpoint monitoring controls.,https://nvlpubs.nist.gov/nistpubs/CSWP/NIST.CSWP.29.pdf,"Framework control area classified to DIG governance capability, then capability mapped to Splunk CIM datamodel (seed patched 2026-08-03).",DIG seed - patched 2026-08-03,Potential CIM evidence seed: NIST CSF 2.0 DE.CM → Endpoint Monitoring / Endpoint (High confidence).,2026-08-03T15:32:35Z
NIST CSF 2.0,2.0,DE.CM - Continuous Monitoring,DE.CM,Malware Monitoring,Endpoint,Medium-High,Medium,Medium,Retain where useful for investigation or operational validation; do not treat as universal mandatory retention.,Keep searchable for operational review; archive or reduce per policy when no longer needed.,Prefer preserving key fields at the edge; reduce volume only after confirming evidence fields remain.,Tier 2,"malware, malicious code, anti-malware, malicious activity",Endpoint process/file telemetry can support malware investigations as secondary host context only.,https://nvlpubs.nist.gov/nistpubs/CSWP/NIST.CSWP.29.pdf,"Framework control area classified to DIG governance capability, then capability mapped to Splunk CIM datamodel (seed patched 2026-08-03).",DIG seed - patched 2026-08-03,Potential CIM evidence seed: NIST CSF 2.0 DE.CM → Malware Monitoring / Endpoint (Medium confidence).,2026-08-03T15:32:35Z
NIST CSF 2.0,2.0,DE.CM - Continuous Monitoring,DE.CM,Malware Monitoring,Malware,Medium-High,High,Medium-High,Retain raw events where needed for investigation or operational validation; align to local retention policy.,Keep searchable for security operations and evidence review; archive per policy thereafter.,Do not filter governance-relevant fields before indexing; consider selective edge reduction only after validating required evidence.,Tier 1,"malware, malicious code, anti-malware, malicious activity",Malware detection and protection events are primary potential evidence for malware-defense controls.,https://nvlpubs.nist.gov/nistpubs/CSWP/NIST.CSWP.29.pdf,"Framework control area classified to DIG governance capability, then capability mapped to Splunk CIM datamodel (seed patched 2026-08-03).",DIG seed - patched 2026-08-03,Potential CIM evidence seed: NIST CSF 2.0 DE.CM → Malware Monitoring / Malware (High confidence).,2026-08-03T15:32:35Z
NIST CSF 2.0,2.0,DE.CM - Continuous Monitoring,DE.CM,Network Monitoring,Network_Resolution,High,Medium,Medium-High,Retain raw events where needed for investigation or operational validation; align to local retention policy.,Keep searchable for security operations and evidence review; archive per policy thereafter.,Do not filter governance-relevant fields before indexing; consider selective edge reduction only after validating required evidence.,Tier 1,"network, traffic, connections, communications, DNS, segmentation, perimeter",DNS/name-resolution telemetry can support potential evidence of network visibility and resolution monitoring.,https://nvlpubs.nist.gov/nistpubs/CSWP/NIST.CSWP.29.pdf,"Framework control area classified to DIG governance capability, then capability mapped to Splunk CIM datamodel (seed patched 2026-08-03).",DIG seed - patched 2026-08-03,Potential CIM evidence seed: NIST CSF 2.0 DE.CM → Network Monitoring / Network_Resolution (Medium confidence).,2026-08-03T15:32:35Z
NIST CSF 2.0,2.0,DE.CM - Continuous Monitoring,DE.CM,Network Monitoring,Network_Sessions,High,Medium,Medium-High,Retain raw events where needed for investigation or operational validation; align to local retention policy.,Keep searchable for security operations and evidence review; archive per policy thereafter.,Do not filter governance-relevant fields before indexing; consider selective edge reduction only after validating required evidence.,Tier 1,"network, traffic, connections, communications, DNS, segmentation, perimeter",Session telemetry can support potential evidence of connection and communications monitoring.,https://nvlpubs.nist.gov/nistpubs/CSWP/NIST.CSWP.29.pdf,"Framework control area classified to DIG governance capability, then capability mapped to Splunk CIM datamodel (seed patched 2026-08-03).",DIG seed - patched 2026-08-03,Potential CIM evidence seed: NIST CSF 2.0 DE.CM → Network Monitoring / Network_Sessions (Medium confidence).,2026-08-03T15:32:35Z
NIST CSF 2.0,2.0,DE.CM - Continuous Monitoring,DE.CM,Network Monitoring,Network_Traffic,High,High,High,Retain raw events for investigation and evidence review per policy; treat as high-value security telemetry.,Keep searchable through the investigation/audit window; archive thereafter per policy.,Preserve governance-relevant fields before indexing; avoid edge filtering that removes investigation evidence.,Tier 1,"network, traffic, connections, communications, DNS, segmentation, perimeter",Network traffic events are primary potential evidence for network monitoring and defense controls.,https://nvlpubs.nist.gov/nistpubs/CSWP/NIST.CSWP.29.pdf,"Framework control area classified to DIG governance capability, then capability mapped to Splunk CIM datamodel (seed patched 2026-08-03).",DIG seed - patched 2026-08-03,Potential CIM evidence seed: NIST CSF 2.0 DE.CM → Network Monitoring / Network_Traffic (High confidence).,2026-08-03T15:32:35Z
NIST CSF 2.0,2.0,GV - Govern,GV,Change Monitoring,Change,Medium-High,High,Medium-High,Retain raw events where needed for investigation or operational validation; align to local retention policy.,Keep searchable for security operations and evidence review; archive per policy thereafter.,Do not filter governance-relevant fields before indexing; consider selective edge reduction only after validating required evidence.,Tier 2,"change, configuration, system changes, modification, integrity",Change events are direct potential evidence of configuration and system modifications.,https://nvlpubs.nist.gov/nistpubs/CSWP/NIST.CSWP.29.pdf,"Framework control area classified to DIG governance capability, then capability mapped to Splunk CIM datamodel (seed patched 2026-08-03).",DIG seed - patched 2026-08-03,Potential CIM evidence seed: NIST CSF 2.0 GV → Change Monitoring / Change (High confidence).,2026-08-03T15:32:35Z
NIST CSF 2.0,2.0,GV - Govern,GV,Incident and Case Management,Alerts,High,High,High,Retain raw events for investigation and evidence review per policy; treat as high-value security telemetry.,Keep searchable through the investigation/audit window; archive thereafter per policy.,Preserve governance-relevant fields before indexing; avoid edge filtering that removes investigation evidence.,Tier 1,"incident, response, case, escalation, ticket, reporting",Alert records can support potential evidence of incident detection handoff into response workflows.,https://nvlpubs.nist.gov/nistpubs/CSWP/NIST.CSWP.29.pdf,"Framework control area classified to DIG governance capability, then capability mapped to Splunk CIM datamodel (seed patched 2026-08-03).",DIG seed - patched 2026-08-03,Potential CIM evidence seed: NIST CSF 2.0 GV → Incident and Case Management / Alerts (High confidence).,2026-08-03T15:32:35Z
NIST CSF 2.0,2.0,GV - Govern,GV,Incident and Case Management,Ticket_Management,High,High,High,Retain raw events for investigation and evidence review per policy; treat as high-value security telemetry.,Keep searchable through the investigation/audit window; archive thereafter per policy.,Preserve governance-relevant fields before indexing; avoid edge filtering that removes investigation evidence.,Tier 1,"incident, response, case, escalation, ticket, reporting",Ticket/case telemetry is primary potential evidence for incident and case-handling workflows.,https://nvlpubs.nist.gov/nistpubs/CSWP/NIST.CSWP.29.pdf,"Framework control area classified to DIG governance capability, then capability mapped to Splunk CIM datamodel (seed patched 2026-08-03).",DIG seed - patched 2026-08-03,Potential CIM evidence seed: NIST CSF 2.0 GV → Incident and Case Management / Ticket_Management (High confidence).,2026-08-03T15:32:35Z
NIST CSF 2.0,2.0,ID.AM - Asset Management,ID.AM,Application and Service Resilience,Databases,Medium,Medium,Low,Retention is optional guidance only; prioritize higher-confidence governance evidence sources first.,Short searchable window is usually sufficient; archive or drop per policy.,Edge reduction is acceptable if higher-confidence evidence sources remain intact for the same control area.,Tier 2,"availability, resilience, performance, service, application, database, processing integrity",Database health and access telemetry can support service-resilience evidence for data-tier workloads.,https://nvlpubs.nist.gov/nistpubs/CSWP/NIST.CSWP.29.pdf,"Framework control area classified to DIG governance capability, then capability mapped to Splunk CIM datamodel (seed patched 2026-08-03).",DIG seed - patched 2026-08-03,Potential CIM evidence seed: NIST CSF 2.0 ID.AM → Application and Service Resilience / Databases (Medium confidence).,2026-08-03T15:32:35Z
NIST CSF 2.0,2.0,ID.AM - Asset Management,ID.AM,Application and Service Resilience,Performance,Medium,Medium,Low,Retention is optional guidance only; prioritize higher-confidence governance evidence sources first.,Short searchable window is usually sufficient; archive or drop per policy.,Edge reduction is acceptable if higher-confidence evidence sources remain intact for the same control area.,Tier 2,"availability, resilience, performance, service, application, database, processing integrity",Performance and availability metrics are primary potential evidence for operational resilience controls.,https://nvlpubs.nist.gov/nistpubs/CSWP/NIST.CSWP.29.pdf,"Framework control area classified to DIG governance capability, then capability mapped to Splunk CIM datamodel (seed patched 2026-08-03).",DIG seed - patched 2026-08-03,Potential CIM evidence seed: NIST CSF 2.0 ID.AM → Application and Service Resilience / Performance (Medium confidence).,2026-08-03T15:32:35Z
NIST CSF 2.0,2.0,ID.AM - Asset Management,ID.AM,Endpoint Monitoring,Compute_Inventory,Medium-High,Medium,Medium,Retain where useful for investigation or operational validation; do not treat as universal mandatory retention.,Keep searchable for operational review; archive or reduce per policy when no longer needed.,Prefer preserving key fields at the edge; reduce volume only after confirming evidence fields remain.,Tier 2,"endpoint, system, host, device, process, workload, inventory",Asset/inventory telemetry can support potential evidence of enterprise asset and software inventory.,https://nvlpubs.nist.gov/nistpubs/CSWP/NIST.CSWP.29.pdf,"Framework control area classified to DIG governance capability, then capability mapped to Splunk CIM datamodel (seed patched 2026-08-03).",DIG seed - patched 2026-08-03,Potential CIM evidence seed: NIST CSF 2.0 ID.AM → Endpoint Monitoring / Compute_Inventory (Medium confidence).,2026-08-03T15:32:35Z
NIST CSF 2.0,2.0,ID.AM - Asset Management,ID.AM,Endpoint Monitoring,Endpoint,Medium-High,High,Medium-High,Retain raw events where needed for investigation or operational validation; align to local retention policy.,Keep searchable for security operations and evidence review; archive per policy thereafter.,Do not filter governance-relevant fields before indexing; consider selective edge reduction only after validating required evidence.,Tier 2,"endpoint, system, host, device, process, workload, inventory",Endpoint host/process telemetry is primary potential evidence for endpoint monitoring controls.,https://nvlpubs.nist.gov/nistpubs/CSWP/NIST.CSWP.29.pdf,"Framework control area classified to DIG governance capability, then capability mapped to Splunk CIM datamodel (seed patched 2026-08-03).",DIG seed - patched 2026-08-03,Potential CIM evidence seed: NIST CSF 2.0 ID.AM → Endpoint Monitoring / Endpoint (High confidence).,2026-08-03T15:32:35Z
NIST CSF 2.0,2.0,ID.RA - Risk Assessment,ID.RA,Alerting and Detection,Alerts,High,High,High,Retain raw events for investigation and evidence review per policy; treat as high-value security telemetry.,Keep searchable through the investigation/audit window; archive thereafter per policy.,Preserve governance-relevant fields before indexing; avoid edge filtering that removes investigation evidence.,Tier 1,"alerts, detection, monitoring, intrusion, events, signatures",Alert outcomes are direct potential evidence of detection and monitoring activity.,https://nvlpubs.nist.gov/nistpubs/CSWP/NIST.CSWP.29.pdf,"Framework control area classified to DIG governance capability, then capability mapped to Splunk CIM datamodel (seed patched 2026-08-03).",DIG seed - patched 2026-08-03,Potential CIM evidence seed: NIST CSF 2.0 ID.RA → Alerting and Detection / Alerts (High confidence).,2026-08-03T15:32:35Z
NIST CSF 2.0,2.0,ID.RA - Risk Assessment,ID.RA,Alerting and Detection,Event_Signatures,High,Medium,Medium-High,Retain raw events where needed for investigation or operational validation; align to local retention policy.,Keep searchable for security operations and evidence review; archive per policy thereafter.,Do not filter governance-relevant fields before indexing; consider selective edge reduction only after validating required evidence.,Tier 1,"alerts, detection, monitoring, intrusion, events, signatures",Signature/rule-hit telemetry can support detection evidence where content-matching is used.,https://nvlpubs.nist.gov/nistpubs/CSWP/NIST.CSWP.29.pdf,"Framework control area classified to DIG governance capability, then capability mapped to Splunk CIM datamodel (seed patched 2026-08-03).",DIG seed - patched 2026-08-03,Potential CIM evidence seed: NIST CSF 2.0 ID.RA → Alerting and Detection / Event_Signatures (Medium confidence).,2026-08-03T15:32:35Z
NIST CSF 2.0,2.0,ID.RA - Risk Assessment,ID.RA,Alerting and Detection,Intrusion_Detection,High,Medium,Medium-High,Retain raw events where needed for investigation or operational validation; align to local retention policy.,Keep searchable for security operations and evidence review; archive per policy thereafter.,Do not filter governance-relevant fields before indexing; consider selective edge reduction only after validating required evidence.,Tier 1,"alerts, detection, monitoring, intrusion, events, signatures",IDS/IPS events can provide potential evidence of intrusion detection monitoring.,https://nvlpubs.nist.gov/nistpubs/CSWP/NIST.CSWP.29.pdf,"Framework control area classified to DIG governance capability, then capability mapped to Splunk CIM datamodel (seed patched 2026-08-03).",DIG seed - patched 2026-08-03,Potential CIM evidence seed: NIST CSF 2.0 ID.RA → Alerting and Detection / Intrusion_Detection (Medium confidence).,2026-08-03T15:32:35Z
NIST CSF 2.0,2.0,ID.RA - Risk Assessment,ID.RA,Vulnerability Management,Updates,Medium-High,Medium,Medium,Retain where useful for investigation or operational validation; do not treat as universal mandatory retention.,Keep searchable for operational review; archive or reduce per policy when no longer needed.,Prefer preserving key fields at the edge; reduce volume only after confirming evidence fields remain.,Tier 1,"vulnerability, patching, remediation, updates, weaknesses",Patch/update telemetry can support potential evidence of remediation activity.,https://nvlpubs.nist.gov/nistpubs/CSWP/NIST.CSWP.29.pdf,"Framework control area classified to DIG governance capability, then capability mapped to Splunk CIM datamodel (seed patched 2026-08-03).",DIG seed - patched 2026-08-03,Potential CIM evidence seed: NIST CSF 2.0 ID.RA → Vulnerability Management / Updates (Medium confidence).,2026-08-03T15:32:35Z
NIST CSF 2.0,2.0,ID.RA - Risk Assessment,ID.RA,Vulnerability Management,Vulnerabilities,Medium-High,High,Medium-High,Retain raw events where needed for investigation or operational validation; align to local retention policy.,Keep searchable for security operations and evidence review; archive per policy thereafter.,Do not filter governance-relevant fields before indexing; consider selective edge reduction only after validating required evidence.,Tier 1,"vulnerability, patching, remediation, updates, weaknesses",Vulnerability findings are primary potential evidence for continuous vulnerability management.,https://nvlpubs.nist.gov/nistpubs/CSWP/NIST.CSWP.29.pdf,"Framework control area classified to DIG governance capability, then capability mapped to Splunk CIM datamodel (seed patched 2026-08-03).",DIG seed - patched 2026-08-03,Potential CIM evidence seed: NIST CSF 2.0 ID.RA → Vulnerability Management / Vulnerabilities (High confidence).,2026-08-03T15:32:35Z
NIST CSF 2.0,2.0,PR.AA - Identity Management Authentication and Access Control,PR.AA,Authentication Monitoring,Authentication,High,High,High,Retain raw events for investigation and evidence review per policy; treat as high-value security telemetry.,Keep searchable through the investigation/audit window; archive thereafter per policy.,Preserve governance-relevant fields before indexing; avoid edge filtering that removes investigation evidence.,Tier 1,"authentication, logon, login, credentials, MFA, session, access attempt","Authentication events are direct potential evidence of logon, credential and session activity.",https://nvlpubs.nist.gov/nistpubs/CSWP/NIST.CSWP.29.pdf,"Framework control area classified to DIG governance capability, then capability mapped to Splunk CIM datamodel (seed patched 2026-08-03).",DIG seed - patched 2026-08-03,Potential CIM evidence seed: NIST CSF 2.0 PR.AA → Authentication Monitoring / Authentication (High confidence).,2026-08-03T15:32:35Z
NIST CSF 2.0,2.0,PR.AA - Identity Management Authentication and Access Control,PR.AA,Data Access Monitoring,DLP,High,Medium,Medium-High,Retain raw events where needed for investigation or operational validation; align to local retention policy.,Keep searchable for security operations and evidence review; archive per policy thereafter.,Do not filter governance-relevant fields before indexing; consider selective edge reduction only after validating required evidence.,Tier 1,"data access, sensitive data, cardholder data, personal data, confidentiality, exfiltration",DLP events can support potential evidence of sensitive-data loss prevention monitoring.,https://nvlpubs.nist.gov/nistpubs/CSWP/NIST.CSWP.29.pdf,"Framework control area classified to DIG governance capability, then capability mapped to Splunk CIM datamodel (seed patched 2026-08-03).",DIG seed - patched 2026-08-03,Potential CIM evidence seed: NIST CSF 2.0 PR.AA → Data Access Monitoring / DLP (Medium confidence).,2026-08-03T15:32:35Z
NIST CSF 2.0,2.0,PR.AA - Identity Management Authentication and Access Control,PR.AA,Data Access Monitoring,Data_Access,High,High,High,Retain raw events for investigation and evidence review per policy; treat as high-value security telemetry.,Keep searchable through the investigation/audit window; archive thereafter per policy.,Preserve governance-relevant fields before indexing; avoid edge filtering that removes investigation evidence.,Tier 1,"data access, sensitive data, cardholder data, personal data, confidentiality, exfiltration",Data access events are primary potential evidence for sensitive-data access visibility.,https://nvlpubs.nist.gov/nistpubs/CSWP/NIST.CSWP.29.pdf,"Framework control area classified to DIG governance capability, then capability mapped to Splunk CIM datamodel (seed patched 2026-08-03).",DIG seed - patched 2026-08-03,Potential CIM evidence seed: NIST CSF 2.0 PR.AA → Data Access Monitoring / Data_Access (High confidence).,2026-08-03T15:32:35Z
NIST CSF 2.0,2.0,PR.AA - Identity Management Authentication and Access Control,PR.AA,Privileged Access Monitoring,Authentication,High,High,High,Retain raw events for investigation and evidence review per policy; treat as high-value security telemetry.,Keep searchable through the investigation/audit window; archive thereafter per policy.,Preserve governance-relevant fields before indexing; avoid edge filtering that removes investigation evidence.,Tier 1,"privileged access, administrator, remote access, account activity, access rights",Authentication context is primary potential evidence for privileged access and admin logon activity.,https://nvlpubs.nist.gov/nistpubs/CSWP/NIST.CSWP.29.pdf,"Framework control area classified to DIG governance capability, then capability mapped to Splunk CIM datamodel (seed patched 2026-08-03).",DIG seed - patched 2026-08-03,Potential CIM evidence seed: NIST CSF 2.0 PR.AA → Privileged Access Monitoring / Authentication (High confidence).,2026-08-03T15:32:35Z
NIST CSF 2.0,2.0,PR.AA - Identity Management Authentication and Access Control,PR.AA,Privileged Access Monitoring,Change,High,High,High,Retain raw events for investigation and evidence review per policy; treat as high-value security telemetry.,Keep searchable through the investigation/audit window; archive thereafter per policy.,Preserve governance-relevant fields before indexing; avoid edge filtering that removes investigation evidence.,Tier 1,"privileged access, administrator, remote access, account activity, access rights",Administrative change events can support potential evidence of privileged configuration activity.,https://nvlpubs.nist.gov/nistpubs/CSWP/NIST.CSWP.29.pdf,"Framework control area classified to DIG governance capability, then capability mapped to Splunk CIM datamodel (seed patched 2026-08-03).",DIG seed - patched 2026-08-03,Potential CIM evidence seed: NIST CSF 2.0 PR.AA → Privileged Access Monitoring / Change (High confidence).,2026-08-03T15:32:35Z
NIST CSF 2.0,2.0,PR.DS - Data Security,PR.DS,Certificate and Crypto Monitoring,Certificates,Medium-High,High,Medium-High,Retain raw events where needed for investigation or operational validation; align to local retention policy.,Keep searchable for security operations and evidence review; archive per policy thereafter.,Do not filter governance-relevant fields before indexing; consider selective edge reduction only after validating required evidence.,Tier 2,"certificate, cryptography, encryption, key management, TLS",Certificate lifecycle telemetry is direct potential evidence for crypto and TLS certificate controls.,https://nvlpubs.nist.gov/nistpubs/CSWP/NIST.CSWP.29.pdf,"Framework control area classified to DIG governance capability, then capability mapped to Splunk CIM datamodel (seed patched 2026-08-03).",DIG seed - patched 2026-08-03,Potential CIM evidence seed: NIST CSF 2.0 PR.DS → Certificate and Crypto Monitoring / Certificates (High confidence).,2026-08-03T15:32:35Z
NIST CSF 2.0,2.0,PR.DS - Data Security,PR.DS,Change Monitoring,Change,Medium-High,High,Medium-High,Retain raw events where needed for investigation or operational validation; align to local retention policy.,Keep searchable for security operations and evidence review; archive per policy thereafter.,Do not filter governance-relevant fields before indexing; consider selective edge reduction only after validating required evidence.,Tier 2,"change, configuration, system changes, modification, integrity",Change events are direct potential evidence of configuration and system modifications.,https://nvlpubs.nist.gov/nistpubs/CSWP/NIST.CSWP.29.pdf,"Framework control area classified to DIG governance capability, then capability mapped to Splunk CIM datamodel (seed patched 2026-08-03).",DIG seed - patched 2026-08-03,Potential CIM evidence seed: NIST CSF 2.0 PR.DS → Change Monitoring / Change (High confidence).,2026-08-03T15:32:35Z
NIST CSF 2.0,2.0,PR.DS - Data Security,PR.DS,Data Access Monitoring,DLP,High,Medium,Medium-High,Retain raw events where needed for investigation or operational validation; align to local retention policy.,Keep searchable for security operations and evidence review; archive per policy thereafter.,Do not filter governance-relevant fields before indexing; consider selective edge reduction only after validating required evidence.,Tier 1,"data access, sensitive data, cardholder data, personal data, confidentiality, exfiltration",DLP events can support potential evidence of sensitive-data loss prevention monitoring.,https://nvlpubs.nist.gov/nistpubs/CSWP/NIST.CSWP.29.pdf,"Framework control area classified to DIG governance capability, then capability mapped to Splunk CIM datamodel (seed patched 2026-08-03).",DIG seed - patched 2026-08-03,Potential CIM evidence seed: NIST CSF 2.0 PR.DS → Data Access Monitoring / DLP (Medium confidence).,2026-08-03T15:32:35Z
NIST CSF 2.0,2.0,PR.DS - Data Security,PR.DS,Data Access Monitoring,Data_Access,High,High,High,Retain raw events for investigation and evidence review per policy; treat as high-value security telemetry.,Keep searchable through the investigation/audit window; archive thereafter per policy.,Preserve governance-relevant fields before indexing; avoid edge filtering that removes investigation evidence.,Tier 1,"data access, sensitive data, cardholder data, personal data, confidentiality, exfiltration",Data access events are primary potential evidence for sensitive-data access visibility.,https://nvlpubs.nist.gov/nistpubs/CSWP/NIST.CSWP.29.pdf,"Framework control area classified to DIG governance capability, then capability mapped to Splunk CIM datamodel (seed patched 2026-08-03).",DIG seed - patched 2026-08-03,Potential CIM evidence seed: NIST CSF 2.0 PR.DS → Data Access Monitoring / Data_Access (High confidence).,2026-08-03T15:32:35Z
NIST CSF 2.0,2.0,PR.PS - Platform Security,PR.PS,Change Monitoring,Change,Medium-High,High,Medium-High,Retain raw events where needed for investigation or operational validation; align to local retention policy.,Keep searchable for security operations and evidence review; archive per policy thereafter.,Do not filter governance-relevant fields before indexing; consider selective edge reduction only after validating required evidence.,Tier 2,"change, configuration, system changes, modification, integrity",Change events are direct potential evidence of configuration and system modifications.,https://nvlpubs.nist.gov/nistpubs/CSWP/NIST.CSWP.29.pdf,"Framework control area classified to DIG governance capability, then capability mapped to Splunk CIM datamodel (seed patched 2026-08-03).",DIG seed - patched 2026-08-03,Potential CIM evidence seed: NIST CSF 2.0 PR.PS → Change Monitoring / Change (High confidence).,2026-08-03T15:32:35Z
NIST CSF 2.0,2.0,PR.PS - Platform Security,PR.PS,Endpoint Monitoring,Compute_Inventory,Medium-High,Medium,Medium,Retain where useful for investigation or operational validation; do not treat as universal mandatory retention.,Keep searchable for operational review; archive or reduce per policy when no longer needed.,Prefer preserving key fields at the edge; reduce volume only after confirming evidence fields remain.,Tier 2,"endpoint, system, host, device, process, workload, inventory",Asset/inventory telemetry can support potential evidence of enterprise asset and software inventory.,https://nvlpubs.nist.gov/nistpubs/CSWP/NIST.CSWP.29.pdf,"Framework control area classified to DIG governance capability, then capability mapped to Splunk CIM datamodel (seed patched 2026-08-03).",DIG seed - patched 2026-08-03,Potential CIM evidence seed: NIST CSF 2.0 PR.PS → Endpoint Monitoring / Compute_Inventory (Medium confidence).,2026-08-03T15:32:35Z
NIST CSF 2.0,2.0,PR.PS - Platform Security,PR.PS,Endpoint Monitoring,Endpoint,Medium-High,High,Medium-High,Retain raw events where needed for investigation or operational validation; align to local retention policy.,Keep searchable for security operations and evidence review; archive per policy thereafter.,Do not filter governance-relevant fields before indexing; consider selective edge reduction only after validating required evidence.,Tier 2,"endpoint, system, host, device, process, workload, inventory",Endpoint host/process telemetry is primary potential evidence for endpoint monitoring controls.,https://nvlpubs.nist.gov/nistpubs/CSWP/NIST.CSWP.29.pdf,"Framework control area classified to DIG governance capability, then capability mapped to Splunk CIM datamodel (seed patched 2026-08-03).",DIG seed - patched 2026-08-03,Potential CIM evidence seed: NIST CSF 2.0 PR.PS → Endpoint Monitoring / Endpoint (High confidence).,2026-08-03T15:32:35Z
NIST CSF 2.0,2.0,PR.PS - Platform Security,PR.PS,Vulnerability Management,Updates,Medium-High,Medium,Medium,Retain where useful for investigation or operational validation; do not treat as universal mandatory retention.,Keep searchable for operational review; archive or reduce per policy when no longer needed.,Prefer preserving key fields at the edge; reduce volume only after confirming evidence fields remain.,Tier 1,"vulnerability, patching, remediation, updates, weaknesses",Patch/update telemetry can support potential evidence of remediation activity.,https://nvlpubs.nist.gov/nistpubs/CSWP/NIST.CSWP.29.pdf,"Framework control area classified to DIG governance capability, then capability mapped to Splunk CIM datamodel (seed patched 2026-08-03).",DIG seed - patched 2026-08-03,Potential CIM evidence seed: NIST CSF 2.0 PR.PS → Vulnerability Management / Updates (Medium confidence).,2026-08-03T15:32:35Z
NIST CSF 2.0,2.0,PR.PS - Platform Security,PR.PS,Vulnerability Management,Vulnerabilities,Medium-High,High,Medium-High,Retain raw events where needed for investigation or operational validation; align to local retention policy.,Keep searchable for security operations and evidence review; archive per policy thereafter.,Do not filter governance-relevant fields before indexing; consider selective edge reduction only after validating required evidence.,Tier 1,"vulnerability, patching, remediation, updates, weaknesses",Vulnerability findings are primary potential evidence for continuous vulnerability management.,https://nvlpubs.nist.gov/nistpubs/CSWP/NIST.CSWP.29.pdf,"Framework control area classified to DIG governance capability, then capability mapped to Splunk CIM datamodel (seed patched 2026-08-03).",DIG seed - patched 2026-08-03,Potential CIM evidence seed: NIST CSF 2.0 PR.PS → Vulnerability Management / Vulnerabilities (High confidence).,2026-08-03T15:32:35Z
NIST CSF 2.0,2.0,RC.RP - Recovery,RC.RP,Application and Service Resilience,Databases,Medium,Medium,Low,Retention is optional guidance only; prioritize higher-confidence governance evidence sources first.,Short searchable window is usually sufficient; archive or drop per policy.,Edge reduction is acceptable if higher-confidence evidence sources remain intact for the same control area.,Tier 2,"availability, resilience, performance, service, application, database, processing integrity",Database health and access telemetry can support service-resilience evidence for data-tier workloads.,https://nvlpubs.nist.gov/nistpubs/CSWP/NIST.CSWP.29.pdf,"Framework control area classified to DIG governance capability, then capability mapped to Splunk CIM datamodel (seed patched 2026-08-03).",DIG seed - patched 2026-08-03,Potential CIM evidence seed: NIST CSF 2.0 RC.RP → Application and Service Resilience / Databases (Medium confidence).,2026-08-03T15:32:35Z
NIST CSF 2.0,2.0,RC.RP - Recovery,RC.RP,Application and Service Resilience,Performance,Medium,Medium,Low,Retention is optional guidance only; prioritize higher-confidence governance evidence sources first.,Short searchable window is usually sufficient; archive or drop per policy.,Edge reduction is acceptable if higher-confidence evidence sources remain intact for the same control area.,Tier 2,"availability, resilience, performance, service, application, database, processing integrity",Performance and availability metrics are primary potential evidence for operational resilience controls.,https://nvlpubs.nist.gov/nistpubs/CSWP/NIST.CSWP.29.pdf,"Framework control area classified to DIG governance capability, then capability mapped to Splunk CIM datamodel (seed patched 2026-08-03).",DIG seed - patched 2026-08-03,Potential CIM evidence seed: NIST CSF 2.0 RC.RP → Application and Service Resilience / Performance (Medium confidence).,2026-08-03T15:32:35Z
NIST CSF 2.0,2.0,RC.RP - Recovery,RC.RP,Incident and Case Management,Alerts,High,High,High,Retain raw events for investigation and evidence review per policy; treat as high-value security telemetry.,Keep searchable through the investigation/audit window; archive thereafter per policy.,Preserve governance-relevant fields before indexing; avoid edge filtering that removes investigation evidence.,Tier 1,"incident, response, case, escalation, ticket, reporting",Alert records can support potential evidence of incident detection handoff into response workflows.,https://nvlpubs.nist.gov/nistpubs/CSWP/NIST.CSWP.29.pdf,"Framework control area classified to DIG governance capability, then capability mapped to Splunk CIM datamodel (seed patched 2026-08-03).",DIG seed - patched 2026-08-03,Potential CIM evidence seed: NIST CSF 2.0 RC.RP → Incident and Case Management / Alerts (High confidence).,2026-08-03T15:32:35Z
NIST CSF 2.0,2.0,RC.RP - Recovery,RC.RP,Incident and Case Management,Ticket_Management,High,High,High,Retain raw events for investigation and evidence review per policy; treat as high-value security telemetry.,Keep searchable through the investigation/audit window; archive thereafter per policy.,Preserve governance-relevant fields before indexing; avoid edge filtering that removes investigation evidence.,Tier 1,"incident, response, case, escalation, ticket, reporting",Ticket/case telemetry is primary potential evidence for incident and case-handling workflows.,https://nvlpubs.nist.gov/nistpubs/CSWP/NIST.CSWP.29.pdf,"Framework control area classified to DIG governance capability, then capability mapped to Splunk CIM datamodel (seed patched 2026-08-03).",DIG seed - patched 2026-08-03,Potential CIM evidence seed: NIST CSF 2.0 RC.RP → Incident and Case Management / Ticket_Management (High confidence).,2026-08-03T15:32:35Z
NIST CSF 2.0,2.0,RS.MA - Incident Management,RS.MA,Alerting and Detection,Alerts,High,High,High,Retain raw events for investigation and evidence review per policy; treat as high-value security telemetry.,Keep searchable through the investigation/audit window; archive thereafter per policy.,Preserve governance-relevant fields before indexing; avoid edge filtering that removes investigation evidence.,Tier 1,"alerts, detection, monitoring, intrusion, events, signatures",Alert outcomes are direct potential evidence of detection and monitoring activity.,https://nvlpubs.nist.gov/nistpubs/CSWP/NIST.CSWP.29.pdf,"Framework control area classified to DIG governance capability, then capability mapped to Splunk CIM datamodel (seed patched 2026-08-03).",DIG seed - patched 2026-08-03,Potential CIM evidence seed: NIST CSF 2.0 RS.MA → Alerting and Detection / Alerts (High confidence).,2026-08-03T15:32:35Z
NIST CSF 2.0,2.0,RS.MA - Incident Management,RS.MA,Alerting and Detection,Event_Signatures,High,Medium,Medium-High,Retain raw events where needed for investigation or operational validation; align to local retention policy.,Keep searchable for security operations and evidence review; archive per policy thereafter.,Do not filter governance-relevant fields before indexing; consider selective edge reduction only after validating required evidence.,Tier 1,"alerts, detection, monitoring, intrusion, events, signatures",Signature/rule-hit telemetry can support detection evidence where content-matching is used.,https://nvlpubs.nist.gov/nistpubs/CSWP/NIST.CSWP.29.pdf,"Framework control area classified to DIG governance capability, then capability mapped to Splunk CIM datamodel (seed patched 2026-08-03).",DIG seed - patched 2026-08-03,Potential CIM evidence seed: NIST CSF 2.0 RS.MA → Alerting and Detection / Event_Signatures (Medium confidence).,2026-08-03T15:32:35Z
NIST CSF 2.0,2.0,RS.MA - Incident Management,RS.MA,Alerting and Detection,Intrusion_Detection,High,Medium,Medium-High,Retain raw events where needed for investigation or operational validation; align to local retention policy.,Keep searchable for security operations and evidence review; archive per policy thereafter.,Do not filter governance-relevant fields before indexing; consider selective edge reduction only after validating required evidence.,Tier 1,"alerts, detection, monitoring, intrusion, events, signatures",IDS/IPS events can provide potential evidence of intrusion detection monitoring.,https://nvlpubs.nist.gov/nistpubs/CSWP/NIST.CSWP.29.pdf,"Framework control area classified to DIG governance capability, then capability mapped to Splunk CIM datamodel (seed patched 2026-08-03).",DIG seed - patched 2026-08-03,Potential CIM evidence seed: NIST CSF 2.0 RS.MA → Alerting and Detection / Intrusion_Detection (Medium confidence).,2026-08-03T15:32:35Z
NIST CSF 2.0,2.0,RS.MA - Incident Management,RS.MA,Incident and Case Management,Alerts,High,High,High,Retain raw events for investigation and evidence review per policy; treat as high-value security telemetry.,Keep searchable through the investigation/audit window; archive thereafter per policy.,Preserve governance-relevant fields before indexing; avoid edge filtering that removes investigation evidence.,Tier 1,"incident, response, case, escalation, ticket, reporting",Alert records can support potential evidence of incident detection handoff into response workflows.,https://nvlpubs.nist.gov/nistpubs/CSWP/NIST.CSWP.29.pdf,"Framework control area classified to DIG governance capability, then capability mapped to Splunk CIM datamodel (seed patched 2026-08-03).",DIG seed - patched 2026-08-03,Potential CIM evidence seed: NIST CSF 2.0 RS.MA → Incident and Case Management / Alerts (High confidence).,2026-08-03T15:32:35Z
NIST CSF 2.0,2.0,RS.MA - Incident Management,RS.MA,Incident and Case Management,Ticket_Management,High,High,High,Retain raw events for investigation and evidence review per policy; treat as high-value security telemetry.,Keep searchable through the investigation/audit window; archive thereafter per policy.,Preserve governance-relevant fields before indexing; avoid edge filtering that removes investigation evidence.,Tier 1,"incident, response, case, escalation, ticket, reporting",Ticket/case telemetry is primary potential evidence for incident and case-handling workflows.,https://nvlpubs.nist.gov/nistpubs/CSWP/NIST.CSWP.29.pdf,"Framework control area classified to DIG governance capability, then capability mapped to Splunk CIM datamodel (seed patched 2026-08-03).",DIG seed - patched 2026-08-03,Potential CIM evidence seed: NIST CSF 2.0 RS.MA → Incident and Case Management / Ticket_Management (High confidence).,2026-08-03T15:32:35Z
PCI-DSS,4.0.1,Req 1 - Network Security Controls,Req 1,Alerting and Detection,Alerts,High,High,High,Retain raw events for investigation and evidence review per policy; treat as high-value security telemetry.,Keep searchable through the investigation/audit window; archive thereafter per policy.,Preserve governance-relevant fields before indexing; avoid edge filtering that removes investigation evidence.,Tier 1,"alerts, detection, monitoring, intrusion, events, signatures",Alert outcomes are direct potential evidence of detection and monitoring activity.,https://www.pcisecuritystandards.org/document_library/,"Framework control area classified to DIG governance capability, then capability mapped to Splunk CIM datamodel (seed patched 2026-08-03).",DIG seed - patched 2026-08-03,Potential CIM evidence seed: PCI-DSS Req 1 → Alerting and Detection / Alerts (High confidence).,2026-08-03T15:32:35Z
PCI-DSS,4.0.1,Req 1 - Network Security Controls,Req 1,Alerting and Detection,Event_Signatures,High,Medium,Medium-High,Retain raw events where needed for investigation or operational validation; align to local retention policy.,Keep searchable for security operations and evidence review; archive per policy thereafter.,Do not filter governance-relevant fields before indexing; consider selective edge reduction only after validating required evidence.,Tier 1,"alerts, detection, monitoring, intrusion, events, signatures",Signature/rule-hit telemetry can support detection evidence where content-matching is used.,https://www.pcisecuritystandards.org/document_library/,"Framework control area classified to DIG governance capability, then capability mapped to Splunk CIM datamodel (seed patched 2026-08-03).",DIG seed - patched 2026-08-03,Potential CIM evidence seed: PCI-DSS Req 1 → Alerting and Detection / Event_Signatures (Medium confidence).,2026-08-03T15:32:35Z
PCI-DSS,4.0.1,Req 1 - Network Security Controls,Req 1,Alerting and Detection,Intrusion_Detection,High,Medium,Medium-High,Retain raw events where needed for investigation or operational validation; align to local retention policy.,Keep searchable for security operations and evidence review; archive per policy thereafter.,Do not filter governance-relevant fields before indexing; consider selective edge reduction only after validating required evidence.,Tier 1,"alerts, detection, monitoring, intrusion, events, signatures",IDS/IPS events can provide potential evidence of intrusion detection monitoring.,https://www.pcisecuritystandards.org/document_library/,"Framework control area classified to DIG governance capability, then capability mapped to Splunk CIM datamodel (seed patched 2026-08-03).",DIG seed - patched 2026-08-03,Potential CIM evidence seed: PCI-DSS Req 1 → Alerting and Detection / Intrusion_Detection (Medium confidence).,2026-08-03T15:32:35Z
PCI-DSS,4.0.1,Req 1 - Network Security Controls,Req 1,Change Monitoring,Change,Medium-High,High,Medium-High,Retain raw events where needed for investigation or operational validation; align to local retention policy.,Keep searchable for security operations and evidence review; archive per policy thereafter.,Do not filter governance-relevant fields before indexing; consider selective edge reduction only after validating required evidence.,Tier 2,"change, configuration, system changes, modification, integrity",Change events are direct potential evidence of configuration and system modifications.,https://www.pcisecuritystandards.org/document_library/,"Framework control area classified to DIG governance capability, then capability mapped to Splunk CIM datamodel (seed patched 2026-08-03).",DIG seed - patched 2026-08-03,Potential CIM evidence seed: PCI-DSS Req 1 → Change Monitoring / Change (High confidence).,2026-08-03T15:32:35Z
PCI-DSS,4.0.1,Req 1 - Network Security Controls,Req 1,Network Monitoring,Network_Resolution,High,Medium,Medium-High,Retain raw events where needed for investigation or operational validation; align to local retention policy.,Keep searchable for security operations and evidence review; archive per policy thereafter.,Do not filter governance-relevant fields before indexing; consider selective edge reduction only after validating required evidence.,Tier 1,"network, traffic, connections, communications, DNS, segmentation, perimeter",DNS/name-resolution telemetry can support potential evidence of network visibility and resolution monitoring.,https://www.pcisecuritystandards.org/document_library/,"Framework control area classified to DIG governance capability, then capability mapped to Splunk CIM datamodel (seed patched 2026-08-03).",DIG seed - patched 2026-08-03,Potential CIM evidence seed: PCI-DSS Req 1 → Network Monitoring / Network_Resolution (Medium confidence).,2026-08-03T15:32:35Z
PCI-DSS,4.0.1,Req 1 - Network Security Controls,Req 1,Network Monitoring,Network_Sessions,High,Medium,Medium-High,Retain raw events where needed for investigation or operational validation; align to local retention policy.,Keep searchable for security operations and evidence review; archive per policy thereafter.,Do not filter governance-relevant fields before indexing; consider selective edge reduction only after validating required evidence.,Tier 1,"network, traffic, connections, communications, DNS, segmentation, perimeter",Session telemetry can support potential evidence of connection and communications monitoring.,https://www.pcisecuritystandards.org/document_library/,"Framework control area classified to DIG governance capability, then capability mapped to Splunk CIM datamodel (seed patched 2026-08-03).",DIG seed - patched 2026-08-03,Potential CIM evidence seed: PCI-DSS Req 1 → Network Monitoring / Network_Sessions (Medium confidence).,2026-08-03T15:32:35Z
PCI-DSS,4.0.1,Req 1 - Network Security Controls,Req 1,Network Monitoring,Network_Traffic,High,High,High,Retain raw events for investigation and evidence review per policy; treat as high-value security telemetry.,Keep searchable through the investigation/audit window; archive thereafter per policy.,Preserve governance-relevant fields before indexing; avoid edge filtering that removes investigation evidence.,Tier 1,"network, traffic, connections, communications, DNS, segmentation, perimeter",Network traffic events are primary potential evidence for network monitoring and defense controls.,https://www.pcisecuritystandards.org/document_library/,"Framework control area classified to DIG governance capability, then capability mapped to Splunk CIM datamodel (seed patched 2026-08-03).",DIG seed - patched 2026-08-03,Potential CIM evidence seed: PCI-DSS Req 1 → Network Monitoring / Network_Traffic (High confidence).,2026-08-03T15:32:35Z
PCI-DSS,4.0.1,Req 10 - Logging and Monitoring,Req 10,Alerting and Detection,Alerts,High,High,High,Retain raw events for investigation and evidence review per policy; treat as high-value security telemetry.,Keep searchable through the investigation/audit window; archive thereafter per policy.,Preserve governance-relevant fields before indexing; avoid edge filtering that removes investigation evidence.,Tier 1,"alerts, detection, monitoring, intrusion, events, signatures",Alert outcomes are direct potential evidence of detection and monitoring activity.,https://www.pcisecuritystandards.org/document_library/,"Framework control area classified to DIG governance capability, then capability mapped to Splunk CIM datamodel (seed patched 2026-08-03).",DIG seed - patched 2026-08-03,Potential CIM evidence seed: PCI-DSS Req 10 → Alerting and Detection / Alerts (High confidence).,2026-08-03T15:32:35Z
PCI-DSS,4.0.1,Req 10 - Logging and Monitoring,Req 10,Alerting and Detection,Event_Signatures,High,Medium,Medium-High,Retain raw events where needed for investigation or operational validation; align to local retention policy.,Keep searchable for security operations and evidence review; archive per policy thereafter.,Do not filter governance-relevant fields before indexing; consider selective edge reduction only after validating required evidence.,Tier 1,"alerts, detection, monitoring, intrusion, events, signatures",Signature/rule-hit telemetry can support detection evidence where content-matching is used.,https://www.pcisecuritystandards.org/document_library/,"Framework control area classified to DIG governance capability, then capability mapped to Splunk CIM datamodel (seed patched 2026-08-03).",DIG seed - patched 2026-08-03,Potential CIM evidence seed: PCI-DSS Req 10 → Alerting and Detection / Event_Signatures (Medium confidence).,2026-08-03T15:32:35Z
PCI-DSS,4.0.1,Req 10 - Logging and Monitoring,Req 10,Alerting and Detection,Intrusion_Detection,High,Medium,Medium-High,Retain raw events where needed for investigation or operational validation; align to local retention policy.,Keep searchable for security operations and evidence review; archive per policy thereafter.,Do not filter governance-relevant fields before indexing; consider selective edge reduction only after validating required evidence.,Tier 1,"alerts, detection, monitoring, intrusion, events, signatures",IDS/IPS events can provide potential evidence of intrusion detection monitoring.,https://www.pcisecuritystandards.org/document_library/,"Framework control area classified to DIG governance capability, then capability mapped to Splunk CIM datamodel (seed patched 2026-08-03).",DIG seed - patched 2026-08-03,Potential CIM evidence seed: PCI-DSS Req 10 → Alerting and Detection / Intrusion_Detection (Medium confidence).,2026-08-03T15:32:35Z
PCI-DSS,4.0.1,Req 10 - Logging and Monitoring,Req 10,Authentication Monitoring,Authentication,High,High,High,Retain raw events for investigation and evidence review per policy; treat as high-value security telemetry.,Keep searchable through the investigation/audit window; archive thereafter per policy.,Preserve governance-relevant fields before indexing; avoid edge filtering that removes investigation evidence.,Tier 1,"authentication, logon, login, credentials, MFA, session, access attempt","Authentication events are direct potential evidence of logon, credential and session activity.",https://www.pcisecuritystandards.org/document_library/,"Framework control area classified to DIG governance capability, then capability mapped to Splunk CIM datamodel (seed patched 2026-08-03).",DIG seed - patched 2026-08-03,Potential CIM evidence seed: PCI-DSS Req 10 → Authentication Monitoring / Authentication (High confidence).,2026-08-03T15:32:35Z
PCI-DSS,4.0.1,Req 10 - Logging and Monitoring,Req 10,Change Monitoring,Change,Medium-High,High,Medium-High,Retain raw events where needed for investigation or operational validation; align to local retention policy.,Keep searchable for security operations and evidence review; archive per policy thereafter.,Do not filter governance-relevant fields before indexing; consider selective edge reduction only after validating required evidence.,Tier 2,"change, configuration, system changes, modification, integrity",Change events are direct potential evidence of configuration and system modifications.,https://www.pcisecuritystandards.org/document_library/,"Framework control area classified to DIG governance capability, then capability mapped to Splunk CIM datamodel (seed patched 2026-08-03).",DIG seed - patched 2026-08-03,Potential CIM evidence seed: PCI-DSS Req 10 → Change Monitoring / Change (High confidence).,2026-08-03T15:32:35Z
PCI-DSS,4.0.1,Req 10 - Logging and Monitoring,Req 10,Endpoint Monitoring,Compute_Inventory,Medium-High,Medium,Medium,Retain where useful for investigation or operational validation; do not treat as universal mandatory retention.,Keep searchable for operational review; archive or reduce per policy when no longer needed.,Prefer preserving key fields at the edge; reduce volume only after confirming evidence fields remain.,Tier 2,"endpoint, system, host, device, process, workload, inventory",Asset/inventory telemetry can support potential evidence of enterprise asset and software inventory.,https://www.pcisecuritystandards.org/document_library/,"Framework control area classified to DIG governance capability, then capability mapped to Splunk CIM datamodel (seed patched 2026-08-03).",DIG seed - patched 2026-08-03,Potential CIM evidence seed: PCI-DSS Req 10 → Endpoint Monitoring / Compute_Inventory (Medium confidence).,2026-08-03T15:32:35Z
PCI-DSS,4.0.1,Req 10 - Logging and Monitoring,Req 10,Endpoint Monitoring,Endpoint,Medium-High,High,Medium-High,Retain raw events where needed for investigation or operational validation; align to local retention policy.,Keep searchable for security operations and evidence review; archive per policy thereafter.,Do not filter governance-relevant fields before indexing; consider selective edge reduction only after validating required evidence.,Tier 2,"endpoint, system, host, device, process, workload, inventory",Endpoint host/process telemetry is primary potential evidence for endpoint monitoring controls.,https://www.pcisecuritystandards.org/document_library/,"Framework control area classified to DIG governance capability, then capability mapped to Splunk CIM datamodel (seed patched 2026-08-03).",DIG seed - patched 2026-08-03,Potential CIM evidence seed: PCI-DSS Req 10 → Endpoint Monitoring / Endpoint (High confidence).,2026-08-03T15:32:35Z
PCI-DSS,4.0.1,Req 10 - Logging and Monitoring,Req 10,Network Monitoring,Network_Resolution,High,Medium,Medium-High,Retain raw events where needed for investigation or operational validation; align to local retention policy.,Keep searchable for security operations and evidence review; archive per policy thereafter.,Do not filter governance-relevant fields before indexing; consider selective edge reduction only after validating required evidence.,Tier 1,"network, traffic, connections, communications, DNS, segmentation, perimeter",DNS/name-resolution telemetry can support potential evidence of network visibility and resolution monitoring.,https://www.pcisecuritystandards.org/document_library/,"Framework control area classified to DIG governance capability, then capability mapped to Splunk CIM datamodel (seed patched 2026-08-03).",DIG seed - patched 2026-08-03,Potential CIM evidence seed: PCI-DSS Req 10 → Network Monitoring / Network_Resolution (Medium confidence).,2026-08-03T15:32:35Z
PCI-DSS,4.0.1,Req 10 - Logging and Monitoring,Req 10,Network Monitoring,Network_Sessions,High,Medium,Medium-High,Retain raw events where needed for investigation or operational validation; align to local retention policy.,Keep searchable for security operations and evidence review; archive per policy thereafter.,Do not filter governance-relevant fields before indexing; consider selective edge reduction only after validating required evidence.,Tier 1,"network, traffic, connections, communications, DNS, segmentation, perimeter",Session telemetry can support potential evidence of connection and communications monitoring.,https://www.pcisecuritystandards.org/document_library/,"Framework control area classified to DIG governance capability, then capability mapped to Splunk CIM datamodel (seed patched 2026-08-03).",DIG seed - patched 2026-08-03,Potential CIM evidence seed: PCI-DSS Req 10 → Network Monitoring / Network_Sessions (Medium confidence).,2026-08-03T15:32:35Z
PCI-DSS,4.0.1,Req 10 - Logging and Monitoring,Req 10,Network Monitoring,Network_Traffic,High,High,High,Retain raw events for investigation and evidence review per policy; treat as high-value security telemetry.,Keep searchable through the investigation/audit window; archive thereafter per policy.,Preserve governance-relevant fields before indexing; avoid edge filtering that removes investigation evidence.,Tier 1,"network, traffic, connections, communications, DNS, segmentation, perimeter",Network traffic events are primary potential evidence for network monitoring and defense controls.,https://www.pcisecuritystandards.org/document_library/,"Framework control area classified to DIG governance capability, then capability mapped to Splunk CIM datamodel (seed patched 2026-08-03).",DIG seed - patched 2026-08-03,Potential CIM evidence seed: PCI-DSS Req 10 → Network Monitoring / Network_Traffic (High confidence).,2026-08-03T15:32:35Z
PCI-DSS,4.0.1,Req 11 - Security Testing,Req 11,Alerting and Detection,Alerts,High,High,High,Retain raw events for investigation and evidence review per policy; treat as high-value security telemetry.,Keep searchable through the investigation/audit window; archive thereafter per policy.,Preserve governance-relevant fields before indexing; avoid edge filtering that removes investigation evidence.,Tier 1,"alerts, detection, monitoring, intrusion, events, signatures",Alert outcomes are direct potential evidence of detection and monitoring activity.,https://www.pcisecuritystandards.org/document_library/,"Framework control area classified to DIG governance capability, then capability mapped to Splunk CIM datamodel (seed patched 2026-08-03).",DIG seed - patched 2026-08-03,Potential CIM evidence seed: PCI-DSS Req 11 → Alerting and Detection / Alerts (High confidence).,2026-08-03T15:32:35Z
PCI-DSS,4.0.1,Req 11 - Security Testing,Req 11,Alerting and Detection,Event_Signatures,High,Medium,Medium-High,Retain raw events where needed for investigation or operational validation; align to local retention policy.,Keep searchable for security operations and evidence review; archive per policy thereafter.,Do not filter governance-relevant fields before indexing; consider selective edge reduction only after validating required evidence.,Tier 1,"alerts, detection, monitoring, intrusion, events, signatures",Signature/rule-hit telemetry can support detection evidence where content-matching is used.,https://www.pcisecuritystandards.org/document_library/,"Framework control area classified to DIG governance capability, then capability mapped to Splunk CIM datamodel (seed patched 2026-08-03).",DIG seed - patched 2026-08-03,Potential CIM evidence seed: PCI-DSS Req 11 → Alerting and Detection / Event_Signatures (Medium confidence).,2026-08-03T15:32:35Z
PCI-DSS,4.0.1,Req 11 - Security Testing,Req 11,Alerting and Detection,Intrusion_Detection,High,Medium,Medium-High,Retain raw events where needed for investigation or operational validation; align to local retention policy.,Keep searchable for security operations and evidence review; archive per policy thereafter.,Do not filter governance-relevant fields before indexing; consider selective edge reduction only after validating required evidence.,Tier 1,"alerts, detection, monitoring, intrusion, events, signatures",IDS/IPS events can provide potential evidence of intrusion detection monitoring.,https://www.pcisecuritystandards.org/document_library/,"Framework control area classified to DIG governance capability, then capability mapped to Splunk CIM datamodel (seed patched 2026-08-03).",DIG seed - patched 2026-08-03,Potential CIM evidence seed: PCI-DSS Req 11 → Alerting and Detection / Intrusion_Detection (Medium confidence).,2026-08-03T15:32:35Z
PCI-DSS,4.0.1,Req 11 - Security Testing,Req 11,Vulnerability Management,Updates,Medium-High,Medium,Medium,Retain where useful for investigation or operational validation; do not treat as universal mandatory retention.,Keep searchable for operational review; archive or reduce per policy when no longer needed.,Prefer preserving key fields at the edge; reduce volume only after confirming evidence fields remain.,Tier 1,"vulnerability, patching, remediation, updates, weaknesses",Patch/update telemetry can support potential evidence of remediation activity.,https://www.pcisecuritystandards.org/document_library/,"Framework control area classified to DIG governance capability, then capability mapped to Splunk CIM datamodel (seed patched 2026-08-03).",DIG seed - patched 2026-08-03,Potential CIM evidence seed: PCI-DSS Req 11 → Vulnerability Management / Updates (Medium confidence).,2026-08-03T15:32:35Z
PCI-DSS,4.0.1,Req 11 - Security Testing,Req 11,Vulnerability Management,Vulnerabilities,Medium-High,High,Medium-High,Retain raw events where needed for investigation or operational validation; align to local retention policy.,Keep searchable for security operations and evidence review; archive per policy thereafter.,Do not filter governance-relevant fields before indexing; consider selective edge reduction only after validating required evidence.,Tier 1,"vulnerability, patching, remediation, updates, weaknesses",Vulnerability findings are primary potential evidence for continuous vulnerability management.,https://www.pcisecuritystandards.org/document_library/,"Framework control area classified to DIG governance capability, then capability mapped to Splunk CIM datamodel (seed patched 2026-08-03).",DIG seed - patched 2026-08-03,Potential CIM evidence seed: PCI-DSS Req 11 → Vulnerability Management / Vulnerabilities (High confidence).,2026-08-03T15:32:35Z
PCI-DSS,4.0.1,Req 12 - Security Program and Incident Response,Req 12,Alerting and Detection,Alerts,High,High,High,Retain raw events for investigation and evidence review per policy; treat as high-value security telemetry.,Keep searchable through the investigation/audit window; archive thereafter per policy.,Preserve governance-relevant fields before indexing; avoid edge filtering that removes investigation evidence.,Tier 1,"alerts, detection, monitoring, intrusion, events, signatures",Alert outcomes are direct potential evidence of detection and monitoring activity.,https://www.pcisecuritystandards.org/document_library/,"Framework control area classified to DIG governance capability, then capability mapped to Splunk CIM datamodel (seed patched 2026-08-03).",DIG seed - patched 2026-08-03,Potential CIM evidence seed: PCI-DSS Req 12 → Alerting and Detection / Alerts (High confidence).,2026-08-03T15:32:35Z
PCI-DSS,4.0.1,Req 12 - Security Program and Incident Response,Req 12,Alerting and Detection,Event_Signatures,High,Medium,Medium-High,Retain raw events where needed for investigation or operational validation; align to local retention policy.,Keep searchable for security operations and evidence review; archive per policy thereafter.,Do not filter governance-relevant fields before indexing; consider selective edge reduction only after validating required evidence.,Tier 1,"alerts, detection, monitoring, intrusion, events, signatures",Signature/rule-hit telemetry can support detection evidence where content-matching is used.,https://www.pcisecuritystandards.org/document_library/,"Framework control area classified to DIG governance capability, then capability mapped to Splunk CIM datamodel (seed patched 2026-08-03).",DIG seed - patched 2026-08-03,Potential CIM evidence seed: PCI-DSS Req 12 → Alerting and Detection / Event_Signatures (Medium confidence).,2026-08-03T15:32:35Z
PCI-DSS,4.0.1,Req 12 - Security Program and Incident Response,Req 12,Alerting and Detection,Intrusion_Detection,High,Medium,Medium-High,Retain raw events where needed for investigation or operational validation; align to local retention policy.,Keep searchable for security operations and evidence review; archive per policy thereafter.,Do not filter governance-relevant fields before indexing; consider selective edge reduction only after validating required evidence.,Tier 1,"alerts, detection, monitoring, intrusion, events, signatures",IDS/IPS events can provide potential evidence of intrusion detection monitoring.,https://www.pcisecuritystandards.org/document_library/,"Framework control area classified to DIG governance capability, then capability mapped to Splunk CIM datamodel (seed patched 2026-08-03).",DIG seed - patched 2026-08-03,Potential CIM evidence seed: PCI-DSS Req 12 → Alerting and Detection / Intrusion_Detection (Medium confidence).,2026-08-03T15:32:35Z
PCI-DSS,4.0.1,Req 12 - Security Program and Incident Response,Req 12,Incident and Case Management,Alerts,High,High,High,Retain raw events for investigation and evidence review per policy; treat as high-value security telemetry.,Keep searchable through the investigation/audit window; archive thereafter per policy.,Preserve governance-relevant fields before indexing; avoid edge filtering that removes investigation evidence.,Tier 1,"incident, response, case, escalation, ticket, reporting",Alert records can support potential evidence of incident detection handoff into response workflows.,https://www.pcisecuritystandards.org/document_library/,"Framework control area classified to DIG governance capability, then capability mapped to Splunk CIM datamodel (seed patched 2026-08-03).",DIG seed - patched 2026-08-03,Potential CIM evidence seed: PCI-DSS Req 12 → Incident and Case Management / Alerts (High confidence).,2026-08-03T15:32:35Z
PCI-DSS,4.0.1,Req 12 - Security Program and Incident Response,Req 12,Incident and Case Management,Ticket_Management,High,High,High,Retain raw events for investigation and evidence review per policy; treat as high-value security telemetry.,Keep searchable through the investigation/audit window; archive thereafter per policy.,Preserve governance-relevant fields before indexing; avoid edge filtering that removes investigation evidence.,Tier 1,"incident, response, case, escalation, ticket, reporting",Ticket/case telemetry is primary potential evidence for incident and case-handling workflows.,https://www.pcisecuritystandards.org/document_library/,"Framework control area classified to DIG governance capability, then capability mapped to Splunk CIM datamodel (seed patched 2026-08-03).",DIG seed - patched 2026-08-03,Potential CIM evidence seed: PCI-DSS Req 12 → Incident and Case Management / Ticket_Management (High confidence).,2026-08-03T15:32:35Z
PCI-DSS,4.0.1,Req 2 - Secure Configurations,Req 2,Change Monitoring,Change,Medium-High,High,Medium-High,Retain raw events where needed for investigation or operational validation; align to local retention policy.,Keep searchable for security operations and evidence review; archive per policy thereafter.,Do not filter governance-relevant fields before indexing; consider selective edge reduction only after validating required evidence.,Tier 2,"change, configuration, system changes, modification, integrity",Change events are direct potential evidence of configuration and system modifications.,https://www.pcisecuritystandards.org/document_library/,"Framework control area classified to DIG governance capability, then capability mapped to Splunk CIM datamodel (seed patched 2026-08-03).",DIG seed - patched 2026-08-03,Potential CIM evidence seed: PCI-DSS Req 2 → Change Monitoring / Change (High confidence).,2026-08-03T15:32:35Z
PCI-DSS,4.0.1,Req 2 - Secure Configurations,Req 2,Endpoint Monitoring,Compute_Inventory,Medium-High,Medium,Medium,Retain where useful for investigation or operational validation; do not treat as universal mandatory retention.,Keep searchable for operational review; archive or reduce per policy when no longer needed.,Prefer preserving key fields at the edge; reduce volume only after confirming evidence fields remain.,Tier 2,"endpoint, system, host, device, process, workload, inventory",Asset/inventory telemetry can support potential evidence of enterprise asset and software inventory.,https://www.pcisecuritystandards.org/document_library/,"Framework control area classified to DIG governance capability, then capability mapped to Splunk CIM datamodel (seed patched 2026-08-03).",DIG seed - patched 2026-08-03,Potential CIM evidence seed: PCI-DSS Req 2 → Endpoint Monitoring / Compute_Inventory (Medium confidence).,2026-08-03T15:32:35Z
PCI-DSS,4.0.1,Req 2 - Secure Configurations,Req 2,Endpoint Monitoring,Endpoint,Medium-High,High,Medium-High,Retain raw events where needed for investigation or operational validation; align to local retention policy.,Keep searchable for security operations and evidence review; archive per policy thereafter.,Do not filter governance-relevant fields before indexing; consider selective edge reduction only after validating required evidence.,Tier 2,"endpoint, system, host, device, process, workload, inventory",Endpoint host/process telemetry is primary potential evidence for endpoint monitoring controls.,https://www.pcisecuritystandards.org/document_library/,"Framework control area classified to DIG governance capability, then capability mapped to Splunk CIM datamodel (seed patched 2026-08-03).",DIG seed - patched 2026-08-03,Potential CIM evidence seed: PCI-DSS Req 2 → Endpoint Monitoring / Endpoint (High confidence).,2026-08-03T15:32:35Z
PCI-DSS,4.0.1,Req 2 - Secure Configurations,Req 2,Vulnerability Management,Updates,Medium-High,Medium,Medium,Retain where useful for investigation or operational validation; do not treat as universal mandatory retention.,Keep searchable for operational review; archive or reduce per policy when no longer needed.,Prefer preserving key fields at the edge; reduce volume only after confirming evidence fields remain.,Tier 1,"vulnerability, patching, remediation, updates, weaknesses",Patch/update telemetry can support potential evidence of remediation activity.,https://www.pcisecuritystandards.org/document_library/,"Framework control area classified to DIG governance capability, then capability mapped to Splunk CIM datamodel (seed patched 2026-08-03).",DIG seed - patched 2026-08-03,Potential CIM evidence seed: PCI-DSS Req 2 → Vulnerability Management / Updates (Medium confidence).,2026-08-03T15:32:35Z
PCI-DSS,4.0.1,Req 2 - Secure Configurations,Req 2,Vulnerability Management,Vulnerabilities,Medium-High,High,Medium-High,Retain raw events where needed for investigation or operational validation; align to local retention policy.,Keep searchable for security operations and evidence review; archive per policy thereafter.,Do not filter governance-relevant fields before indexing; consider selective edge reduction only after validating required evidence.,Tier 1,"vulnerability, patching, remediation, updates, weaknesses",Vulnerability findings are primary potential evidence for continuous vulnerability management.,https://www.pcisecuritystandards.org/document_library/,"Framework control area classified to DIG governance capability, then capability mapped to Splunk CIM datamodel (seed patched 2026-08-03).",DIG seed - patched 2026-08-03,Potential CIM evidence seed: PCI-DSS Req 2 → Vulnerability Management / Vulnerabilities (High confidence).,2026-08-03T15:32:35Z
PCI-DSS,4.0.1,Req 3 - Account Data Protection,Req 3,Certificate and Crypto Monitoring,Certificates,Medium-High,High,Medium-High,Retain raw events where needed for investigation or operational validation; align to local retention policy.,Keep searchable for security operations and evidence review; archive per policy thereafter.,Do not filter governance-relevant fields before indexing; consider selective edge reduction only after validating required evidence.,Tier 2,"certificate, cryptography, encryption, key management, TLS",Certificate lifecycle telemetry is direct potential evidence for crypto and TLS certificate controls.,https://www.pcisecuritystandards.org/document_library/,"Framework control area classified to DIG governance capability, then capability mapped to Splunk CIM datamodel (seed patched 2026-08-03).",DIG seed - patched 2026-08-03,Potential CIM evidence seed: PCI-DSS Req 3 → Certificate and Crypto Monitoring / Certificates (High confidence).,2026-08-03T15:32:35Z
PCI-DSS,4.0.1,Req 3 - Account Data Protection,Req 3,Data Access Monitoring,DLP,High,Medium,Medium-High,Retain raw events where needed for investigation or operational validation; align to local retention policy.,Keep searchable for security operations and evidence review; archive per policy thereafter.,Do not filter governance-relevant fields before indexing; consider selective edge reduction only after validating required evidence.,Tier 1,"data access, sensitive data, cardholder data, personal data, confidentiality, exfiltration",DLP events can support potential evidence of sensitive-data loss prevention monitoring.,https://www.pcisecuritystandards.org/document_library/,"Framework control area classified to DIG governance capability, then capability mapped to Splunk CIM datamodel (seed patched 2026-08-03).",DIG seed - patched 2026-08-03,Potential CIM evidence seed: PCI-DSS Req 3 → Data Access Monitoring / DLP (Medium confidence).,2026-08-03T15:32:35Z
PCI-DSS,4.0.1,Req 3 - Account Data Protection,Req 3,Data Access Monitoring,Data_Access,High,High,High,Retain raw events for investigation and evidence review per policy; treat as high-value security telemetry.,Keep searchable through the investigation/audit window; archive thereafter per policy.,Preserve governance-relevant fields before indexing; avoid edge filtering that removes investigation evidence.,Tier 1,"data access, sensitive data, cardholder data, personal data, confidentiality, exfiltration",Data access events are primary potential evidence for sensitive-data access visibility.,https://www.pcisecuritystandards.org/document_library/,"Framework control area classified to DIG governance capability, then capability mapped to Splunk CIM datamodel (seed patched 2026-08-03).",DIG seed - patched 2026-08-03,Potential CIM evidence seed: PCI-DSS Req 3 → Data Access Monitoring / Data_Access (High confidence).,2026-08-03T15:32:35Z
PCI-DSS,4.0.1,Req 4 - Cryptographic Transmission Protection,Req 4,Certificate and Crypto Monitoring,Certificates,Medium-High,High,Medium-High,Retain raw events where needed for investigation or operational validation; align to local retention policy.,Keep searchable for security operations and evidence review; archive per policy thereafter.,Do not filter governance-relevant fields before indexing; consider selective edge reduction only after validating required evidence.,Tier 2,"certificate, cryptography, encryption, key management, TLS",Certificate lifecycle telemetry is direct potential evidence for crypto and TLS certificate controls.,https://www.pcisecuritystandards.org/document_library/,"Framework control area classified to DIG governance capability, then capability mapped to Splunk CIM datamodel (seed patched 2026-08-03).",DIG seed - patched 2026-08-03,Potential CIM evidence seed: PCI-DSS Req 4 → Certificate and Crypto Monitoring / Certificates (High confidence).,2026-08-03T15:32:35Z
PCI-DSS,4.0.1,Req 4 - Cryptographic Transmission Protection,Req 4,Network Monitoring,Network_Resolution,High,Medium,Medium-High,Retain raw events where needed for investigation or operational validation; align to local retention policy.,Keep searchable for security operations and evidence review; archive per policy thereafter.,Do not filter governance-relevant fields before indexing; consider selective edge reduction only after validating required evidence.,Tier 1,"network, traffic, connections, communications, DNS, segmentation, perimeter",DNS/name-resolution telemetry can support potential evidence of network visibility and resolution monitoring.,https://www.pcisecuritystandards.org/document_library/,"Framework control area classified to DIG governance capability, then capability mapped to Splunk CIM datamodel (seed patched 2026-08-03).",DIG seed - patched 2026-08-03,Potential CIM evidence seed: PCI-DSS Req 4 → Network Monitoring / Network_Resolution (Medium confidence).,2026-08-03T15:32:35Z
PCI-DSS,4.0.1,Req 4 - Cryptographic Transmission Protection,Req 4,Network Monitoring,Network_Sessions,High,Medium,Medium-High,Retain raw events where needed for investigation or operational validation; align to local retention policy.,Keep searchable for security operations and evidence review; archive per policy thereafter.,Do not filter governance-relevant fields before indexing; consider selective edge reduction only after validating required evidence.,Tier 1,"network, traffic, connections, communications, DNS, segmentation, perimeter",Session telemetry can support potential evidence of connection and communications monitoring.,https://www.pcisecuritystandards.org/document_library/,"Framework control area classified to DIG governance capability, then capability mapped to Splunk CIM datamodel (seed patched 2026-08-03).",DIG seed - patched 2026-08-03,Potential CIM evidence seed: PCI-DSS Req 4 → Network Monitoring / Network_Sessions (Medium confidence).,2026-08-03T15:32:35Z
PCI-DSS,4.0.1,Req 4 - Cryptographic Transmission Protection,Req 4,Network Monitoring,Network_Traffic,High,High,High,Retain raw events for investigation and evidence review per policy; treat as high-value security telemetry.,Keep searchable through the investigation/audit window; archive thereafter per policy.,Preserve governance-relevant fields before indexing; avoid edge filtering that removes investigation evidence.,Tier 1,"network, traffic, connections, communications, DNS, segmentation, perimeter",Network traffic events are primary potential evidence for network monitoring and defense controls.,https://www.pcisecuritystandards.org/document_library/,"Framework control area classified to DIG governance capability, then capability mapped to Splunk CIM datamodel (seed patched 2026-08-03).",DIG seed - patched 2026-08-03,Potential CIM evidence seed: PCI-DSS Req 4 → Network Monitoring / Network_Traffic (High confidence).,2026-08-03T15:32:35Z
PCI-DSS,4.0.1,Req 5 - Malicious Software Protection,Req 5,Endpoint Monitoring,Compute_Inventory,Medium-High,Medium,Medium,Retain where useful for investigation or operational validation; do not treat as universal mandatory retention.,Keep searchable for operational review; archive or reduce per policy when no longer needed.,Prefer preserving key fields at the edge; reduce volume only after confirming evidence fields remain.,Tier 2,"endpoint, system, host, device, process, workload, inventory",Asset/inventory telemetry can support potential evidence of enterprise asset and software inventory.,https://www.pcisecuritystandards.org/document_library/,"Framework control area classified to DIG governance capability, then capability mapped to Splunk CIM datamodel (seed patched 2026-08-03).",DIG seed - patched 2026-08-03,Potential CIM evidence seed: PCI-DSS Req 5 → Endpoint Monitoring / Compute_Inventory (Medium confidence).,2026-08-03T15:32:35Z
PCI-DSS,4.0.1,Req 5 - Malicious Software Protection,Req 5,Endpoint Monitoring,Endpoint,Medium-High,High,Medium-High,Retain raw events where needed for investigation or operational validation; align to local retention policy.,Keep searchable for security operations and evidence review; archive per policy thereafter.,Do not filter governance-relevant fields before indexing; consider selective edge reduction only after validating required evidence.,Tier 2,"endpoint, system, host, device, process, workload, inventory",Endpoint host/process telemetry is primary potential evidence for endpoint monitoring controls.,https://www.pcisecuritystandards.org/document_library/,"Framework control area classified to DIG governance capability, then capability mapped to Splunk CIM datamodel (seed patched 2026-08-03).",DIG seed - patched 2026-08-03,Potential CIM evidence seed: PCI-DSS Req 5 → Endpoint Monitoring / Endpoint (High confidence).,2026-08-03T15:32:35Z
PCI-DSS,4.0.1,Req 5 - Malicious Software Protection,Req 5,Malware Monitoring,Endpoint,Medium-High,Medium,Medium,Retain where useful for investigation or operational validation; do not treat as universal mandatory retention.,Keep searchable for operational review; archive or reduce per policy when no longer needed.,Prefer preserving key fields at the edge; reduce volume only after confirming evidence fields remain.,Tier 2,"malware, malicious code, anti-malware, malicious activity",Endpoint process/file telemetry can support malware investigations as secondary host context only.,https://www.pcisecuritystandards.org/document_library/,"Framework control area classified to DIG governance capability, then capability mapped to Splunk CIM datamodel (seed patched 2026-08-03).",DIG seed - patched 2026-08-03,Potential CIM evidence seed: PCI-DSS Req 5 → Malware Monitoring / Endpoint (Medium confidence).,2026-08-03T15:32:35Z
PCI-DSS,4.0.1,Req 5 - Malicious Software Protection,Req 5,Malware Monitoring,Malware,Medium-High,High,Medium-High,Retain raw events where needed for investigation or operational validation; align to local retention policy.,Keep searchable for security operations and evidence review; archive per policy thereafter.,Do not filter governance-relevant fields before indexing; consider selective edge reduction only after validating required evidence.,Tier 1,"malware, malicious code, anti-malware, malicious activity",Malware detection and protection events are primary potential evidence for malware-defense controls.,https://www.pcisecuritystandards.org/document_library/,"Framework control area classified to DIG governance capability, then capability mapped to Splunk CIM datamodel (seed patched 2026-08-03).",DIG seed - patched 2026-08-03,Potential CIM evidence seed: PCI-DSS Req 5 → Malware Monitoring / Malware (High confidence).,2026-08-03T15:32:35Z
PCI-DSS,4.0.1,Req 6 - Secure Systems and Software,Req 6,Change Monitoring,Change,Medium-High,High,Medium-High,Retain raw events where needed for investigation or operational validation; align to local retention policy.,Keep searchable for security operations and evidence review; archive per policy thereafter.,Do not filter governance-relevant fields before indexing; consider selective edge reduction only after validating required evidence.,Tier 2,"change, configuration, system changes, modification, integrity",Change events are direct potential evidence of configuration and system modifications.,https://www.pcisecuritystandards.org/document_library/,"Framework control area classified to DIG governance capability, then capability mapped to Splunk CIM datamodel (seed patched 2026-08-03).",DIG seed - patched 2026-08-03,Potential CIM evidence seed: PCI-DSS Req 6 → Change Monitoring / Change (High confidence).,2026-08-03T15:32:35Z
PCI-DSS,4.0.1,Req 6 - Secure Systems and Software,Req 6,Endpoint Monitoring,Compute_Inventory,Medium-High,Medium,Medium,Retain where useful for investigation or operational validation; do not treat as universal mandatory retention.,Keep searchable for operational review; archive or reduce per policy when no longer needed.,Prefer preserving key fields at the edge; reduce volume only after confirming evidence fields remain.,Tier 2,"endpoint, system, host, device, process, workload, inventory",Asset/inventory telemetry can support potential evidence of enterprise asset and software inventory.,https://www.pcisecuritystandards.org/document_library/,"Framework control area classified to DIG governance capability, then capability mapped to Splunk CIM datamodel (seed patched 2026-08-03).",DIG seed - patched 2026-08-03,Potential CIM evidence seed: PCI-DSS Req 6 → Endpoint Monitoring / Compute_Inventory (Medium confidence).,2026-08-03T15:32:35Z
PCI-DSS,4.0.1,Req 6 - Secure Systems and Software,Req 6,Endpoint Monitoring,Endpoint,Medium-High,High,Medium-High,Retain raw events where needed for investigation or operational validation; align to local retention policy.,Keep searchable for security operations and evidence review; archive per policy thereafter.,Do not filter governance-relevant fields before indexing; consider selective edge reduction only after validating required evidence.,Tier 2,"endpoint, system, host, device, process, workload, inventory",Endpoint host/process telemetry is primary potential evidence for endpoint monitoring controls.,https://www.pcisecuritystandards.org/document_library/,"Framework control area classified to DIG governance capability, then capability mapped to Splunk CIM datamodel (seed patched 2026-08-03).",DIG seed - patched 2026-08-03,Potential CIM evidence seed: PCI-DSS Req 6 → Endpoint Monitoring / Endpoint (High confidence).,2026-08-03T15:32:35Z
PCI-DSS,4.0.1,Req 6 - Secure Systems and Software,Req 6,Vulnerability Management,Updates,Medium-High,Medium,Medium,Retain where useful for investigation or operational validation; do not treat as universal mandatory retention.,Keep searchable for operational review; archive or reduce per policy when no longer needed.,Prefer preserving key fields at the edge; reduce volume only after confirming evidence fields remain.,Tier 1,"vulnerability, patching, remediation, updates, weaknesses",Patch/update telemetry can support potential evidence of remediation activity.,https://www.pcisecuritystandards.org/document_library/,"Framework control area classified to DIG governance capability, then capability mapped to Splunk CIM datamodel (seed patched 2026-08-03).",DIG seed - patched 2026-08-03,Potential CIM evidence seed: PCI-DSS Req 6 → Vulnerability Management / Updates (Medium confidence).,2026-08-03T15:32:35Z
PCI-DSS,4.0.1,Req 6 - Secure Systems and Software,Req 6,Vulnerability Management,Vulnerabilities,Medium-High,High,Medium-High,Retain raw events where needed for investigation or operational validation; align to local retention policy.,Keep searchable for security operations and evidence review; archive per policy thereafter.,Do not filter governance-relevant fields before indexing; consider selective edge reduction only after validating required evidence.,Tier 1,"vulnerability, patching, remediation, updates, weaknesses",Vulnerability findings are primary potential evidence for continuous vulnerability management.,https://www.pcisecuritystandards.org/document_library/,"Framework control area classified to DIG governance capability, then capability mapped to Splunk CIM datamodel (seed patched 2026-08-03).",DIG seed - patched 2026-08-03,Potential CIM evidence seed: PCI-DSS Req 6 → Vulnerability Management / Vulnerabilities (High confidence).,2026-08-03T15:32:35Z
PCI-DSS,4.0.1,Req 7 - Access Restriction,Req 7,Authentication Monitoring,Authentication,High,High,High,Retain raw events for investigation and evidence review per policy; treat as high-value security telemetry.,Keep searchable through the investigation/audit window; archive thereafter per policy.,Preserve governance-relevant fields before indexing; avoid edge filtering that removes investigation evidence.,Tier 1,"authentication, logon, login, credentials, MFA, session, access attempt","Authentication events are direct potential evidence of logon, credential and session activity.",https://www.pcisecuritystandards.org/document_library/,"Framework control area classified to DIG governance capability, then capability mapped to Splunk CIM datamodel (seed patched 2026-08-03).",DIG seed - patched 2026-08-03,Potential CIM evidence seed: PCI-DSS Req 7 → Authentication Monitoring / Authentication (High confidence).,2026-08-03T15:32:35Z
PCI-DSS,4.0.1,Req 7 - Access Restriction,Req 7,Data Access Monitoring,DLP,High,Medium,Medium-High,Retain raw events where needed for investigation or operational validation; align to local retention policy.,Keep searchable for security operations and evidence review; archive per policy thereafter.,Do not filter governance-relevant fields before indexing; consider selective edge reduction only after validating required evidence.,Tier 1,"data access, sensitive data, cardholder data, personal data, confidentiality, exfiltration",DLP events can support potential evidence of sensitive-data loss prevention monitoring.,https://www.pcisecuritystandards.org/document_library/,"Framework control area classified to DIG governance capability, then capability mapped to Splunk CIM datamodel (seed patched 2026-08-03).",DIG seed - patched 2026-08-03,Potential CIM evidence seed: PCI-DSS Req 7 → Data Access Monitoring / DLP (Medium confidence).,2026-08-03T15:32:35Z
PCI-DSS,4.0.1,Req 7 - Access Restriction,Req 7,Data Access Monitoring,Data_Access,High,High,High,Retain raw events for investigation and evidence review per policy; treat as high-value security telemetry.,Keep searchable through the investigation/audit window; archive thereafter per policy.,Preserve governance-relevant fields before indexing; avoid edge filtering that removes investigation evidence.,Tier 1,"data access, sensitive data, cardholder data, personal data, confidentiality, exfiltration",Data access events are primary potential evidence for sensitive-data access visibility.,https://www.pcisecuritystandards.org/document_library/,"Framework control area classified to DIG governance capability, then capability mapped to Splunk CIM datamodel (seed patched 2026-08-03).",DIG seed - patched 2026-08-03,Potential CIM evidence seed: PCI-DSS Req 7 → Data Access Monitoring / Data_Access (High confidence).,2026-08-03T15:32:35Z
PCI-DSS,4.0.1,Req 7 - Access Restriction,Req 7,Privileged Access Monitoring,Authentication,High,High,High,Retain raw events for investigation and evidence review per policy; treat as high-value security telemetry.,Keep searchable through the investigation/audit window; archive thereafter per policy.,Preserve governance-relevant fields before indexing; avoid edge filtering that removes investigation evidence.,Tier 1,"privileged access, administrator, remote access, account activity, access rights",Authentication context is primary potential evidence for privileged access and admin logon activity.,https://www.pcisecuritystandards.org/document_library/,"Framework control area classified to DIG governance capability, then capability mapped to Splunk CIM datamodel (seed patched 2026-08-03).",DIG seed - patched 2026-08-03,Potential CIM evidence seed: PCI-DSS Req 7 → Privileged Access Monitoring / Authentication (High confidence).,2026-08-03T15:32:35Z
PCI-DSS,4.0.1,Req 7 - Access Restriction,Req 7,Privileged Access Monitoring,Change,High,High,High,Retain raw events for investigation and evidence review per policy; treat as high-value security telemetry.,Keep searchable through the investigation/audit window; archive thereafter per policy.,Preserve governance-relevant fields before indexing; avoid edge filtering that removes investigation evidence.,Tier 1,"privileged access, administrator, remote access, account activity, access rights",Administrative change events can support potential evidence of privileged configuration activity.,https://www.pcisecuritystandards.org/document_library/,"Framework control area classified to DIG governance capability, then capability mapped to Splunk CIM datamodel (seed patched 2026-08-03).",DIG seed - patched 2026-08-03,Potential CIM evidence seed: PCI-DSS Req 7 → Privileged Access Monitoring / Change (High confidence).,2026-08-03T15:32:35Z
PCI-DSS,4.0.1,Req 8 - User Identification and Authentication,Req 8,Authentication Monitoring,Authentication,High,High,High,Retain raw events for investigation and evidence review per policy; treat as high-value security telemetry.,Keep searchable through the investigation/audit window; archive thereafter per policy.,Preserve governance-relevant fields before indexing; avoid edge filtering that removes investigation evidence.,Tier 1,"authentication, logon, login, credentials, MFA, session, access attempt","Authentication events are direct potential evidence of logon, credential and session activity.",https://www.pcisecuritystandards.org/document_library/,"Framework control area classified to DIG governance capability, then capability mapped to Splunk CIM datamodel (seed patched 2026-08-03).",DIG seed - patched 2026-08-03,Potential CIM evidence seed: PCI-DSS Req 8 → Authentication Monitoring / Authentication (High confidence).,2026-08-03T15:32:35Z
PCI-DSS,4.0.1,Req 8 - User Identification and Authentication,Req 8,Privileged Access Monitoring,Authentication,High,High,High,Retain raw events for investigation and evidence review per policy; treat as high-value security telemetry.,Keep searchable through the investigation/audit window; archive thereafter per policy.,Preserve governance-relevant fields before indexing; avoid edge filtering that removes investigation evidence.,Tier 1,"privileged access, administrator, remote access, account activity, access rights",Authentication context is primary potential evidence for privileged access and admin logon activity.,https://www.pcisecuritystandards.org/document_library/,"Framework control area classified to DIG governance capability, then capability mapped to Splunk CIM datamodel (seed patched 2026-08-03).",DIG seed - patched 2026-08-03,Potential CIM evidence seed: PCI-DSS Req 8 → Privileged Access Monitoring / Authentication (High confidence).,2026-08-03T15:32:35Z
PCI-DSS,4.0.1,Req 8 - User Identification and Authentication,Req 8,Privileged Access Monitoring,Change,High,High,High,Retain raw events for investigation and evidence review per policy; treat as high-value security telemetry.,Keep searchable through the investigation/audit window; archive thereafter per policy.,Preserve governance-relevant fields before indexing; avoid edge filtering that removes investigation evidence.,Tier 1,"privileged access, administrator, remote access, account activity, access rights",Administrative change events can support potential evidence of privileged configuration activity.,https://www.pcisecuritystandards.org/document_library/,"Framework control area classified to DIG governance capability, then capability mapped to Splunk CIM datamodel (seed patched 2026-08-03).",DIG seed - patched 2026-08-03,Potential CIM evidence seed: PCI-DSS Req 8 → Privileged Access Monitoring / Change (High confidence).,2026-08-03T15:32:35Z
SOC 2,2017 TSC with revised points of focus 2022,Availability - System Availability and Resilience,Availability,Application and Service Resilience,Databases,Medium,Medium,Low,Retention is optional guidance only; prioritize higher-confidence governance evidence sources first.,Short searchable window is usually sufficient; archive or drop per policy.,Edge reduction is acceptable if higher-confidence evidence sources remain intact for the same control area.,Tier 2,"availability, resilience, performance, service, application, database, processing integrity",Database health and access telemetry can support service-resilience evidence for data-tier workloads.,https://www.aicpa-cima.com/resources/download/2017-trust-services-criteria-with-revised-points-of-focus-2022,"Framework control area classified to DIG governance capability, then capability mapped to Splunk CIM datamodel (seed patched 2026-08-03).",DIG seed - patched 2026-08-03,Potential CIM evidence seed: SOC 2 Availability → Application and Service Resilience / Databases (Medium confidence).,2026-08-03T15:32:35Z
SOC 2,2017 TSC with revised points of focus 2022,Availability - System Availability and Resilience,Availability,Application and Service Resilience,Performance,Medium,Medium,Low,Retention is optional guidance only; prioritize higher-confidence governance evidence sources first.,Short searchable window is usually sufficient; archive or drop per policy.,Edge reduction is acceptable if higher-confidence evidence sources remain intact for the same control area.,Tier 2,"availability, resilience, performance, service, application, database, processing integrity",Performance and availability metrics are primary potential evidence for operational resilience controls.,https://www.aicpa-cima.com/resources/download/2017-trust-services-criteria-with-revised-points-of-focus-2022,"Framework control area classified to DIG governance capability, then capability mapped to Splunk CIM datamodel (seed patched 2026-08-03).",DIG seed - patched 2026-08-03,Potential CIM evidence seed: SOC 2 Availability → Application and Service Resilience / Performance (Medium confidence).,2026-08-03T15:32:35Z
SOC 2,2017 TSC with revised points of focus 2022,Availability - System Availability and Resilience,Availability,Incident and Case Management,Alerts,High,High,High,Retain raw events for investigation and evidence review per policy; treat as high-value security telemetry.,Keep searchable through the investigation/audit window; archive thereafter per policy.,Preserve governance-relevant fields before indexing; avoid edge filtering that removes investigation evidence.,Tier 1,"incident, response, case, escalation, ticket, reporting",Alert records can support potential evidence of incident detection handoff into response workflows.,https://www.aicpa-cima.com/resources/download/2017-trust-services-criteria-with-revised-points-of-focus-2022,"Framework control area classified to DIG governance capability, then capability mapped to Splunk CIM datamodel (seed patched 2026-08-03).",DIG seed - patched 2026-08-03,Potential CIM evidence seed: SOC 2 Availability → Incident and Case Management / Alerts (High confidence).,2026-08-03T15:32:35Z
SOC 2,2017 TSC with revised points of focus 2022,Availability - System Availability and Resilience,Availability,Incident and Case Management,Ticket_Management,High,High,High,Retain raw events for investigation and evidence review per policy; treat as high-value security telemetry.,Keep searchable through the investigation/audit window; archive thereafter per policy.,Preserve governance-relevant fields before indexing; avoid edge filtering that removes investigation evidence.,Tier 1,"incident, response, case, escalation, ticket, reporting",Ticket/case telemetry is primary potential evidence for incident and case-handling workflows.,https://www.aicpa-cima.com/resources/download/2017-trust-services-criteria-with-revised-points-of-focus-2022,"Framework control area classified to DIG governance capability, then capability mapped to Splunk CIM datamodel (seed patched 2026-08-03).",DIG seed - patched 2026-08-03,Potential CIM evidence seed: SOC 2 Availability → Incident and Case Management / Ticket_Management (High confidence).,2026-08-03T15:32:35Z
SOC 2,2017 TSC with revised points of focus 2022,CC6 - Logical and Physical Access Controls,CC6,Authentication Monitoring,Authentication,High,High,High,Retain raw events for investigation and evidence review per policy; treat as high-value security telemetry.,Keep searchable through the investigation/audit window; archive thereafter per policy.,Preserve governance-relevant fields before indexing; avoid edge filtering that removes investigation evidence.,Tier 1,"authentication, logon, login, credentials, MFA, session, access attempt","Authentication events are direct potential evidence of logon, credential and session activity.",https://www.aicpa-cima.com/resources/download/2017-trust-services-criteria-with-revised-points-of-focus-2022,"Framework control area classified to DIG governance capability, then capability mapped to Splunk CIM datamodel (seed patched 2026-08-03).",DIG seed - patched 2026-08-03,Potential CIM evidence seed: SOC 2 CC6 → Authentication Monitoring / Authentication (High confidence).,2026-08-03T15:32:35Z
SOC 2,2017 TSC with revised points of focus 2022,CC6 - Logical and Physical Access Controls,CC6,Data Access Monitoring,DLP,High,Medium,Medium-High,Retain raw events where needed for investigation or operational validation; align to local retention policy.,Keep searchable for security operations and evidence review; archive per policy thereafter.,Do not filter governance-relevant fields before indexing; consider selective edge reduction only after validating required evidence.,Tier 1,"data access, sensitive data, cardholder data, personal data, confidentiality, exfiltration",DLP events can support potential evidence of sensitive-data loss prevention monitoring.,https://www.aicpa-cima.com/resources/download/2017-trust-services-criteria-with-revised-points-of-focus-2022,"Framework control area classified to DIG governance capability, then capability mapped to Splunk CIM datamodel (seed patched 2026-08-03).",DIG seed - patched 2026-08-03,Potential CIM evidence seed: SOC 2 CC6 → Data Access Monitoring / DLP (Medium confidence).,2026-08-03T15:32:35Z
SOC 2,2017 TSC with revised points of focus 2022,CC6 - Logical and Physical Access Controls,CC6,Data Access Monitoring,Data_Access,High,High,High,Retain raw events for investigation and evidence review per policy; treat as high-value security telemetry.,Keep searchable through the investigation/audit window; archive thereafter per policy.,Preserve governance-relevant fields before indexing; avoid edge filtering that removes investigation evidence.,Tier 1,"data access, sensitive data, cardholder data, personal data, confidentiality, exfiltration",Data access events are primary potential evidence for sensitive-data access visibility.,https://www.aicpa-cima.com/resources/download/2017-trust-services-criteria-with-revised-points-of-focus-2022,"Framework control area classified to DIG governance capability, then capability mapped to Splunk CIM datamodel (seed patched 2026-08-03).",DIG seed - patched 2026-08-03,Potential CIM evidence seed: SOC 2 CC6 → Data Access Monitoring / Data_Access (High confidence).,2026-08-03T15:32:35Z
SOC 2,2017 TSC with revised points of focus 2022,CC6 - Logical and Physical Access Controls,CC6,Privileged Access Monitoring,Authentication,High,High,High,Retain raw events for investigation and evidence review per policy; treat as high-value security telemetry.,Keep searchable through the investigation/audit window; archive thereafter per policy.,Preserve governance-relevant fields before indexing; avoid edge filtering that removes investigation evidence.,Tier 1,"privileged access, administrator, remote access, account activity, access rights",Authentication context is primary potential evidence for privileged access and admin logon activity.,https://www.aicpa-cima.com/resources/download/2017-trust-services-criteria-with-revised-points-of-focus-2022,"Framework control area classified to DIG governance capability, then capability mapped to Splunk CIM datamodel (seed patched 2026-08-03).",DIG seed - patched 2026-08-03,Potential CIM evidence seed: SOC 2 CC6 → Privileged Access Monitoring / Authentication (High confidence).,2026-08-03T15:32:35Z
SOC 2,2017 TSC with revised points of focus 2022,CC6 - Logical and Physical Access Controls,CC6,Privileged Access Monitoring,Change,High,High,High,Retain raw events for investigation and evidence review per policy; treat as high-value security telemetry.,Keep searchable through the investigation/audit window; archive thereafter per policy.,Preserve governance-relevant fields before indexing; avoid edge filtering that removes investigation evidence.,Tier 1,"privileged access, administrator, remote access, account activity, access rights",Administrative change events can support potential evidence of privileged configuration activity.,https://www.aicpa-cima.com/resources/download/2017-trust-services-criteria-with-revised-points-of-focus-2022,"Framework control area classified to DIG governance capability, then capability mapped to Splunk CIM datamodel (seed patched 2026-08-03).",DIG seed - patched 2026-08-03,Potential CIM evidence seed: SOC 2 CC6 → Privileged Access Monitoring / Change (High confidence).,2026-08-03T15:32:35Z
SOC 2,2017 TSC with revised points of focus 2022,CC7 - System Operations,CC7,Alerting and Detection,Alerts,High,High,High,Retain raw events for investigation and evidence review per policy; treat as high-value security telemetry.,Keep searchable through the investigation/audit window; archive thereafter per policy.,Preserve governance-relevant fields before indexing; avoid edge filtering that removes investigation evidence.,Tier 1,"alerts, detection, monitoring, intrusion, events, signatures",Alert outcomes are direct potential evidence of detection and monitoring activity.,https://www.aicpa-cima.com/resources/download/2017-trust-services-criteria-with-revised-points-of-focus-2022,"Framework control area classified to DIG governance capability, then capability mapped to Splunk CIM datamodel (seed patched 2026-08-03).",DIG seed - patched 2026-08-03,Potential CIM evidence seed: SOC 2 CC7 → Alerting and Detection / Alerts (High confidence).,2026-08-03T15:32:35Z
SOC 2,2017 TSC with revised points of focus 2022,CC7 - System Operations,CC7,Alerting and Detection,Event_Signatures,High,Medium,Medium-High,Retain raw events where needed for investigation or operational validation; align to local retention policy.,Keep searchable for security operations and evidence review; archive per policy thereafter.,Do not filter governance-relevant fields before indexing; consider selective edge reduction only after validating required evidence.,Tier 1,"alerts, detection, monitoring, intrusion, events, signatures",Signature/rule-hit telemetry can support detection evidence where content-matching is used.,https://www.aicpa-cima.com/resources/download/2017-trust-services-criteria-with-revised-points-of-focus-2022,"Framework control area classified to DIG governance capability, then capability mapped to Splunk CIM datamodel (seed patched 2026-08-03).",DIG seed - patched 2026-08-03,Potential CIM evidence seed: SOC 2 CC7 → Alerting and Detection / Event_Signatures (Medium confidence).,2026-08-03T15:32:35Z
SOC 2,2017 TSC with revised points of focus 2022,CC7 - System Operations,CC7,Alerting and Detection,Intrusion_Detection,High,Medium,Medium-High,Retain raw events where needed for investigation or operational validation; align to local retention policy.,Keep searchable for security operations and evidence review; archive per policy thereafter.,Do not filter governance-relevant fields before indexing; consider selective edge reduction only after validating required evidence.,Tier 1,"alerts, detection, monitoring, intrusion, events, signatures",IDS/IPS events can provide potential evidence of intrusion detection monitoring.,https://www.aicpa-cima.com/resources/download/2017-trust-services-criteria-with-revised-points-of-focus-2022,"Framework control area classified to DIG governance capability, then capability mapped to Splunk CIM datamodel (seed patched 2026-08-03).",DIG seed - patched 2026-08-03,Potential CIM evidence seed: SOC 2 CC7 → Alerting and Detection / Intrusion_Detection (Medium confidence).,2026-08-03T15:32:35Z
SOC 2,2017 TSC with revised points of focus 2022,CC7 - System Operations,CC7,Application and Service Resilience,Databases,Medium,Medium,Low,Retention is optional guidance only; prioritize higher-confidence governance evidence sources first.,Short searchable window is usually sufficient; archive or drop per policy.,Edge reduction is acceptable if higher-confidence evidence sources remain intact for the same control area.,Tier 2,"availability, resilience, performance, service, application, database, processing integrity",Database health and access telemetry can support service-resilience evidence for data-tier workloads.,https://www.aicpa-cima.com/resources/download/2017-trust-services-criteria-with-revised-points-of-focus-2022,"Framework control area classified to DIG governance capability, then capability mapped to Splunk CIM datamodel (seed patched 2026-08-03).",DIG seed - patched 2026-08-03,Potential CIM evidence seed: SOC 2 CC7 → Application and Service Resilience / Databases (Medium confidence).,2026-08-03T15:32:35Z
SOC 2,2017 TSC with revised points of focus 2022,CC7 - System Operations,CC7,Application and Service Resilience,Performance,Medium,Medium,Low,Retention is optional guidance only; prioritize higher-confidence governance evidence sources first.,Short searchable window is usually sufficient; archive or drop per policy.,Edge reduction is acceptable if higher-confidence evidence sources remain intact for the same control area.,Tier 2,"availability, resilience, performance, service, application, database, processing integrity",Performance and availability metrics are primary potential evidence for operational resilience controls.,https://www.aicpa-cima.com/resources/download/2017-trust-services-criteria-with-revised-points-of-focus-2022,"Framework control area classified to DIG governance capability, then capability mapped to Splunk CIM datamodel (seed patched 2026-08-03).",DIG seed - patched 2026-08-03,Potential CIM evidence seed: SOC 2 CC7 → Application and Service Resilience / Performance (Medium confidence).,2026-08-03T15:32:35Z
SOC 2,2017 TSC with revised points of focus 2022,CC7 - System Operations,CC7,Endpoint Monitoring,Compute_Inventory,Medium-High,Medium,Medium,Retain where useful for investigation or operational validation; do not treat as universal mandatory retention.,Keep searchable for operational review; archive or reduce per policy when no longer needed.,Prefer preserving key fields at the edge; reduce volume only after confirming evidence fields remain.,Tier 2,"endpoint, system, host, device, process, workload, inventory",Asset/inventory telemetry can support potential evidence of enterprise asset and software inventory.,https://www.aicpa-cima.com/resources/download/2017-trust-services-criteria-with-revised-points-of-focus-2022,"Framework control area classified to DIG governance capability, then capability mapped to Splunk CIM datamodel (seed patched 2026-08-03).",DIG seed - patched 2026-08-03,Potential CIM evidence seed: SOC 2 CC7 → Endpoint Monitoring / Compute_Inventory (Medium confidence).,2026-08-03T15:32:35Z
SOC 2,2017 TSC with revised points of focus 2022,CC7 - System Operations,CC7,Endpoint Monitoring,Endpoint,Medium-High,High,Medium-High,Retain raw events where needed for investigation or operational validation; align to local retention policy.,Keep searchable for security operations and evidence review; archive per policy thereafter.,Do not filter governance-relevant fields before indexing; consider selective edge reduction only after validating required evidence.,Tier 2,"endpoint, system, host, device, process, workload, inventory",Endpoint host/process telemetry is primary potential evidence for endpoint monitoring controls.,https://www.aicpa-cima.com/resources/download/2017-trust-services-criteria-with-revised-points-of-focus-2022,"Framework control area classified to DIG governance capability, then capability mapped to Splunk CIM datamodel (seed patched 2026-08-03).",DIG seed - patched 2026-08-03,Potential CIM evidence seed: SOC 2 CC7 → Endpoint Monitoring / Endpoint (High confidence).,2026-08-03T15:32:35Z
SOC 2,2017 TSC with revised points of focus 2022,CC7 - System Operations,CC7,Network Monitoring,Network_Resolution,High,Medium,Medium-High,Retain raw events where needed for investigation or operational validation; align to local retention policy.,Keep searchable for security operations and evidence review; archive per policy thereafter.,Do not filter governance-relevant fields before indexing; consider selective edge reduction only after validating required evidence.,Tier 1,"network, traffic, connections, communications, DNS, segmentation, perimeter",DNS/name-resolution telemetry can support potential evidence of network visibility and resolution monitoring.,https://www.aicpa-cima.com/resources/download/2017-trust-services-criteria-with-revised-points-of-focus-2022,"Framework control area classified to DIG governance capability, then capability mapped to Splunk CIM datamodel (seed patched 2026-08-03).",DIG seed - patched 2026-08-03,Potential CIM evidence seed: SOC 2 CC7 → Network Monitoring / Network_Resolution (Medium confidence).,2026-08-03T15:32:35Z
SOC 2,2017 TSC with revised points of focus 2022,CC7 - System Operations,CC7,Network Monitoring,Network_Sessions,High,Medium,Medium-High,Retain raw events where needed for investigation or operational validation; align to local retention policy.,Keep searchable for security operations and evidence review; archive per policy thereafter.,Do not filter governance-relevant fields before indexing; consider selective edge reduction only after validating required evidence.,Tier 1,"network, traffic, connections, communications, DNS, segmentation, perimeter",Session telemetry can support potential evidence of connection and communications monitoring.,https://www.aicpa-cima.com/resources/download/2017-trust-services-criteria-with-revised-points-of-focus-2022,"Framework control area classified to DIG governance capability, then capability mapped to Splunk CIM datamodel (seed patched 2026-08-03).",DIG seed - patched 2026-08-03,Potential CIM evidence seed: SOC 2 CC7 → Network Monitoring / Network_Sessions (Medium confidence).,2026-08-03T15:32:35Z
SOC 2,2017 TSC with revised points of focus 2022,CC7 - System Operations,CC7,Network Monitoring,Network_Traffic,High,High,High,Retain raw events for investigation and evidence review per policy; treat as high-value security telemetry.,Keep searchable through the investigation/audit window; archive thereafter per policy.,Preserve governance-relevant fields before indexing; avoid edge filtering that removes investigation evidence.,Tier 1,"network, traffic, connections, communications, DNS, segmentation, perimeter",Network traffic events are primary potential evidence for network monitoring and defense controls.,https://www.aicpa-cima.com/resources/download/2017-trust-services-criteria-with-revised-points-of-focus-2022,"Framework control area classified to DIG governance capability, then capability mapped to Splunk CIM datamodel (seed patched 2026-08-03).",DIG seed - patched 2026-08-03,Potential CIM evidence seed: SOC 2 CC7 → Network Monitoring / Network_Traffic (High confidence).,2026-08-03T15:32:35Z
SOC 2,2017 TSC with revised points of focus 2022,CC8 - Change Management,CC8,Change Monitoring,Change,Medium-High,High,Medium-High,Retain raw events where needed for investigation or operational validation; align to local retention policy.,Keep searchable for security operations and evidence review; archive per policy thereafter.,Do not filter governance-relevant fields before indexing; consider selective edge reduction only after validating required evidence.,Tier 2,"change, configuration, system changes, modification, integrity",Change events are direct potential evidence of configuration and system modifications.,https://www.aicpa-cima.com/resources/download/2017-trust-services-criteria-with-revised-points-of-focus-2022,"Framework control area classified to DIG governance capability, then capability mapped to Splunk CIM datamodel (seed patched 2026-08-03).",DIG seed - patched 2026-08-03,Potential CIM evidence seed: SOC 2 CC8 → Change Monitoring / Change (High confidence).,2026-08-03T15:32:35Z
SOC 2,2017 TSC with revised points of focus 2022,CC9 - Risk Mitigation,CC9,Incident and Case Management,Alerts,High,High,High,Retain raw events for investigation and evidence review per policy; treat as high-value security telemetry.,Keep searchable through the investigation/audit window; archive thereafter per policy.,Preserve governance-relevant fields before indexing; avoid edge filtering that removes investigation evidence.,Tier 1,"incident, response, case, escalation, ticket, reporting",Alert records can support potential evidence of incident detection handoff into response workflows.,https://www.aicpa-cima.com/resources/download/2017-trust-services-criteria-with-revised-points-of-focus-2022,"Framework control area classified to DIG governance capability, then capability mapped to Splunk CIM datamodel (seed patched 2026-08-03).",DIG seed - patched 2026-08-03,Potential CIM evidence seed: SOC 2 CC9 → Incident and Case Management / Alerts (High confidence).,2026-08-03T15:32:35Z
SOC 2,2017 TSC with revised points of focus 2022,CC9 - Risk Mitigation,CC9,Incident and Case Management,Ticket_Management,High,High,High,Retain raw events for investigation and evidence review per policy; treat as high-value security telemetry.,Keep searchable through the investigation/audit window; archive thereafter per policy.,Preserve governance-relevant fields before indexing; avoid edge filtering that removes investigation evidence.,Tier 1,"incident, response, case, escalation, ticket, reporting",Ticket/case telemetry is primary potential evidence for incident and case-handling workflows.,https://www.aicpa-cima.com/resources/download/2017-trust-services-criteria-with-revised-points-of-focus-2022,"Framework control area classified to DIG governance capability, then capability mapped to Splunk CIM datamodel (seed patched 2026-08-03).",DIG seed - patched 2026-08-03,Potential CIM evidence seed: SOC 2 CC9 → Incident and Case Management / Ticket_Management (High confidence).,2026-08-03T15:32:35Z
SOC 2,2017 TSC with revised points of focus 2022,CC9 - Risk Mitigation,CC9,Vulnerability Management,Updates,Medium-High,Medium,Medium,Retain where useful for investigation or operational validation; do not treat as universal mandatory retention.,Keep searchable for operational review; archive or reduce per policy when no longer needed.,Prefer preserving key fields at the edge; reduce volume only after confirming evidence fields remain.,Tier 1,"vulnerability, patching, remediation, updates, weaknesses",Patch/update telemetry can support potential evidence of remediation activity.,https://www.aicpa-cima.com/resources/download/2017-trust-services-criteria-with-revised-points-of-focus-2022,"Framework control area classified to DIG governance capability, then capability mapped to Splunk CIM datamodel (seed patched 2026-08-03).",DIG seed - patched 2026-08-03,Potential CIM evidence seed: SOC 2 CC9 → Vulnerability Management / Updates (Medium confidence).,2026-08-03T15:32:35Z
SOC 2,2017 TSC with revised points of focus 2022,CC9 - Risk Mitigation,CC9,Vulnerability Management,Vulnerabilities,Medium-High,High,Medium-High,Retain raw events where needed for investigation or operational validation; align to local retention policy.,Keep searchable for security operations and evidence review; archive per policy thereafter.,Do not filter governance-relevant fields before indexing; consider selective edge reduction only after validating required evidence.,Tier 1,"vulnerability, patching, remediation, updates, weaknesses",Vulnerability findings are primary potential evidence for continuous vulnerability management.,https://www.aicpa-cima.com/resources/download/2017-trust-services-criteria-with-revised-points-of-focus-2022,"Framework control area classified to DIG governance capability, then capability mapped to Splunk CIM datamodel (seed patched 2026-08-03).",DIG seed - patched 2026-08-03,Potential CIM evidence seed: SOC 2 CC9 → Vulnerability Management / Vulnerabilities (High confidence).,2026-08-03T15:32:35Z
SOC 2,2017 TSC with revised points of focus 2022,Confidentiality - Protection of Confidential Information,Confidentiality,Certificate and Crypto Monitoring,Certificates,Medium-High,High,Medium-High,Retain raw events where needed for investigation or operational validation; align to local retention policy.,Keep searchable for security operations and evidence review; archive per policy thereafter.,Do not filter governance-relevant fields before indexing; consider selective edge reduction only after validating required evidence.,Tier 2,"certificate, cryptography, encryption, key management, TLS",Certificate lifecycle telemetry is direct potential evidence for crypto and TLS certificate controls.,https://www.aicpa-cima.com/resources/download/2017-trust-services-criteria-with-revised-points-of-focus-2022,"Framework control area classified to DIG governance capability, then capability mapped to Splunk CIM datamodel (seed patched 2026-08-03).",DIG seed - patched 2026-08-03,Potential CIM evidence seed: SOC 2 Confidentiality → Certificate and Crypto Monitoring / Certificates (High confidence).,2026-08-03T15:32:35Z
SOC 2,2017 TSC with revised points of focus 2022,Confidentiality - Protection of Confidential Information,Confidentiality,Data Access Monitoring,DLP,High,Medium,Medium-High,Retain raw events where needed for investigation or operational validation; align to local retention policy.,Keep searchable for security operations and evidence review; archive per policy thereafter.,Do not filter governance-relevant fields before indexing; consider selective edge reduction only after validating required evidence.,Tier 1,"data access, sensitive data, cardholder data, personal data, confidentiality, exfiltration",DLP events can support potential evidence of sensitive-data loss prevention monitoring.,https://www.aicpa-cima.com/resources/download/2017-trust-services-criteria-with-revised-points-of-focus-2022,"Framework control area classified to DIG governance capability, then capability mapped to Splunk CIM datamodel (seed patched 2026-08-03).",DIG seed - patched 2026-08-03,Potential CIM evidence seed: SOC 2 Confidentiality → Data Access Monitoring / DLP (Medium confidence).,2026-08-03T15:32:35Z
SOC 2,2017 TSC with revised points of focus 2022,Confidentiality - Protection of Confidential Information,Confidentiality,Data Access Monitoring,Data_Access,High,High,High,Retain raw events for investigation and evidence review per policy; treat as high-value security telemetry.,Keep searchable through the investigation/audit window; archive thereafter per policy.,Preserve governance-relevant fields before indexing; avoid edge filtering that removes investigation evidence.,Tier 1,"data access, sensitive data, cardholder data, personal data, confidentiality, exfiltration",Data access events are primary potential evidence for sensitive-data access visibility.,https://www.aicpa-cima.com/resources/download/2017-trust-services-criteria-with-revised-points-of-focus-2022,"Framework control area classified to DIG governance capability, then capability mapped to Splunk CIM datamodel (seed patched 2026-08-03).",DIG seed - patched 2026-08-03,Potential CIM evidence seed: SOC 2 Confidentiality → Data Access Monitoring / Data_Access (High confidence).,2026-08-03T15:32:35Z
SOC 2,2017 TSC with revised points of focus 2022,Privacy - Personal Information Protection,Privacy,Authentication Monitoring,Authentication,High,High,High,Retain raw events for investigation and evidence review per policy; treat as high-value security telemetry.,Keep searchable through the investigation/audit window; archive thereafter per policy.,Preserve governance-relevant fields before indexing; avoid edge filtering that removes investigation evidence.,Tier 1,"authentication, logon, login, credentials, MFA, session, access attempt","Authentication events are direct potential evidence of logon, credential and session activity.",https://www.aicpa-cima.com/resources/download/2017-trust-services-criteria-with-revised-points-of-focus-2022,"Framework control area classified to DIG governance capability, then capability mapped to Splunk CIM datamodel (seed patched 2026-08-03).",DIG seed - patched 2026-08-03,Potential CIM evidence seed: SOC 2 Privacy → Authentication Monitoring / Authentication (High confidence).,2026-08-03T15:32:35Z
SOC 2,2017 TSC with revised points of focus 2022,Privacy - Personal Information Protection,Privacy,Data Access Monitoring,DLP,High,Medium,Medium-High,Retain raw events where needed for investigation or operational validation; align to local retention policy.,Keep searchable for security operations and evidence review; archive per policy thereafter.,Do not filter governance-relevant fields before indexing; consider selective edge reduction only after validating required evidence.,Tier 1,"data access, sensitive data, cardholder data, personal data, confidentiality, exfiltration",DLP events can support potential evidence of sensitive-data loss prevention monitoring.,https://www.aicpa-cima.com/resources/download/2017-trust-services-criteria-with-revised-points-of-focus-2022,"Framework control area classified to DIG governance capability, then capability mapped to Splunk CIM datamodel (seed patched 2026-08-03).",DIG seed - patched 2026-08-03,Potential CIM evidence seed: SOC 2 Privacy → Data Access Monitoring / DLP (Medium confidence).,2026-08-03T15:32:35Z
SOC 2,2017 TSC with revised points of focus 2022,Privacy - Personal Information Protection,Privacy,Data Access Monitoring,Data_Access,High,High,High,Retain raw events for investigation and evidence review per policy; treat as high-value security telemetry.,Keep searchable through the investigation/audit window; archive thereafter per policy.,Preserve governance-relevant fields before indexing; avoid edge filtering that removes investigation evidence.,Tier 1,"data access, sensitive data, cardholder data, personal data, confidentiality, exfiltration",Data access events are primary potential evidence for sensitive-data access visibility.,https://www.aicpa-cima.com/resources/download/2017-trust-services-criteria-with-revised-points-of-focus-2022,"Framework control area classified to DIG governance capability, then capability mapped to Splunk CIM datamodel (seed patched 2026-08-03).",DIG seed - patched 2026-08-03,Potential CIM evidence seed: SOC 2 Privacy → Data Access Monitoring / Data_Access (High confidence).,2026-08-03T15:32:35Z
SOC 2,2017 TSC with revised points of focus 2022,Privacy - Personal Information Protection,Privacy,Incident and Case Management,Alerts,High,High,High,Retain raw events for investigation and evidence review per policy; treat as high-value security telemetry.,Keep searchable through the investigation/audit window; archive thereafter per policy.,Preserve governance-relevant fields before indexing; avoid edge filtering that removes investigation evidence.,Tier 1,"incident, response, case, escalation, ticket, reporting",Alert records can support potential evidence of incident detection handoff into response workflows.,https://www.aicpa-cima.com/resources/download/2017-trust-services-criteria-with-revised-points-of-focus-2022,"Framework control area classified to DIG governance capability, then capability mapped to Splunk CIM datamodel (seed patched 2026-08-03).",DIG seed - patched 2026-08-03,Potential CIM evidence seed: SOC 2 Privacy → Incident and Case Management / Alerts (High confidence).,2026-08-03T15:32:35Z
SOC 2,2017 TSC with revised points of focus 2022,Privacy - Personal Information Protection,Privacy,Incident and Case Management,Ticket_Management,High,High,High,Retain raw events for investigation and evidence review per policy; treat as high-value security telemetry.,Keep searchable through the investigation/audit window; archive thereafter per policy.,Preserve governance-relevant fields before indexing; avoid edge filtering that removes investigation evidence.,Tier 1,"incident, response, case, escalation, ticket, reporting",Ticket/case telemetry is primary potential evidence for incident and case-handling workflows.,https://www.aicpa-cima.com/resources/download/2017-trust-services-criteria-with-revised-points-of-focus-2022,"Framework control area classified to DIG governance capability, then capability mapped to Splunk CIM datamodel (seed patched 2026-08-03).",DIG seed - patched 2026-08-03,Potential CIM evidence seed: SOC 2 Privacy → Incident and Case Management / Ticket_Management (High confidence).,2026-08-03T15:32:35Z
SOC 2,2017 TSC with revised points of focus 2022,Processing Integrity - Complete Accurate Timely Processing,Processing Integrity,Application and Service Resilience,Databases,Medium,Medium,Low,Retention is optional guidance only; prioritize higher-confidence governance evidence sources first.,Short searchable window is usually sufficient; archive or drop per policy.,Edge reduction is acceptable if higher-confidence evidence sources remain intact for the same control area.,Tier 2,"availability, resilience, performance, service, application, database, processing integrity",Database health and access telemetry can support service-resilience evidence for data-tier workloads.,https://www.aicpa-cima.com/resources/download/2017-trust-services-criteria-with-revised-points-of-focus-2022,"Framework control area classified to DIG governance capability, then capability mapped to Splunk CIM datamodel (seed patched 2026-08-03).",DIG seed - patched 2026-08-03,Potential CIM evidence seed: SOC 2 Processing Integrity → Application and Service Resilience / Databases (Medium confidence).,2026-08-03T15:32:35Z
SOC 2,2017 TSC with revised points of focus 2022,Processing Integrity - Complete Accurate Timely Processing,Processing Integrity,Application and Service Resilience,Performance,Medium,Medium,Low,Retention is optional guidance only; prioritize higher-confidence governance evidence sources first.,Short searchable window is usually sufficient; archive or drop per policy.,Edge reduction is acceptable if higher-confidence evidence sources remain intact for the same control area.,Tier 2,"availability, resilience, performance, service, application, database, processing integrity",Performance and availability metrics are primary potential evidence for operational resilience controls.,https://www.aicpa-cima.com/resources/download/2017-trust-services-criteria-with-revised-points-of-focus-2022,"Framework control area classified to DIG governance capability, then capability mapped to Splunk CIM datamodel (seed patched 2026-08-03).",DIG seed - patched 2026-08-03,Potential CIM evidence seed: SOC 2 Processing Integrity → Application and Service Resilience / Performance (Medium confidence).,2026-08-03T15:32:35Z
SOC 2,2017 TSC with revised points of focus 2022,Processing Integrity - Complete Accurate Timely Processing,Processing Integrity,Change Monitoring,Change,Medium-High,High,Medium-High,Retain raw events where needed for investigation or operational validation; align to local retention policy.,Keep searchable for security operations and evidence review; archive per policy thereafter.,Do not filter governance-relevant fields before indexing; consider selective edge reduction only after validating required evidence.,Tier 2,"change, configuration, system changes, modification, integrity",Change events are direct potential evidence of configuration and system modifications.,https://www.aicpa-cima.com/resources/download/2017-trust-services-criteria-with-revised-points-of-focus-2022,"Framework control area classified to DIG governance capability, then capability mapped to Splunk CIM datamodel (seed patched 2026-08-03).",DIG seed - patched 2026-08-03,Potential CIM evidence seed: SOC 2 Processing Integrity → Change Monitoring / Change (High confidence).,2026-08-03T15:32:35Z
