framework,framework_version,requirement_area,control_reference,capability,datamodel,governance_relevance,mapping_confidence,retention_importance,raw_retention_recommendation,searchable_retention_recommendation,edge_processing_recommendation,tiering_recommendation,source_terms,mapping_rationale,source_url,mapping_method,review_status,notes,updated_at
CIS Controls v8,v8,CIS 1 - Inventory and Control of Enterprise Assets,CIS 1,Endpoint Monitoring,Compute_Inventory,Medium-High,Medium,Medium-High,"Retain raw events where required for investigation, audit evidence, breach analysis, or operational validation.",Keep searchable for security operations and evidence review; archive per policy thereafter,Do not filter governance-relevant fields before indexing; consider selective edge reduction only after validating required evidence.,Tier 2,"endpoint, system, host, device, process, workload, inventory","Host, endpoint and asset telemetry aligns to Endpoint and Compute_Inventory evidence.",https://www.cisecurity.org/controls/v8,"Framework control area classified to DIG governance capability, then capability mapped to discovered Splunk CIM datamodel.",DIG seed - review recommended,"Endpoint Monitoring: Host, endpoint and asset telemetry aligns to Endpoint and Compute_Inventory evidence.",2026-06-11T15:26:33Z
CIS Controls v8,v8,CIS 1 - Inventory and Control of Enterprise Assets,CIS 1,Endpoint Monitoring,Endpoint,Medium-High,High,Medium-High,"Retain raw events where required for investigation, audit evidence, breach analysis, or operational validation.",Keep searchable for security operations and evidence review; archive per policy thereafter,Do not filter governance-relevant fields before indexing; consider selective edge reduction only after validating required evidence.,Tier 2,"endpoint, system, host, device, process, workload, inventory","Host, endpoint and asset telemetry aligns to Endpoint and Compute_Inventory evidence.",https://www.cisecurity.org/controls/v8,"Framework control area classified to DIG governance capability, then capability mapped to discovered Splunk CIM datamodel.",DIG seed - review recommended,"Endpoint Monitoring: Host, endpoint and asset telemetry aligns to Endpoint and Compute_Inventory evidence.",2026-06-11T15:26:33Z
CIS Controls v8,v8,CIS 10 - Malware Defenses,CIS 10,Endpoint Monitoring,Compute_Inventory,Medium-High,Medium,Medium-High,"Retain raw events where required for investigation, audit evidence, breach analysis, or operational validation.",Keep searchable for security operations and evidence review; archive per policy thereafter,Do not filter governance-relevant fields before indexing; consider selective edge reduction only after validating required evidence.,Tier 2,"endpoint, system, host, device, process, workload, inventory","Host, endpoint and asset telemetry aligns to Endpoint and Compute_Inventory evidence.",https://www.cisecurity.org/controls/v8,"Framework control area classified to DIG governance capability, then capability mapped to discovered Splunk CIM datamodel.",DIG seed - review recommended,"Endpoint Monitoring: Host, endpoint and asset telemetry aligns to Endpoint and Compute_Inventory evidence.",2026-06-11T15:26:33Z
CIS Controls v8,v8,CIS 10 - Malware Defenses,CIS 10,Endpoint Monitoring,Endpoint,Medium-High,High,Medium-High,"Retain raw events where required for investigation, audit evidence, breach analysis, or operational validation.",Keep searchable for security operations and evidence review; archive per policy thereafter,Do not filter governance-relevant fields before indexing; consider selective edge reduction only after validating required evidence.,Tier 2,"endpoint, system, host, device, process, workload, inventory","Host, endpoint and asset telemetry aligns to Endpoint and Compute_Inventory evidence.",https://www.cisecurity.org/controls/v8,"Framework control area classified to DIG governance capability, then capability mapped to discovered Splunk CIM datamodel.",DIG seed - review recommended,"Endpoint Monitoring: Host, endpoint and asset telemetry aligns to Endpoint and Compute_Inventory evidence.",2026-06-11T15:26:33Z
CIS Controls v8,v8,CIS 10 - Malware Defenses,CIS 10,Malware Monitoring,Endpoint,Medium-High,High,Medium-High,"Retain raw events where required for investigation, audit evidence, breach analysis, or operational validation.",Keep searchable for security operations and evidence review; archive per policy thereafter,Do not filter governance-relevant fields before indexing; consider selective edge reduction only after validating required evidence.,Tier 1,"malware, malicious code, anti-malware, malicious activity",Malware detection and protection telemetry aligns to Malware with Endpoint as supporting context.,https://www.cisecurity.org/controls/v8,"Framework control area classified to DIG governance capability, then capability mapped to discovered Splunk CIM datamodel.",DIG seed - review recommended,Malware Monitoring: Malware detection and protection telemetry aligns to Malware with Endpoint as supporting context.,2026-06-11T15:26:33Z
CIS Controls v8,v8,CIS 10 - Malware Defenses,CIS 10,Malware Monitoring,Malware,Medium-High,High,Medium-High,"Retain raw events where required for investigation, audit evidence, breach analysis, or operational validation.",Keep searchable for security operations and evidence review; archive per policy thereafter,Do not filter governance-relevant fields before indexing; consider selective edge reduction only after validating required evidence.,Tier 1,"malware, malicious code, anti-malware, malicious activity",Malware detection and protection telemetry aligns to Malware with Endpoint as supporting context.,https://www.cisecurity.org/controls/v8,"Framework control area classified to DIG governance capability, then capability mapped to discovered Splunk CIM datamodel.",DIG seed - review recommended,Malware Monitoring: Malware detection and protection telemetry aligns to Malware with Endpoint as supporting context.,2026-06-11T15:26:33Z
CIS Controls v8,v8,CIS 12 - Network Infrastructure Management,CIS 12,Change Monitoring,Change,Medium-High,High,Medium-High,"Retain raw events where required for investigation, audit evidence, breach analysis, or operational validation.",Keep searchable for security operations and evidence review; archive per policy thereafter,Do not filter governance-relevant fields before indexing; consider selective edge reduction only after validating required evidence.,Tier 2,"change, configuration, system changes, modification, integrity",Configuration and system modification evidence aligns to Change and Change_Analysis.,https://www.cisecurity.org/controls/v8,"Framework control area classified to DIG governance capability, then capability mapped to discovered Splunk CIM datamodel.",DIG seed - review recommended,Change Monitoring: Configuration and system modification evidence aligns to Change and Change_Analysis.,2026-06-11T15:26:33Z
CIS Controls v8,v8,CIS 12 - Network Infrastructure Management,CIS 12,Change Monitoring,Change_Analysis,Medium-High,Medium,Medium-High,"Retain raw events where required for investigation, audit evidence, breach analysis, or operational validation.",Keep searchable for security operations and evidence review; archive per policy thereafter,Do not filter governance-relevant fields before indexing; consider selective edge reduction only after validating required evidence.,Tier 2,"change, configuration, system changes, modification, integrity",Configuration and system modification evidence aligns to Change and Change_Analysis.,https://www.cisecurity.org/controls/v8,"Framework control area classified to DIG governance capability, then capability mapped to discovered Splunk CIM datamodel.",DIG seed - review recommended,Change Monitoring: Configuration and system modification evidence aligns to Change and Change_Analysis.,2026-06-11T15:26:33Z
CIS Controls v8,v8,CIS 12 - Network Infrastructure Management,CIS 12,Network Monitoring,Network_Resolution,High,Medium,High,"Retain raw events where required for investigation, audit evidence, breach analysis, or operational validation.",Keep searchable for audit/investigation window; archive per policy thereafter,Do not filter governance-relevant fields before indexing; consider selective edge reduction only after validating required evidence.,Tier 1,"network, traffic, connections, communications, DNS, segmentation, perimeter","Network communication and name-resolution monitoring aligns to network traffic, sessions and resolution datamodels.",https://www.cisecurity.org/controls/v8,"Framework control area classified to DIG governance capability, then capability mapped to discovered Splunk CIM datamodel.",DIG seed - review recommended,"Network Monitoring: Network communication and name-resolution monitoring aligns to network traffic, sessions and resolution datamodels.",2026-06-11T15:26:33Z
CIS Controls v8,v8,CIS 12 - Network Infrastructure Management,CIS 12,Network Monitoring,Network_Sessions,High,Medium,High,"Retain raw events where required for investigation, audit evidence, breach analysis, or operational validation.",Keep searchable for audit/investigation window; archive per policy thereafter,Do not filter governance-relevant fields before indexing; consider selective edge reduction only after validating required evidence.,Tier 1,"network, traffic, connections, communications, DNS, segmentation, perimeter","Network communication and name-resolution monitoring aligns to network traffic, sessions and resolution datamodels.",https://www.cisecurity.org/controls/v8,"Framework control area classified to DIG governance capability, then capability mapped to discovered Splunk CIM datamodel.",DIG seed - review recommended,"Network Monitoring: Network communication and name-resolution monitoring aligns to network traffic, sessions and resolution datamodels.",2026-06-11T15:26:33Z
CIS Controls v8,v8,CIS 12 - Network Infrastructure Management,CIS 12,Network Monitoring,Network_Traffic,High,High,High,"Retain raw events where required for investigation, audit evidence, breach analysis, or operational validation.",Keep searchable for audit/investigation window; archive per policy thereafter,Do not filter governance-relevant fields before indexing; consider selective edge reduction only after validating required evidence.,Tier 1,"network, traffic, connections, communications, DNS, segmentation, perimeter","Network communication and name-resolution monitoring aligns to network traffic, sessions and resolution datamodels.",https://www.cisecurity.org/controls/v8,"Framework control area classified to DIG governance capability, then capability mapped to discovered Splunk CIM datamodel.",DIG seed - review recommended,"Network Monitoring: Network communication and name-resolution monitoring aligns to network traffic, sessions and resolution datamodels.",2026-06-11T15:26:33Z
CIS Controls v8,v8,CIS 13 - Network Monitoring and Defense,CIS 13,Alerting and Detection,Alerts,High,High,High,"Retain raw events where required for investigation, audit evidence, breach analysis, or operational validation.",Keep searchable for audit/investigation window; archive per policy thereafter,Do not filter governance-relevant fields before indexing; consider selective edge reduction only after validating required evidence.,Tier 1,"alerts, detection, monitoring, intrusion, events, signatures","Detection and alerting outcomes align to Alerts, Intrusion_Detection and Event_Signatures.",https://www.cisecurity.org/controls/v8,"Framework control area classified to DIG governance capability, then capability mapped to discovered Splunk CIM datamodel.",DIG seed - review recommended,"Alerting and Detection: Detection and alerting outcomes align to Alerts, Intrusion_Detection and Event_Signatures.",2026-06-11T15:26:33Z
CIS Controls v8,v8,CIS 13 - Network Monitoring and Defense,CIS 13,Alerting and Detection,Event_Signatures,High,Medium,High,"Retain raw events where required for investigation, audit evidence, breach analysis, or operational validation.",Keep searchable for audit/investigation window; archive per policy thereafter,Do not filter governance-relevant fields before indexing; consider selective edge reduction only after validating required evidence.,Tier 1,"alerts, detection, monitoring, intrusion, events, signatures","Detection and alerting outcomes align to Alerts, Intrusion_Detection and Event_Signatures.",https://www.cisecurity.org/controls/v8,"Framework control area classified to DIG governance capability, then capability mapped to discovered Splunk CIM datamodel.",DIG seed - review recommended,"Alerting and Detection: Detection and alerting outcomes align to Alerts, Intrusion_Detection and Event_Signatures.",2026-06-11T15:26:33Z
CIS Controls v8,v8,CIS 13 - Network Monitoring and Defense,CIS 13,Alerting and Detection,Intrusion_Detection,High,Medium,High,"Retain raw events where required for investigation, audit evidence, breach analysis, or operational validation.",Keep searchable for audit/investigation window; archive per policy thereafter,Do not filter governance-relevant fields before indexing; consider selective edge reduction only after validating required evidence.,Tier 1,"alerts, detection, monitoring, intrusion, events, signatures","Detection and alerting outcomes align to Alerts, Intrusion_Detection and Event_Signatures.",https://www.cisecurity.org/controls/v8,"Framework control area classified to DIG governance capability, then capability mapped to discovered Splunk CIM datamodel.",DIG seed - review recommended,"Alerting and Detection: Detection and alerting outcomes align to Alerts, Intrusion_Detection and Event_Signatures.",2026-06-11T15:26:33Z
CIS Controls v8,v8,CIS 13 - Network Monitoring and Defense,CIS 13,Network Monitoring,Network_Resolution,High,Medium,High,"Retain raw events where required for investigation, audit evidence, breach analysis, or operational validation.",Keep searchable for audit/investigation window; archive per policy thereafter,Do not filter governance-relevant fields before indexing; consider selective edge reduction only after validating required evidence.,Tier 1,"network, traffic, connections, communications, DNS, segmentation, perimeter","Network communication and name-resolution monitoring aligns to network traffic, sessions and resolution datamodels.",https://www.cisecurity.org/controls/v8,"Framework control area classified to DIG governance capability, then capability mapped to discovered Splunk CIM datamodel.",DIG seed - review recommended,"Network Monitoring: Network communication and name-resolution monitoring aligns to network traffic, sessions and resolution datamodels.",2026-06-11T15:26:33Z
CIS Controls v8,v8,CIS 13 - Network Monitoring and Defense,CIS 13,Network Monitoring,Network_Sessions,High,Medium,High,"Retain raw events where required for investigation, audit evidence, breach analysis, or operational validation.",Keep searchable for audit/investigation window; archive per policy thereafter,Do not filter governance-relevant fields before indexing; consider selective edge reduction only after validating required evidence.,Tier 1,"network, traffic, connections, communications, DNS, segmentation, perimeter","Network communication and name-resolution monitoring aligns to network traffic, sessions and resolution datamodels.",https://www.cisecurity.org/controls/v8,"Framework control area classified to DIG governance capability, then capability mapped to discovered Splunk CIM datamodel.",DIG seed - review recommended,"Network Monitoring: Network communication and name-resolution monitoring aligns to network traffic, sessions and resolution datamodels.",2026-06-11T15:26:33Z
CIS Controls v8,v8,CIS 13 - Network Monitoring and Defense,CIS 13,Network Monitoring,Network_Traffic,High,High,High,"Retain raw events where required for investigation, audit evidence, breach analysis, or operational validation.",Keep searchable for audit/investigation window; archive per policy thereafter,Do not filter governance-relevant fields before indexing; consider selective edge reduction only after validating required evidence.,Tier 1,"network, traffic, connections, communications, DNS, segmentation, perimeter","Network communication and name-resolution monitoring aligns to network traffic, sessions and resolution datamodels.",https://www.cisecurity.org/controls/v8,"Framework control area classified to DIG governance capability, then capability mapped to discovered Splunk CIM datamodel.",DIG seed - review recommended,"Network Monitoring: Network communication and name-resolution monitoring aligns to network traffic, sessions and resolution datamodels.",2026-06-11T15:26:33Z
CIS Controls v8,v8,CIS 17 - Incident Response Management,CIS 17,Alerting and Detection,Alerts,High,High,High,"Retain raw events where required for investigation, audit evidence, breach analysis, or operational validation.",Keep searchable for audit/investigation window; archive per policy thereafter,Do not filter governance-relevant fields before indexing; consider selective edge reduction only after validating required evidence.,Tier 1,"alerts, detection, monitoring, intrusion, events, signatures","Detection and alerting outcomes align to Alerts, Intrusion_Detection and Event_Signatures.",https://www.cisecurity.org/controls/v8,"Framework control area classified to DIG governance capability, then capability mapped to discovered Splunk CIM datamodel.",DIG seed - review recommended,"Alerting and Detection: Detection and alerting outcomes align to Alerts, Intrusion_Detection and Event_Signatures.",2026-06-11T15:26:33Z
CIS Controls v8,v8,CIS 17 - Incident Response Management,CIS 17,Alerting and Detection,Event_Signatures,High,Medium,High,"Retain raw events where required for investigation, audit evidence, breach analysis, or operational validation.",Keep searchable for audit/investigation window; archive per policy thereafter,Do not filter governance-relevant fields before indexing; consider selective edge reduction only after validating required evidence.,Tier 1,"alerts, detection, monitoring, intrusion, events, signatures","Detection and alerting outcomes align to Alerts, Intrusion_Detection and Event_Signatures.",https://www.cisecurity.org/controls/v8,"Framework control area classified to DIG governance capability, then capability mapped to discovered Splunk CIM datamodel.",DIG seed - review recommended,"Alerting and Detection: Detection and alerting outcomes align to Alerts, Intrusion_Detection and Event_Signatures.",2026-06-11T15:26:33Z
CIS Controls v8,v8,CIS 17 - Incident Response Management,CIS 17,Alerting and Detection,Intrusion_Detection,High,Medium,High,"Retain raw events where required for investigation, audit evidence, breach analysis, or operational validation.",Keep searchable for audit/investigation window; archive per policy thereafter,Do not filter governance-relevant fields before indexing; consider selective edge reduction only after validating required evidence.,Tier 1,"alerts, detection, monitoring, intrusion, events, signatures","Detection and alerting outcomes align to Alerts, Intrusion_Detection and Event_Signatures.",https://www.cisecurity.org/controls/v8,"Framework control area classified to DIG governance capability, then capability mapped to discovered Splunk CIM datamodel.",DIG seed - review recommended,"Alerting and Detection: Detection and alerting outcomes align to Alerts, Intrusion_Detection and Event_Signatures.",2026-06-11T15:26:33Z
CIS Controls v8,v8,CIS 17 - Incident Response Management,CIS 17,Incident and Case Management,Alerts,High,High,High,"Retain raw events where required for investigation, audit evidence, breach analysis, or operational validation.",Keep searchable for audit/investigation window; archive per policy thereafter,Do not filter governance-relevant fields before indexing; consider selective edge reduction only after validating required evidence.,Tier 1,"incident, response, case, escalation, ticket, reporting",Incident response and case-handling evidence aligns to Ticket_Management and Alerts.,https://www.cisecurity.org/controls/v8,"Framework control area classified to DIG governance capability, then capability mapped to discovered Splunk CIM datamodel.",DIG seed - review recommended,Incident and Case Management: Incident response and case-handling evidence aligns to Ticket_Management and Alerts.,2026-06-11T15:26:33Z
CIS Controls v8,v8,CIS 17 - Incident Response Management,CIS 17,Incident and Case Management,Ticket_Management,High,High,High,"Retain raw events where required for investigation, audit evidence, breach analysis, or operational validation.",Keep searchable for audit/investigation window; archive per policy thereafter,Do not filter governance-relevant fields before indexing; consider selective edge reduction only after validating required evidence.,Tier 1,"incident, response, case, escalation, ticket, reporting",Incident response and case-handling evidence aligns to Ticket_Management and Alerts.,https://www.cisecurity.org/controls/v8,"Framework control area classified to DIG governance capability, then capability mapped to discovered Splunk CIM datamodel.",DIG seed - review recommended,Incident and Case Management: Incident response and case-handling evidence aligns to Ticket_Management and Alerts.,2026-06-11T15:26:33Z
CIS Controls v8,v8,CIS 2 - Inventory and Control of Software Assets,CIS 2,Change Monitoring,Change,Medium-High,High,Medium-High,"Retain raw events where required for investigation, audit evidence, breach analysis, or operational validation.",Keep searchable for security operations and evidence review; archive per policy thereafter,Do not filter governance-relevant fields before indexing; consider selective edge reduction only after validating required evidence.,Tier 2,"change, configuration, system changes, modification, integrity",Configuration and system modification evidence aligns to Change and Change_Analysis.,https://www.cisecurity.org/controls/v8,"Framework control area classified to DIG governance capability, then capability mapped to discovered Splunk CIM datamodel.",DIG seed - review recommended,Change Monitoring: Configuration and system modification evidence aligns to Change and Change_Analysis.,2026-06-11T15:26:33Z
CIS Controls v8,v8,CIS 2 - Inventory and Control of Software Assets,CIS 2,Change Monitoring,Change_Analysis,Medium-High,Medium,Medium-High,"Retain raw events where required for investigation, audit evidence, breach analysis, or operational validation.",Keep searchable for security operations and evidence review; archive per policy thereafter,Do not filter governance-relevant fields before indexing; consider selective edge reduction only after validating required evidence.,Tier 2,"change, configuration, system changes, modification, integrity",Configuration and system modification evidence aligns to Change and Change_Analysis.,https://www.cisecurity.org/controls/v8,"Framework control area classified to DIG governance capability, then capability mapped to discovered Splunk CIM datamodel.",DIG seed - review recommended,Change Monitoring: Configuration and system modification evidence aligns to Change and Change_Analysis.,2026-06-11T15:26:33Z
CIS Controls v8,v8,CIS 2 - Inventory and Control of Software Assets,CIS 2,Endpoint Monitoring,Compute_Inventory,Medium-High,Medium,Medium-High,"Retain raw events where required for investigation, audit evidence, breach analysis, or operational validation.",Keep searchable for security operations and evidence review; archive per policy thereafter,Do not filter governance-relevant fields before indexing; consider selective edge reduction only after validating required evidence.,Tier 2,"endpoint, system, host, device, process, workload, inventory","Host, endpoint and asset telemetry aligns to Endpoint and Compute_Inventory evidence.",https://www.cisecurity.org/controls/v8,"Framework control area classified to DIG governance capability, then capability mapped to discovered Splunk CIM datamodel.",DIG seed - review recommended,"Endpoint Monitoring: Host, endpoint and asset telemetry aligns to Endpoint and Compute_Inventory evidence.",2026-06-11T15:26:33Z
CIS Controls v8,v8,CIS 2 - Inventory and Control of Software Assets,CIS 2,Endpoint Monitoring,Endpoint,Medium-High,High,Medium-High,"Retain raw events where required for investigation, audit evidence, breach analysis, or operational validation.",Keep searchable for security operations and evidence review; archive per policy thereafter,Do not filter governance-relevant fields before indexing; consider selective edge reduction only after validating required evidence.,Tier 2,"endpoint, system, host, device, process, workload, inventory","Host, endpoint and asset telemetry aligns to Endpoint and Compute_Inventory evidence.",https://www.cisecurity.org/controls/v8,"Framework control area classified to DIG governance capability, then capability mapped to discovered Splunk CIM datamodel.",DIG seed - review recommended,"Endpoint Monitoring: Host, endpoint and asset telemetry aligns to Endpoint and Compute_Inventory evidence.",2026-06-11T15:26:33Z
CIS Controls v8,v8,CIS 3 - Data Protection,CIS 3,Certificate and Crypto Monitoring,Certificates,Medium-High,High,Medium-High,"Retain raw events where required for investigation, audit evidence, breach analysis, or operational validation.",Keep searchable for security operations and evidence review; archive per policy thereafter,Do not filter governance-relevant fields before indexing; consider selective edge reduction only after validating required evidence.,Tier 2,"certificate, cryptography, encryption, key management, TLS",Certificate and cryptographic lifecycle telemetry aligns to Certificates.,https://www.cisecurity.org/controls/v8,"Framework control area classified to DIG governance capability, then capability mapped to discovered Splunk CIM datamodel.",DIG seed - review recommended,Certificate and Crypto Monitoring: Certificate and cryptographic lifecycle telemetry aligns to Certificates.,2026-06-11T15:26:33Z
CIS Controls v8,v8,CIS 3 - Data Protection,CIS 3,Data Access Monitoring,DLP,High,Medium,High,"Retain raw events where required for investigation, audit evidence, breach analysis, or operational validation.",Keep searchable for audit/investigation window; archive per policy thereafter,Do not filter governance-relevant fields before indexing; consider selective edge reduction only after validating required evidence.,Tier 1,"data access, sensitive data, cardholder data, personal data, confidentiality, exfiltration",Controls requiring visibility of sensitive data access or loss prevention align to Data_Access and DLP.,https://www.cisecurity.org/controls/v8,"Framework control area classified to DIG governance capability, then capability mapped to discovered Splunk CIM datamodel.",DIG seed - review recommended,Data Access Monitoring: Controls requiring visibility of sensitive data access or loss prevention align to Data_Access and DLP.,2026-06-11T15:26:33Z
CIS Controls v8,v8,CIS 3 - Data Protection,CIS 3,Data Access Monitoring,Data_Access,High,High,High,"Retain raw events where required for investigation, audit evidence, breach analysis, or operational validation.",Keep searchable for audit/investigation window; archive per policy thereafter,Do not filter governance-relevant fields before indexing; consider selective edge reduction only after validating required evidence.,Tier 1,"data access, sensitive data, cardholder data, personal data, confidentiality, exfiltration",Controls requiring visibility of sensitive data access or loss prevention align to Data_Access and DLP.,https://www.cisecurity.org/controls/v8,"Framework control area classified to DIG governance capability, then capability mapped to discovered Splunk CIM datamodel.",DIG seed - review recommended,Data Access Monitoring: Controls requiring visibility of sensitive data access or loss prevention align to Data_Access and DLP.,2026-06-11T15:26:33Z
CIS Controls v8,v8,CIS 4 - Secure Configuration of Enterprise Assets and Software,CIS 4,Change Monitoring,Change,Medium-High,High,Medium-High,"Retain raw events where required for investigation, audit evidence, breach analysis, or operational validation.",Keep searchable for security operations and evidence review; archive per policy thereafter,Do not filter governance-relevant fields before indexing; consider selective edge reduction only after validating required evidence.,Tier 2,"change, configuration, system changes, modification, integrity",Configuration and system modification evidence aligns to Change and Change_Analysis.,https://www.cisecurity.org/controls/v8,"Framework control area classified to DIG governance capability, then capability mapped to discovered Splunk CIM datamodel.",DIG seed - review recommended,Change Monitoring: Configuration and system modification evidence aligns to Change and Change_Analysis.,2026-06-11T15:26:33Z
CIS Controls v8,v8,CIS 4 - Secure Configuration of Enterprise Assets and Software,CIS 4,Change Monitoring,Change_Analysis,Medium-High,Medium,Medium-High,"Retain raw events where required for investigation, audit evidence, breach analysis, or operational validation.",Keep searchable for security operations and evidence review; archive per policy thereafter,Do not filter governance-relevant fields before indexing; consider selective edge reduction only after validating required evidence.,Tier 2,"change, configuration, system changes, modification, integrity",Configuration and system modification evidence aligns to Change and Change_Analysis.,https://www.cisecurity.org/controls/v8,"Framework control area classified to DIG governance capability, then capability mapped to discovered Splunk CIM datamodel.",DIG seed - review recommended,Change Monitoring: Configuration and system modification evidence aligns to Change and Change_Analysis.,2026-06-11T15:26:33Z
CIS Controls v8,v8,CIS 4 - Secure Configuration of Enterprise Assets and Software,CIS 4,Endpoint Monitoring,Compute_Inventory,Medium-High,Medium,Medium-High,"Retain raw events where required for investigation, audit evidence, breach analysis, or operational validation.",Keep searchable for security operations and evidence review; archive per policy thereafter,Do not filter governance-relevant fields before indexing; consider selective edge reduction only after validating required evidence.,Tier 2,"endpoint, system, host, device, process, workload, inventory","Host, endpoint and asset telemetry aligns to Endpoint and Compute_Inventory evidence.",https://www.cisecurity.org/controls/v8,"Framework control area classified to DIG governance capability, then capability mapped to discovered Splunk CIM datamodel.",DIG seed - review recommended,"Endpoint Monitoring: Host, endpoint and asset telemetry aligns to Endpoint and Compute_Inventory evidence.",2026-06-11T15:26:33Z
CIS Controls v8,v8,CIS 4 - Secure Configuration of Enterprise Assets and Software,CIS 4,Endpoint Monitoring,Endpoint,Medium-High,High,Medium-High,"Retain raw events where required for investigation, audit evidence, breach analysis, or operational validation.",Keep searchable for security operations and evidence review; archive per policy thereafter,Do not filter governance-relevant fields before indexing; consider selective edge reduction only after validating required evidence.,Tier 2,"endpoint, system, host, device, process, workload, inventory","Host, endpoint and asset telemetry aligns to Endpoint and Compute_Inventory evidence.",https://www.cisecurity.org/controls/v8,"Framework control area classified to DIG governance capability, then capability mapped to discovered Splunk CIM datamodel.",DIG seed - review recommended,"Endpoint Monitoring: Host, endpoint and asset telemetry aligns to Endpoint and Compute_Inventory evidence.",2026-06-11T15:26:33Z
CIS Controls v8,v8,CIS 5 - Account Management,CIS 5,Authentication Monitoring,Authentication,High,High,High,"Retain raw events where required for investigation, audit evidence, breach analysis, or operational validation.",Keep searchable for audit/investigation window; archive per policy thereafter,Do not filter governance-relevant fields before indexing; consider selective edge reduction only after validating required evidence.,Tier 1,"authentication, logon, login, credentials, MFA, session, access attempt",Access monitoring and authentication evidence aligns directly to Authentication events.,https://www.cisecurity.org/controls/v8,"Framework control area classified to DIG governance capability, then capability mapped to discovered Splunk CIM datamodel.",DIG seed - review recommended,Authentication Monitoring: Access monitoring and authentication evidence aligns directly to Authentication events.,2026-06-11T15:26:33Z
CIS Controls v8,v8,CIS 5 - Account Management,CIS 5,Privileged Access Monitoring,Authentication,High,High,High,"Retain raw events where required for investigation, audit evidence, breach analysis, or operational validation.",Keep searchable for audit/investigation window; archive per policy thereafter,Do not filter governance-relevant fields before indexing; consider selective edge reduction only after validating required evidence.,Tier 1,"privileged access, administrator, remote access, account activity, access rights",Privileged activity requires authentication context and often administrative change evidence.,https://www.cisecurity.org/controls/v8,"Framework control area classified to DIG governance capability, then capability mapped to discovered Splunk CIM datamodel.",DIG seed - review recommended,Privileged Access Monitoring: Privileged activity requires authentication context and often administrative change evidence.,2026-06-11T15:26:33Z
CIS Controls v8,v8,CIS 5 - Account Management,CIS 5,Privileged Access Monitoring,Change,High,High,High,"Retain raw events where required for investigation, audit evidence, breach analysis, or operational validation.",Keep searchable for audit/investigation window; archive per policy thereafter,Do not filter governance-relevant fields before indexing; consider selective edge reduction only after validating required evidence.,Tier 1,"privileged access, administrator, remote access, account activity, access rights",Privileged activity requires authentication context and often administrative change evidence.,https://www.cisecurity.org/controls/v8,"Framework control area classified to DIG governance capability, then capability mapped to discovered Splunk CIM datamodel.",DIG seed - review recommended,Privileged Access Monitoring: Privileged activity requires authentication context and often administrative change evidence.,2026-06-11T15:26:33Z
CIS Controls v8,v8,CIS 6 - Access Control Management,CIS 6,Authentication Monitoring,Authentication,High,High,High,"Retain raw events where required for investigation, audit evidence, breach analysis, or operational validation.",Keep searchable for audit/investigation window; archive per policy thereafter,Do not filter governance-relevant fields before indexing; consider selective edge reduction only after validating required evidence.,Tier 1,"authentication, logon, login, credentials, MFA, session, access attempt",Access monitoring and authentication evidence aligns directly to Authentication events.,https://www.cisecurity.org/controls/v8,"Framework control area classified to DIG governance capability, then capability mapped to discovered Splunk CIM datamodel.",DIG seed - review recommended,Authentication Monitoring: Access monitoring and authentication evidence aligns directly to Authentication events.,2026-06-11T15:26:33Z
CIS Controls v8,v8,CIS 6 - Access Control Management,CIS 6,Data Access Monitoring,DLP,High,Medium,High,"Retain raw events where required for investigation, audit evidence, breach analysis, or operational validation.",Keep searchable for audit/investigation window; archive per policy thereafter,Do not filter governance-relevant fields before indexing; consider selective edge reduction only after validating required evidence.,Tier 1,"data access, sensitive data, cardholder data, personal data, confidentiality, exfiltration",Controls requiring visibility of sensitive data access or loss prevention align to Data_Access and DLP.,https://www.cisecurity.org/controls/v8,"Framework control area classified to DIG governance capability, then capability mapped to discovered Splunk CIM datamodel.",DIG seed - review recommended,Data Access Monitoring: Controls requiring visibility of sensitive data access or loss prevention align to Data_Access and DLP.,2026-06-11T15:26:33Z
CIS Controls v8,v8,CIS 6 - Access Control Management,CIS 6,Data Access Monitoring,Data_Access,High,High,High,"Retain raw events where required for investigation, audit evidence, breach analysis, or operational validation.",Keep searchable for audit/investigation window; archive per policy thereafter,Do not filter governance-relevant fields before indexing; consider selective edge reduction only after validating required evidence.,Tier 1,"data access, sensitive data, cardholder data, personal data, confidentiality, exfiltration",Controls requiring visibility of sensitive data access or loss prevention align to Data_Access and DLP.,https://www.cisecurity.org/controls/v8,"Framework control area classified to DIG governance capability, then capability mapped to discovered Splunk CIM datamodel.",DIG seed - review recommended,Data Access Monitoring: Controls requiring visibility of sensitive data access or loss prevention align to Data_Access and DLP.,2026-06-11T15:26:33Z
CIS Controls v8,v8,CIS 6 - Access Control Management,CIS 6,Privileged Access Monitoring,Authentication,High,High,High,"Retain raw events where required for investigation, audit evidence, breach analysis, or operational validation.",Keep searchable for audit/investigation window; archive per policy thereafter,Do not filter governance-relevant fields before indexing; consider selective edge reduction only after validating required evidence.,Tier 1,"privileged access, administrator, remote access, account activity, access rights",Privileged activity requires authentication context and often administrative change evidence.,https://www.cisecurity.org/controls/v8,"Framework control area classified to DIG governance capability, then capability mapped to discovered Splunk CIM datamodel.",DIG seed - review recommended,Privileged Access Monitoring: Privileged activity requires authentication context and often administrative change evidence.,2026-06-11T15:26:33Z
CIS Controls v8,v8,CIS 6 - Access Control Management,CIS 6,Privileged Access Monitoring,Change,High,High,High,"Retain raw events where required for investigation, audit evidence, breach analysis, or operational validation.",Keep searchable for audit/investigation window; archive per policy thereafter,Do not filter governance-relevant fields before indexing; consider selective edge reduction only after validating required evidence.,Tier 1,"privileged access, administrator, remote access, account activity, access rights",Privileged activity requires authentication context and often administrative change evidence.,https://www.cisecurity.org/controls/v8,"Framework control area classified to DIG governance capability, then capability mapped to discovered Splunk CIM datamodel.",DIG seed - review recommended,Privileged Access Monitoring: Privileged activity requires authentication context and often administrative change evidence.,2026-06-11T15:26:33Z
CIS Controls v8,v8,CIS 7 - Continuous Vulnerability Management,CIS 7,Vulnerability Management,Updates,Medium-High,Medium,Medium-High,"Retain raw events where required for investigation, audit evidence, breach analysis, or operational validation.",Keep searchable for security operations and evidence review; archive per policy thereafter,Do not filter governance-relevant fields before indexing; consider selective edge reduction only after validating required evidence.,Tier 1,"vulnerability, patching, remediation, updates, weaknesses",Vulnerability discovery and remediation evidence aligns to Vulnerabilities and Updates.,https://www.cisecurity.org/controls/v8,"Framework control area classified to DIG governance capability, then capability mapped to discovered Splunk CIM datamodel.",DIG seed - review recommended,Vulnerability Management: Vulnerability discovery and remediation evidence aligns to Vulnerabilities and Updates.,2026-06-11T15:26:33Z
CIS Controls v8,v8,CIS 7 - Continuous Vulnerability Management,CIS 7,Vulnerability Management,Vulnerabilities,Medium-High,High,Medium-High,"Retain raw events where required for investigation, audit evidence, breach analysis, or operational validation.",Keep searchable for security operations and evidence review; archive per policy thereafter,Do not filter governance-relevant fields before indexing; consider selective edge reduction only after validating required evidence.,Tier 1,"vulnerability, patching, remediation, updates, weaknesses",Vulnerability discovery and remediation evidence aligns to Vulnerabilities and Updates.,https://www.cisecurity.org/controls/v8,"Framework control area classified to DIG governance capability, then capability mapped to discovered Splunk CIM datamodel.",DIG seed - review recommended,Vulnerability Management: Vulnerability discovery and remediation evidence aligns to Vulnerabilities and Updates.,2026-06-11T15:26:33Z
CIS Controls v8,v8,CIS 8 - Audit Log Management,CIS 8,Alerting and Detection,Alerts,High,High,High,"Retain raw events where required for investigation, audit evidence, breach analysis, or operational validation.",Keep searchable for audit/investigation window; archive per policy thereafter,Do not filter governance-relevant fields before indexing; consider selective edge reduction only after validating required evidence.,Tier 1,"alerts, detection, monitoring, intrusion, events, signatures","Detection and alerting outcomes align to Alerts, Intrusion_Detection and Event_Signatures.",https://www.cisecurity.org/controls/v8,"Framework control area classified to DIG governance capability, then capability mapped to discovered Splunk CIM datamodel.",DIG seed - review recommended,"Alerting and Detection: Detection and alerting outcomes align to Alerts, Intrusion_Detection and Event_Signatures.",2026-06-11T15:26:33Z
CIS Controls v8,v8,CIS 8 - Audit Log Management,CIS 8,Alerting and Detection,Event_Signatures,High,Medium,High,"Retain raw events where required for investigation, audit evidence, breach analysis, or operational validation.",Keep searchable for audit/investigation window; archive per policy thereafter,Do not filter governance-relevant fields before indexing; consider selective edge reduction only after validating required evidence.,Tier 1,"alerts, detection, monitoring, intrusion, events, signatures","Detection and alerting outcomes align to Alerts, Intrusion_Detection and Event_Signatures.",https://www.cisecurity.org/controls/v8,"Framework control area classified to DIG governance capability, then capability mapped to discovered Splunk CIM datamodel.",DIG seed - review recommended,"Alerting and Detection: Detection and alerting outcomes align to Alerts, Intrusion_Detection and Event_Signatures.",2026-06-11T15:26:33Z
CIS Controls v8,v8,CIS 8 - Audit Log Management,CIS 8,Alerting and Detection,Intrusion_Detection,High,Medium,High,"Retain raw events where required for investigation, audit evidence, breach analysis, or operational validation.",Keep searchable for audit/investigation window; archive per policy thereafter,Do not filter governance-relevant fields before indexing; consider selective edge reduction only after validating required evidence.,Tier 1,"alerts, detection, monitoring, intrusion, events, signatures","Detection and alerting outcomes align to Alerts, Intrusion_Detection and Event_Signatures.",https://www.cisecurity.org/controls/v8,"Framework control area classified to DIG governance capability, then capability mapped to discovered Splunk CIM datamodel.",DIG seed - review recommended,"Alerting and Detection: Detection and alerting outcomes align to Alerts, Intrusion_Detection and Event_Signatures.",2026-06-11T15:26:33Z
CIS Controls v8,v8,CIS 8 - Audit Log Management,CIS 8,Authentication Monitoring,Authentication,High,High,High,"Retain raw events where required for investigation, audit evidence, breach analysis, or operational validation.",Keep searchable for audit/investigation window; archive per policy thereafter,Do not filter governance-relevant fields before indexing; consider selective edge reduction only after validating required evidence.,Tier 1,"authentication, logon, login, credentials, MFA, session, access attempt",Access monitoring and authentication evidence aligns directly to Authentication events.,https://www.cisecurity.org/controls/v8,"Framework control area classified to DIG governance capability, then capability mapped to discovered Splunk CIM datamodel.",DIG seed - review recommended,Authentication Monitoring: Access monitoring and authentication evidence aligns directly to Authentication events.,2026-06-11T15:26:33Z
CIS Controls v8,v8,CIS 8 - Audit Log Management,CIS 8,Endpoint Monitoring,Compute_Inventory,Medium-High,Medium,Medium-High,"Retain raw events where required for investigation, audit evidence, breach analysis, or operational validation.",Keep searchable for security operations and evidence review; archive per policy thereafter,Do not filter governance-relevant fields before indexing; consider selective edge reduction only after validating required evidence.,Tier 2,"endpoint, system, host, device, process, workload, inventory","Host, endpoint and asset telemetry aligns to Endpoint and Compute_Inventory evidence.",https://www.cisecurity.org/controls/v8,"Framework control area classified to DIG governance capability, then capability mapped to discovered Splunk CIM datamodel.",DIG seed - review recommended,"Endpoint Monitoring: Host, endpoint and asset telemetry aligns to Endpoint and Compute_Inventory evidence.",2026-06-11T15:26:33Z
CIS Controls v8,v8,CIS 8 - Audit Log Management,CIS 8,Endpoint Monitoring,Endpoint,Medium-High,High,Medium-High,"Retain raw events where required for investigation, audit evidence, breach analysis, or operational validation.",Keep searchable for security operations and evidence review; archive per policy thereafter,Do not filter governance-relevant fields before indexing; consider selective edge reduction only after validating required evidence.,Tier 2,"endpoint, system, host, device, process, workload, inventory","Host, endpoint and asset telemetry aligns to Endpoint and Compute_Inventory evidence.",https://www.cisecurity.org/controls/v8,"Framework control area classified to DIG governance capability, then capability mapped to discovered Splunk CIM datamodel.",DIG seed - review recommended,"Endpoint Monitoring: Host, endpoint and asset telemetry aligns to Endpoint and Compute_Inventory evidence.",2026-06-11T15:26:33Z
CIS Controls v8,v8,CIS 8 - Audit Log Management,CIS 8,Network Monitoring,Network_Resolution,High,Medium,High,"Retain raw events where required for investigation, audit evidence, breach analysis, or operational validation.",Keep searchable for audit/investigation window; archive per policy thereafter,Do not filter governance-relevant fields before indexing; consider selective edge reduction only after validating required evidence.,Tier 1,"network, traffic, connections, communications, DNS, segmentation, perimeter","Network communication and name-resolution monitoring aligns to network traffic, sessions and resolution datamodels.",https://www.cisecurity.org/controls/v8,"Framework control area classified to DIG governance capability, then capability mapped to discovered Splunk CIM datamodel.",DIG seed - review recommended,"Network Monitoring: Network communication and name-resolution monitoring aligns to network traffic, sessions and resolution datamodels.",2026-06-11T15:26:33Z
CIS Controls v8,v8,CIS 8 - Audit Log Management,CIS 8,Network Monitoring,Network_Sessions,High,Medium,High,"Retain raw events where required for investigation, audit evidence, breach analysis, or operational validation.",Keep searchable for audit/investigation window; archive per policy thereafter,Do not filter governance-relevant fields before indexing; consider selective edge reduction only after validating required evidence.,Tier 1,"network, traffic, connections, communications, DNS, segmentation, perimeter","Network communication and name-resolution monitoring aligns to network traffic, sessions and resolution datamodels.",https://www.cisecurity.org/controls/v8,"Framework control area classified to DIG governance capability, then capability mapped to discovered Splunk CIM datamodel.",DIG seed - review recommended,"Network Monitoring: Network communication and name-resolution monitoring aligns to network traffic, sessions and resolution datamodels.",2026-06-11T15:26:33Z
CIS Controls v8,v8,CIS 8 - Audit Log Management,CIS 8,Network Monitoring,Network_Traffic,High,High,High,"Retain raw events where required for investigation, audit evidence, breach analysis, or operational validation.",Keep searchable for audit/investigation window; archive per policy thereafter,Do not filter governance-relevant fields before indexing; consider selective edge reduction only after validating required evidence.,Tier 1,"network, traffic, connections, communications, DNS, segmentation, perimeter","Network communication and name-resolution monitoring aligns to network traffic, sessions and resolution datamodels.",https://www.cisecurity.org/controls/v8,"Framework control area classified to DIG governance capability, then capability mapped to discovered Splunk CIM datamodel.",DIG seed - review recommended,"Network Monitoring: Network communication and name-resolution monitoring aligns to network traffic, sessions and resolution datamodels.",2026-06-11T15:26:33Z
CIS Controls v8,v8,CIS 9 - Email and Web Browser Protections,CIS 9,Email Monitoring,Email,Medium-High,High,Medium-High,"Retain raw events where required for investigation, audit evidence, breach analysis, or operational validation.",Keep searchable for security operations and evidence review; archive per policy thereafter,Do not filter governance-relevant fields before indexing; consider selective edge reduction only after validating required evidence.,Tier 2,"email, phishing, mail, messaging",Email security and communication monitoring aligns directly to Email telemetry.,https://www.cisecurity.org/controls/v8,"Framework control area classified to DIG governance capability, then capability mapped to discovered Splunk CIM datamodel.",DIG seed - review recommended,Email Monitoring: Email security and communication monitoring aligns directly to Email telemetry.,2026-06-11T15:26:33Z
CIS Controls v8,v8,CIS 9 - Email and Web Browser Protections,CIS 9,Web Activity Monitoring,Web,Medium-High,High,Medium-High,"Retain raw events where required for investigation, audit evidence, breach analysis, or operational validation.",Keep searchable for security operations and evidence review; archive per policy thereafter,Do not filter governance-relevant fields before indexing; consider selective edge reduction only after validating required evidence.,Tier 2,"web, HTTP, browsing, proxy, internet access, web application",Web activity controls align directly to Web telemetry.,https://www.cisecurity.org/controls/v8,"Framework control area classified to DIG governance capability, then capability mapped to discovered Splunk CIM datamodel.",DIG seed - review recommended,Web Activity Monitoring: Web activity controls align directly to Web telemetry.,2026-06-11T15:26:33Z
DORA,Regulation (EU) 2022/2554,Art 10 - Detection,Art 10,Alerting and Detection,Alerts,High,High,High,"Retain raw events where required for investigation, audit evidence, breach analysis, or operational validation.",Keep searchable for audit/investigation window; archive per policy thereafter,Do not filter governance-relevant fields before indexing; consider selective edge reduction only after validating required evidence.,Tier 1,"alerts, detection, monitoring, intrusion, events, signatures","Detection and alerting outcomes align to Alerts, Intrusion_Detection and Event_Signatures.",https://eur-lex.europa.eu/eli/reg/2022/2554/oj/eng,"Framework control area classified to DIG governance capability, then capability mapped to discovered Splunk CIM datamodel.",DIG seed - review recommended,"Alerting and Detection: Detection and alerting outcomes align to Alerts, Intrusion_Detection and Event_Signatures.",2026-06-11T15:26:33Z
DORA,Regulation (EU) 2022/2554,Art 10 - Detection,Art 10,Alerting and Detection,Event_Signatures,High,Medium,High,"Retain raw events where required for investigation, audit evidence, breach analysis, or operational validation.",Keep searchable for audit/investigation window; archive per policy thereafter,Do not filter governance-relevant fields before indexing; consider selective edge reduction only after validating required evidence.,Tier 1,"alerts, detection, monitoring, intrusion, events, signatures","Detection and alerting outcomes align to Alerts, Intrusion_Detection and Event_Signatures.",https://eur-lex.europa.eu/eli/reg/2022/2554/oj/eng,"Framework control area classified to DIG governance capability, then capability mapped to discovered Splunk CIM datamodel.",DIG seed - review recommended,"Alerting and Detection: Detection and alerting outcomes align to Alerts, Intrusion_Detection and Event_Signatures.",2026-06-11T15:26:33Z
DORA,Regulation (EU) 2022/2554,Art 10 - Detection,Art 10,Alerting and Detection,Intrusion_Detection,High,Medium,High,"Retain raw events where required for investigation, audit evidence, breach analysis, or operational validation.",Keep searchable for audit/investigation window; archive per policy thereafter,Do not filter governance-relevant fields before indexing; consider selective edge reduction only after validating required evidence.,Tier 1,"alerts, detection, monitoring, intrusion, events, signatures","Detection and alerting outcomes align to Alerts, Intrusion_Detection and Event_Signatures.",https://eur-lex.europa.eu/eli/reg/2022/2554/oj/eng,"Framework control area classified to DIG governance capability, then capability mapped to discovered Splunk CIM datamodel.",DIG seed - review recommended,"Alerting and Detection: Detection and alerting outcomes align to Alerts, Intrusion_Detection and Event_Signatures.",2026-06-11T15:26:33Z
DORA,Regulation (EU) 2022/2554,Art 10 - Detection,Art 10,Authentication Monitoring,Authentication,High,High,High,"Retain raw events where required for investigation, audit evidence, breach analysis, or operational validation.",Keep searchable for audit/investigation window; archive per policy thereafter,Do not filter governance-relevant fields before indexing; consider selective edge reduction only after validating required evidence.,Tier 1,"authentication, logon, login, credentials, MFA, session, access attempt",Access monitoring and authentication evidence aligns directly to Authentication events.,https://eur-lex.europa.eu/eli/reg/2022/2554/oj/eng,"Framework control area classified to DIG governance capability, then capability mapped to discovered Splunk CIM datamodel.",DIG seed - review recommended,Authentication Monitoring: Access monitoring and authentication evidence aligns directly to Authentication events.,2026-06-11T15:26:33Z
DORA,Regulation (EU) 2022/2554,Art 10 - Detection,Art 10,Endpoint Monitoring,Compute_Inventory,Medium-High,Medium,Medium-High,"Retain raw events where required for investigation, audit evidence, breach analysis, or operational validation.",Keep searchable for security operations and evidence review; archive per policy thereafter,Do not filter governance-relevant fields before indexing; consider selective edge reduction only after validating required evidence.,Tier 2,"endpoint, system, host, device, process, workload, inventory","Host, endpoint and asset telemetry aligns to Endpoint and Compute_Inventory evidence.",https://eur-lex.europa.eu/eli/reg/2022/2554/oj/eng,"Framework control area classified to DIG governance capability, then capability mapped to discovered Splunk CIM datamodel.",DIG seed - review recommended,"Endpoint Monitoring: Host, endpoint and asset telemetry aligns to Endpoint and Compute_Inventory evidence.",2026-06-11T15:26:33Z
DORA,Regulation (EU) 2022/2554,Art 10 - Detection,Art 10,Endpoint Monitoring,Endpoint,Medium-High,High,Medium-High,"Retain raw events where required for investigation, audit evidence, breach analysis, or operational validation.",Keep searchable for security operations and evidence review; archive per policy thereafter,Do not filter governance-relevant fields before indexing; consider selective edge reduction only after validating required evidence.,Tier 2,"endpoint, system, host, device, process, workload, inventory","Host, endpoint and asset telemetry aligns to Endpoint and Compute_Inventory evidence.",https://eur-lex.europa.eu/eli/reg/2022/2554/oj/eng,"Framework control area classified to DIG governance capability, then capability mapped to discovered Splunk CIM datamodel.",DIG seed - review recommended,"Endpoint Monitoring: Host, endpoint and asset telemetry aligns to Endpoint and Compute_Inventory evidence.",2026-06-11T15:26:33Z
DORA,Regulation (EU) 2022/2554,Art 10 - Detection,Art 10,Network Monitoring,Network_Resolution,High,Medium,High,"Retain raw events where required for investigation, audit evidence, breach analysis, or operational validation.",Keep searchable for audit/investigation window; archive per policy thereafter,Do not filter governance-relevant fields before indexing; consider selective edge reduction only after validating required evidence.,Tier 1,"network, traffic, connections, communications, DNS, segmentation, perimeter","Network communication and name-resolution monitoring aligns to network traffic, sessions and resolution datamodels.",https://eur-lex.europa.eu/eli/reg/2022/2554/oj/eng,"Framework control area classified to DIG governance capability, then capability mapped to discovered Splunk CIM datamodel.",DIG seed - review recommended,"Network Monitoring: Network communication and name-resolution monitoring aligns to network traffic, sessions and resolution datamodels.",2026-06-11T15:26:33Z
DORA,Regulation (EU) 2022/2554,Art 10 - Detection,Art 10,Network Monitoring,Network_Sessions,High,Medium,High,"Retain raw events where required for investigation, audit evidence, breach analysis, or operational validation.",Keep searchable for audit/investigation window; archive per policy thereafter,Do not filter governance-relevant fields before indexing; consider selective edge reduction only after validating required evidence.,Tier 1,"network, traffic, connections, communications, DNS, segmentation, perimeter","Network communication and name-resolution monitoring aligns to network traffic, sessions and resolution datamodels.",https://eur-lex.europa.eu/eli/reg/2022/2554/oj/eng,"Framework control area classified to DIG governance capability, then capability mapped to discovered Splunk CIM datamodel.",DIG seed - review recommended,"Network Monitoring: Network communication and name-resolution monitoring aligns to network traffic, sessions and resolution datamodels.",2026-06-11T15:26:33Z
DORA,Regulation (EU) 2022/2554,Art 10 - Detection,Art 10,Network Monitoring,Network_Traffic,High,High,High,"Retain raw events where required for investigation, audit evidence, breach analysis, or operational validation.",Keep searchable for audit/investigation window; archive per policy thereafter,Do not filter governance-relevant fields before indexing; consider selective edge reduction only after validating required evidence.,Tier 1,"network, traffic, connections, communications, DNS, segmentation, perimeter","Network communication and name-resolution monitoring aligns to network traffic, sessions and resolution datamodels.",https://eur-lex.europa.eu/eli/reg/2022/2554/oj/eng,"Framework control area classified to DIG governance capability, then capability mapped to discovered Splunk CIM datamodel.",DIG seed - review recommended,"Network Monitoring: Network communication and name-resolution monitoring aligns to network traffic, sessions and resolution datamodels.",2026-06-11T15:26:33Z
DORA,Regulation (EU) 2022/2554,Art 11 - Response and Recovery,Art 11,Application and Service Resilience,Application_State,Medium,Medium,Medium,"Retain raw events where required for investigation, audit evidence, breach analysis, or operational validation.",Keep searchable where operational resilience evidence is required; archive per policy thereafter,Do not filter governance-relevant fields before indexing; consider selective edge reduction only after validating required evidence.,Tier 2,"availability, resilience, performance, service, application, database, processing integrity","Operational resilience and service health controls align to application, performance, JVM, database and messaging telemetry.",https://eur-lex.europa.eu/eli/reg/2022/2554/oj/eng,"Framework control area classified to DIG governance capability, then capability mapped to discovered Splunk CIM datamodel.",DIG seed - review recommended,"Application and Service Resilience: Operational resilience and service health controls align to application, performance, JVM, database and messaging telemetry.",2026-06-11T15:26:33Z
DORA,Regulation (EU) 2022/2554,Art 11 - Response and Recovery,Art 11,Application and Service Resilience,Databases,Medium,Medium,Medium,"Retain raw events where required for investigation, audit evidence, breach analysis, or operational validation.",Keep searchable where operational resilience evidence is required; archive per policy thereafter,Do not filter governance-relevant fields before indexing; consider selective edge reduction only after validating required evidence.,Tier 2,"availability, resilience, performance, service, application, database, processing integrity","Operational resilience and service health controls align to application, performance, JVM, database and messaging telemetry.",https://eur-lex.europa.eu/eli/reg/2022/2554/oj/eng,"Framework control area classified to DIG governance capability, then capability mapped to discovered Splunk CIM datamodel.",DIG seed - review recommended,"Application and Service Resilience: Operational resilience and service health controls align to application, performance, JVM, database and messaging telemetry.",2026-06-11T15:26:33Z
DORA,Regulation (EU) 2022/2554,Art 11 - Response and Recovery,Art 11,Application and Service Resilience,Interprocess_Messaging,Medium,Medium,Medium,"Retain raw events where required for investigation, audit evidence, breach analysis, or operational validation.",Keep searchable where operational resilience evidence is required; archive per policy thereafter,Do not filter governance-relevant fields before indexing; consider selective edge reduction only after validating required evidence.,Tier 2,"availability, resilience, performance, service, application, database, processing integrity","Operational resilience and service health controls align to application, performance, JVM, database and messaging telemetry.",https://eur-lex.europa.eu/eli/reg/2022/2554/oj/eng,"Framework control area classified to DIG governance capability, then capability mapped to discovered Splunk CIM datamodel.",DIG seed - review recommended,"Application and Service Resilience: Operational resilience and service health controls align to application, performance, JVM, database and messaging telemetry.",2026-06-11T15:26:33Z
DORA,Regulation (EU) 2022/2554,Art 11 - Response and Recovery,Art 11,Application and Service Resilience,JVM,Medium,Medium,Medium,"Retain raw events where required for investigation, audit evidence, breach analysis, or operational validation.",Keep searchable where operational resilience evidence is required; archive per policy thereafter,Do not filter governance-relevant fields before indexing; consider selective edge reduction only after validating required evidence.,Tier 2,"availability, resilience, performance, service, application, database, processing integrity","Operational resilience and service health controls align to application, performance, JVM, database and messaging telemetry.",https://eur-lex.europa.eu/eli/reg/2022/2554/oj/eng,"Framework control area classified to DIG governance capability, then capability mapped to discovered Splunk CIM datamodel.",DIG seed - review recommended,"Application and Service Resilience: Operational resilience and service health controls align to application, performance, JVM, database and messaging telemetry.",2026-06-11T15:26:33Z
DORA,Regulation (EU) 2022/2554,Art 11 - Response and Recovery,Art 11,Application and Service Resilience,Performance,Medium,Medium,Medium,"Retain raw events where required for investigation, audit evidence, breach analysis, or operational validation.",Keep searchable where operational resilience evidence is required; archive per policy thereafter,Do not filter governance-relevant fields before indexing; consider selective edge reduction only after validating required evidence.,Tier 2,"availability, resilience, performance, service, application, database, processing integrity","Operational resilience and service health controls align to application, performance, JVM, database and messaging telemetry.",https://eur-lex.europa.eu/eli/reg/2022/2554/oj/eng,"Framework control area classified to DIG governance capability, then capability mapped to discovered Splunk CIM datamodel.",DIG seed - review recommended,"Application and Service Resilience: Operational resilience and service health controls align to application, performance, JVM, database and messaging telemetry.",2026-06-11T15:26:33Z
DORA,Regulation (EU) 2022/2554,Art 11 - Response and Recovery,Art 11,Incident and Case Management,Alerts,High,High,High,"Retain raw events where required for investigation, audit evidence, breach analysis, or operational validation.",Keep searchable for audit/investigation window; archive per policy thereafter,Do not filter governance-relevant fields before indexing; consider selective edge reduction only after validating required evidence.,Tier 1,"incident, response, case, escalation, ticket, reporting",Incident response and case-handling evidence aligns to Ticket_Management and Alerts.,https://eur-lex.europa.eu/eli/reg/2022/2554/oj/eng,"Framework control area classified to DIG governance capability, then capability mapped to discovered Splunk CIM datamodel.",DIG seed - review recommended,Incident and Case Management: Incident response and case-handling evidence aligns to Ticket_Management and Alerts.,2026-06-11T15:26:33Z
DORA,Regulation (EU) 2022/2554,Art 11 - Response and Recovery,Art 11,Incident and Case Management,Ticket_Management,High,High,High,"Retain raw events where required for investigation, audit evidence, breach analysis, or operational validation.",Keep searchable for audit/investigation window; archive per policy thereafter,Do not filter governance-relevant fields before indexing; consider selective edge reduction only after validating required evidence.,Tier 1,"incident, response, case, escalation, ticket, reporting",Incident response and case-handling evidence aligns to Ticket_Management and Alerts.,https://eur-lex.europa.eu/eli/reg/2022/2554/oj/eng,"Framework control area classified to DIG governance capability, then capability mapped to discovered Splunk CIM datamodel.",DIG seed - review recommended,Incident and Case Management: Incident response and case-handling evidence aligns to Ticket_Management and Alerts.,2026-06-11T15:26:33Z
DORA,Regulation (EU) 2022/2554,Art 9 - Protection and Prevention,Art 9,Authentication Monitoring,Authentication,High,High,High,"Retain raw events where required for investigation, audit evidence, breach analysis, or operational validation.",Keep searchable for audit/investigation window; archive per policy thereafter,Do not filter governance-relevant fields before indexing; consider selective edge reduction only after validating required evidence.,Tier 1,"authentication, logon, login, credentials, MFA, session, access attempt",Access monitoring and authentication evidence aligns directly to Authentication events.,https://eur-lex.europa.eu/eli/reg/2022/2554/oj/eng,"Framework control area classified to DIG governance capability, then capability mapped to discovered Splunk CIM datamodel.",DIG seed - review recommended,Authentication Monitoring: Access monitoring and authentication evidence aligns directly to Authentication events.,2026-06-11T15:26:33Z
DORA,Regulation (EU) 2022/2554,Art 9 - Protection and Prevention,Art 9,Endpoint Monitoring,Compute_Inventory,Medium-High,Medium,Medium-High,"Retain raw events where required for investigation, audit evidence, breach analysis, or operational validation.",Keep searchable for security operations and evidence review; archive per policy thereafter,Do not filter governance-relevant fields before indexing; consider selective edge reduction only after validating required evidence.,Tier 2,"endpoint, system, host, device, process, workload, inventory","Host, endpoint and asset telemetry aligns to Endpoint and Compute_Inventory evidence.",https://eur-lex.europa.eu/eli/reg/2022/2554/oj/eng,"Framework control area classified to DIG governance capability, then capability mapped to discovered Splunk CIM datamodel.",DIG seed - review recommended,"Endpoint Monitoring: Host, endpoint and asset telemetry aligns to Endpoint and Compute_Inventory evidence.",2026-06-11T15:26:33Z
DORA,Regulation (EU) 2022/2554,Art 9 - Protection and Prevention,Art 9,Endpoint Monitoring,Endpoint,Medium-High,High,Medium-High,"Retain raw events where required for investigation, audit evidence, breach analysis, or operational validation.",Keep searchable for security operations and evidence review; archive per policy thereafter,Do not filter governance-relevant fields before indexing; consider selective edge reduction only after validating required evidence.,Tier 2,"endpoint, system, host, device, process, workload, inventory","Host, endpoint and asset telemetry aligns to Endpoint and Compute_Inventory evidence.",https://eur-lex.europa.eu/eli/reg/2022/2554/oj/eng,"Framework control area classified to DIG governance capability, then capability mapped to discovered Splunk CIM datamodel.",DIG seed - review recommended,"Endpoint Monitoring: Host, endpoint and asset telemetry aligns to Endpoint and Compute_Inventory evidence.",2026-06-11T15:26:33Z
DORA,Regulation (EU) 2022/2554,Art 9 - Protection and Prevention,Art 9,Malware Monitoring,Endpoint,Medium-High,High,Medium-High,"Retain raw events where required for investigation, audit evidence, breach analysis, or operational validation.",Keep searchable for security operations and evidence review; archive per policy thereafter,Do not filter governance-relevant fields before indexing; consider selective edge reduction only after validating required evidence.,Tier 1,"malware, malicious code, anti-malware, malicious activity",Malware detection and protection telemetry aligns to Malware with Endpoint as supporting context.,https://eur-lex.europa.eu/eli/reg/2022/2554/oj/eng,"Framework control area classified to DIG governance capability, then capability mapped to discovered Splunk CIM datamodel.",DIG seed - review recommended,Malware Monitoring: Malware detection and protection telemetry aligns to Malware with Endpoint as supporting context.,2026-06-11T15:26:33Z
DORA,Regulation (EU) 2022/2554,Art 9 - Protection and Prevention,Art 9,Malware Monitoring,Malware,Medium-High,High,Medium-High,"Retain raw events where required for investigation, audit evidence, breach analysis, or operational validation.",Keep searchable for security operations and evidence review; archive per policy thereafter,Do not filter governance-relevant fields before indexing; consider selective edge reduction only after validating required evidence.,Tier 1,"malware, malicious code, anti-malware, malicious activity",Malware detection and protection telemetry aligns to Malware with Endpoint as supporting context.,https://eur-lex.europa.eu/eli/reg/2022/2554/oj/eng,"Framework control area classified to DIG governance capability, then capability mapped to discovered Splunk CIM datamodel.",DIG seed - review recommended,Malware Monitoring: Malware detection and protection telemetry aligns to Malware with Endpoint as supporting context.,2026-06-11T15:26:33Z
DORA,Regulation (EU) 2022/2554,Art 9 - Protection and Prevention,Art 9,Network Monitoring,Network_Resolution,High,Medium,High,"Retain raw events where required for investigation, audit evidence, breach analysis, or operational validation.",Keep searchable for audit/investigation window; archive per policy thereafter,Do not filter governance-relevant fields before indexing; consider selective edge reduction only after validating required evidence.,Tier 1,"network, traffic, connections, communications, DNS, segmentation, perimeter","Network communication and name-resolution monitoring aligns to network traffic, sessions and resolution datamodels.",https://eur-lex.europa.eu/eli/reg/2022/2554/oj/eng,"Framework control area classified to DIG governance capability, then capability mapped to discovered Splunk CIM datamodel.",DIG seed - review recommended,"Network Monitoring: Network communication and name-resolution monitoring aligns to network traffic, sessions and resolution datamodels.",2026-06-11T15:26:33Z
DORA,Regulation (EU) 2022/2554,Art 9 - Protection and Prevention,Art 9,Network Monitoring,Network_Sessions,High,Medium,High,"Retain raw events where required for investigation, audit evidence, breach analysis, or operational validation.",Keep searchable for audit/investigation window; archive per policy thereafter,Do not filter governance-relevant fields before indexing; consider selective edge reduction only after validating required evidence.,Tier 1,"network, traffic, connections, communications, DNS, segmentation, perimeter","Network communication and name-resolution monitoring aligns to network traffic, sessions and resolution datamodels.",https://eur-lex.europa.eu/eli/reg/2022/2554/oj/eng,"Framework control area classified to DIG governance capability, then capability mapped to discovered Splunk CIM datamodel.",DIG seed - review recommended,"Network Monitoring: Network communication and name-resolution monitoring aligns to network traffic, sessions and resolution datamodels.",2026-06-11T15:26:33Z
DORA,Regulation (EU) 2022/2554,Art 9 - Protection and Prevention,Art 9,Network Monitoring,Network_Traffic,High,High,High,"Retain raw events where required for investigation, audit evidence, breach analysis, or operational validation.",Keep searchable for audit/investigation window; archive per policy thereafter,Do not filter governance-relevant fields before indexing; consider selective edge reduction only after validating required evidence.,Tier 1,"network, traffic, connections, communications, DNS, segmentation, perimeter","Network communication and name-resolution monitoring aligns to network traffic, sessions and resolution datamodels.",https://eur-lex.europa.eu/eli/reg/2022/2554/oj/eng,"Framework control area classified to DIG governance capability, then capability mapped to discovered Splunk CIM datamodel.",DIG seed - review recommended,"Network Monitoring: Network communication and name-resolution monitoring aligns to network traffic, sessions and resolution datamodels.",2026-06-11T15:26:33Z
DORA,Regulation (EU) 2022/2554,Chapter II - ICT Risk Management,Chapter II,Application and Service Resilience,Application_State,Medium,Medium,Medium,"Retain raw events where required for investigation, audit evidence, breach analysis, or operational validation.",Keep searchable where operational resilience evidence is required; archive per policy thereafter,Do not filter governance-relevant fields before indexing; consider selective edge reduction only after validating required evidence.,Tier 2,"availability, resilience, performance, service, application, database, processing integrity","Operational resilience and service health controls align to application, performance, JVM, database and messaging telemetry.",https://eur-lex.europa.eu/eli/reg/2022/2554/oj/eng,"Framework control area classified to DIG governance capability, then capability mapped to discovered Splunk CIM datamodel.",DIG seed - review recommended,"Application and Service Resilience: Operational resilience and service health controls align to application, performance, JVM, database and messaging telemetry.",2026-06-11T15:26:33Z
DORA,Regulation (EU) 2022/2554,Chapter II - ICT Risk Management,Chapter II,Application and Service Resilience,Databases,Medium,Medium,Medium,"Retain raw events where required for investigation, audit evidence, breach analysis, or operational validation.",Keep searchable where operational resilience evidence is required; archive per policy thereafter,Do not filter governance-relevant fields before indexing; consider selective edge reduction only after validating required evidence.,Tier 2,"availability, resilience, performance, service, application, database, processing integrity","Operational resilience and service health controls align to application, performance, JVM, database and messaging telemetry.",https://eur-lex.europa.eu/eli/reg/2022/2554/oj/eng,"Framework control area classified to DIG governance capability, then capability mapped to discovered Splunk CIM datamodel.",DIG seed - review recommended,"Application and Service Resilience: Operational resilience and service health controls align to application, performance, JVM, database and messaging telemetry.",2026-06-11T15:26:33Z
DORA,Regulation (EU) 2022/2554,Chapter II - ICT Risk Management,Chapter II,Application and Service Resilience,Interprocess_Messaging,Medium,Medium,Medium,"Retain raw events where required for investigation, audit evidence, breach analysis, or operational validation.",Keep searchable where operational resilience evidence is required; archive per policy thereafter,Do not filter governance-relevant fields before indexing; consider selective edge reduction only after validating required evidence.,Tier 2,"availability, resilience, performance, service, application, database, processing integrity","Operational resilience and service health controls align to application, performance, JVM, database and messaging telemetry.",https://eur-lex.europa.eu/eli/reg/2022/2554/oj/eng,"Framework control area classified to DIG governance capability, then capability mapped to discovered Splunk CIM datamodel.",DIG seed - review recommended,"Application and Service Resilience: Operational resilience and service health controls align to application, performance, JVM, database and messaging telemetry.",2026-06-11T15:26:33Z
DORA,Regulation (EU) 2022/2554,Chapter II - ICT Risk Management,Chapter II,Application and Service Resilience,JVM,Medium,Medium,Medium,"Retain raw events where required for investigation, audit evidence, breach analysis, or operational validation.",Keep searchable where operational resilience evidence is required; archive per policy thereafter,Do not filter governance-relevant fields before indexing; consider selective edge reduction only after validating required evidence.,Tier 2,"availability, resilience, performance, service, application, database, processing integrity","Operational resilience and service health controls align to application, performance, JVM, database and messaging telemetry.",https://eur-lex.europa.eu/eli/reg/2022/2554/oj/eng,"Framework control area classified to DIG governance capability, then capability mapped to discovered Splunk CIM datamodel.",DIG seed - review recommended,"Application and Service Resilience: Operational resilience and service health controls align to application, performance, JVM, database and messaging telemetry.",2026-06-11T15:26:33Z
DORA,Regulation (EU) 2022/2554,Chapter II - ICT Risk Management,Chapter II,Application and Service Resilience,Performance,Medium,Medium,Medium,"Retain raw events where required for investigation, audit evidence, breach analysis, or operational validation.",Keep searchable where operational resilience evidence is required; archive per policy thereafter,Do not filter governance-relevant fields before indexing; consider selective edge reduction only after validating required evidence.,Tier 2,"availability, resilience, performance, service, application, database, processing integrity","Operational resilience and service health controls align to application, performance, JVM, database and messaging telemetry.",https://eur-lex.europa.eu/eli/reg/2022/2554/oj/eng,"Framework control area classified to DIG governance capability, then capability mapped to discovered Splunk CIM datamodel.",DIG seed - review recommended,"Application and Service Resilience: Operational resilience and service health controls align to application, performance, JVM, database and messaging telemetry.",2026-06-11T15:26:33Z
DORA,Regulation (EU) 2022/2554,Chapter II - ICT Risk Management,Chapter II,Change Monitoring,Change,Medium-High,High,Medium-High,"Retain raw events where required for investigation, audit evidence, breach analysis, or operational validation.",Keep searchable for security operations and evidence review; archive per policy thereafter,Do not filter governance-relevant fields before indexing; consider selective edge reduction only after validating required evidence.,Tier 2,"change, configuration, system changes, modification, integrity",Configuration and system modification evidence aligns to Change and Change_Analysis.,https://eur-lex.europa.eu/eli/reg/2022/2554/oj/eng,"Framework control area classified to DIG governance capability, then capability mapped to discovered Splunk CIM datamodel.",DIG seed - review recommended,Change Monitoring: Configuration and system modification evidence aligns to Change and Change_Analysis.,2026-06-11T15:26:33Z
DORA,Regulation (EU) 2022/2554,Chapter II - ICT Risk Management,Chapter II,Change Monitoring,Change_Analysis,Medium-High,Medium,Medium-High,"Retain raw events where required for investigation, audit evidence, breach analysis, or operational validation.",Keep searchable for security operations and evidence review; archive per policy thereafter,Do not filter governance-relevant fields before indexing; consider selective edge reduction only after validating required evidence.,Tier 2,"change, configuration, system changes, modification, integrity",Configuration and system modification evidence aligns to Change and Change_Analysis.,https://eur-lex.europa.eu/eli/reg/2022/2554/oj/eng,"Framework control area classified to DIG governance capability, then capability mapped to discovered Splunk CIM datamodel.",DIG seed - review recommended,Change Monitoring: Configuration and system modification evidence aligns to Change and Change_Analysis.,2026-06-11T15:26:33Z
DORA,Regulation (EU) 2022/2554,Chapter II - ICT Risk Management,Chapter II,Endpoint Monitoring,Compute_Inventory,Medium-High,Medium,Medium-High,"Retain raw events where required for investigation, audit evidence, breach analysis, or operational validation.",Keep searchable for security operations and evidence review; archive per policy thereafter,Do not filter governance-relevant fields before indexing; consider selective edge reduction only after validating required evidence.,Tier 2,"endpoint, system, host, device, process, workload, inventory","Host, endpoint and asset telemetry aligns to Endpoint and Compute_Inventory evidence.",https://eur-lex.europa.eu/eli/reg/2022/2554/oj/eng,"Framework control area classified to DIG governance capability, then capability mapped to discovered Splunk CIM datamodel.",DIG seed - review recommended,"Endpoint Monitoring: Host, endpoint and asset telemetry aligns to Endpoint and Compute_Inventory evidence.",2026-06-11T15:26:33Z
DORA,Regulation (EU) 2022/2554,Chapter II - ICT Risk Management,Chapter II,Endpoint Monitoring,Endpoint,Medium-High,High,Medium-High,"Retain raw events where required for investigation, audit evidence, breach analysis, or operational validation.",Keep searchable for security operations and evidence review; archive per policy thereafter,Do not filter governance-relevant fields before indexing; consider selective edge reduction only after validating required evidence.,Tier 2,"endpoint, system, host, device, process, workload, inventory","Host, endpoint and asset telemetry aligns to Endpoint and Compute_Inventory evidence.",https://eur-lex.europa.eu/eli/reg/2022/2554/oj/eng,"Framework control area classified to DIG governance capability, then capability mapped to discovered Splunk CIM datamodel.",DIG seed - review recommended,"Endpoint Monitoring: Host, endpoint and asset telemetry aligns to Endpoint and Compute_Inventory evidence.",2026-06-11T15:26:33Z
DORA,Regulation (EU) 2022/2554,Chapter II - ICT Risk Management,Chapter II,Network Monitoring,Network_Resolution,High,Medium,High,"Retain raw events where required for investigation, audit evidence, breach analysis, or operational validation.",Keep searchable for audit/investigation window; archive per policy thereafter,Do not filter governance-relevant fields before indexing; consider selective edge reduction only after validating required evidence.,Tier 1,"network, traffic, connections, communications, DNS, segmentation, perimeter","Network communication and name-resolution monitoring aligns to network traffic, sessions and resolution datamodels.",https://eur-lex.europa.eu/eli/reg/2022/2554/oj/eng,"Framework control area classified to DIG governance capability, then capability mapped to discovered Splunk CIM datamodel.",DIG seed - review recommended,"Network Monitoring: Network communication and name-resolution monitoring aligns to network traffic, sessions and resolution datamodels.",2026-06-11T15:26:33Z
DORA,Regulation (EU) 2022/2554,Chapter II - ICT Risk Management,Chapter II,Network Monitoring,Network_Sessions,High,Medium,High,"Retain raw events where required for investigation, audit evidence, breach analysis, or operational validation.",Keep searchable for audit/investigation window; archive per policy thereafter,Do not filter governance-relevant fields before indexing; consider selective edge reduction only after validating required evidence.,Tier 1,"network, traffic, connections, communications, DNS, segmentation, perimeter","Network communication and name-resolution monitoring aligns to network traffic, sessions and resolution datamodels.",https://eur-lex.europa.eu/eli/reg/2022/2554/oj/eng,"Framework control area classified to DIG governance capability, then capability mapped to discovered Splunk CIM datamodel.",DIG seed - review recommended,"Network Monitoring: Network communication and name-resolution monitoring aligns to network traffic, sessions and resolution datamodels.",2026-06-11T15:26:33Z
DORA,Regulation (EU) 2022/2554,Chapter II - ICT Risk Management,Chapter II,Network Monitoring,Network_Traffic,High,High,High,"Retain raw events where required for investigation, audit evidence, breach analysis, or operational validation.",Keep searchable for audit/investigation window; archive per policy thereafter,Do not filter governance-relevant fields before indexing; consider selective edge reduction only after validating required evidence.,Tier 1,"network, traffic, connections, communications, DNS, segmentation, perimeter","Network communication and name-resolution monitoring aligns to network traffic, sessions and resolution datamodels.",https://eur-lex.europa.eu/eli/reg/2022/2554/oj/eng,"Framework control area classified to DIG governance capability, then capability mapped to discovered Splunk CIM datamodel.",DIG seed - review recommended,"Network Monitoring: Network communication and name-resolution monitoring aligns to network traffic, sessions and resolution datamodels.",2026-06-11T15:26:33Z
DORA,Regulation (EU) 2022/2554,Chapter II - ICT Risk Management,Chapter II,Vulnerability Management,Updates,Medium-High,Medium,Medium-High,"Retain raw events where required for investigation, audit evidence, breach analysis, or operational validation.",Keep searchable for security operations and evidence review; archive per policy thereafter,Do not filter governance-relevant fields before indexing; consider selective edge reduction only after validating required evidence.,Tier 1,"vulnerability, patching, remediation, updates, weaknesses",Vulnerability discovery and remediation evidence aligns to Vulnerabilities and Updates.,https://eur-lex.europa.eu/eli/reg/2022/2554/oj/eng,"Framework control area classified to DIG governance capability, then capability mapped to discovered Splunk CIM datamodel.",DIG seed - review recommended,Vulnerability Management: Vulnerability discovery and remediation evidence aligns to Vulnerabilities and Updates.,2026-06-11T15:26:33Z
DORA,Regulation (EU) 2022/2554,Chapter II - ICT Risk Management,Chapter II,Vulnerability Management,Vulnerabilities,Medium-High,High,Medium-High,"Retain raw events where required for investigation, audit evidence, breach analysis, or operational validation.",Keep searchable for security operations and evidence review; archive per policy thereafter,Do not filter governance-relevant fields before indexing; consider selective edge reduction only after validating required evidence.,Tier 1,"vulnerability, patching, remediation, updates, weaknesses",Vulnerability discovery and remediation evidence aligns to Vulnerabilities and Updates.,https://eur-lex.europa.eu/eli/reg/2022/2554/oj/eng,"Framework control area classified to DIG governance capability, then capability mapped to discovered Splunk CIM datamodel.",DIG seed - review recommended,Vulnerability Management: Vulnerability discovery and remediation evidence aligns to Vulnerabilities and Updates.,2026-06-11T15:26:33Z
DORA,Regulation (EU) 2022/2554,Chapter III - ICT Incident Management Reporting,Chapter III,Alerting and Detection,Alerts,High,High,High,"Retain raw events where required for investigation, audit evidence, breach analysis, or operational validation.",Keep searchable for audit/investigation window; archive per policy thereafter,Do not filter governance-relevant fields before indexing; consider selective edge reduction only after validating required evidence.,Tier 1,"alerts, detection, monitoring, intrusion, events, signatures","Detection and alerting outcomes align to Alerts, Intrusion_Detection and Event_Signatures.",https://eur-lex.europa.eu/eli/reg/2022/2554/oj/eng,"Framework control area classified to DIG governance capability, then capability mapped to discovered Splunk CIM datamodel.",DIG seed - review recommended,"Alerting and Detection: Detection and alerting outcomes align to Alerts, Intrusion_Detection and Event_Signatures.",2026-06-11T15:26:33Z
DORA,Regulation (EU) 2022/2554,Chapter III - ICT Incident Management Reporting,Chapter III,Alerting and Detection,Event_Signatures,High,Medium,High,"Retain raw events where required for investigation, audit evidence, breach analysis, or operational validation.",Keep searchable for audit/investigation window; archive per policy thereafter,Do not filter governance-relevant fields before indexing; consider selective edge reduction only after validating required evidence.,Tier 1,"alerts, detection, monitoring, intrusion, events, signatures","Detection and alerting outcomes align to Alerts, Intrusion_Detection and Event_Signatures.",https://eur-lex.europa.eu/eli/reg/2022/2554/oj/eng,"Framework control area classified to DIG governance capability, then capability mapped to discovered Splunk CIM datamodel.",DIG seed - review recommended,"Alerting and Detection: Detection and alerting outcomes align to Alerts, Intrusion_Detection and Event_Signatures.",2026-06-11T15:26:33Z
DORA,Regulation (EU) 2022/2554,Chapter III - ICT Incident Management Reporting,Chapter III,Alerting and Detection,Intrusion_Detection,High,Medium,High,"Retain raw events where required for investigation, audit evidence, breach analysis, or operational validation.",Keep searchable for audit/investigation window; archive per policy thereafter,Do not filter governance-relevant fields before indexing; consider selective edge reduction only after validating required evidence.,Tier 1,"alerts, detection, monitoring, intrusion, events, signatures","Detection and alerting outcomes align to Alerts, Intrusion_Detection and Event_Signatures.",https://eur-lex.europa.eu/eli/reg/2022/2554/oj/eng,"Framework control area classified to DIG governance capability, then capability mapped to discovered Splunk CIM datamodel.",DIG seed - review recommended,"Alerting and Detection: Detection and alerting outcomes align to Alerts, Intrusion_Detection and Event_Signatures.",2026-06-11T15:26:33Z
DORA,Regulation (EU) 2022/2554,Chapter III - ICT Incident Management Reporting,Chapter III,Incident and Case Management,Alerts,High,High,High,"Retain raw events where required for investigation, audit evidence, breach analysis, or operational validation.",Keep searchable for audit/investigation window; archive per policy thereafter,Do not filter governance-relevant fields before indexing; consider selective edge reduction only after validating required evidence.,Tier 1,"incident, response, case, escalation, ticket, reporting",Incident response and case-handling evidence aligns to Ticket_Management and Alerts.,https://eur-lex.europa.eu/eli/reg/2022/2554/oj/eng,"Framework control area classified to DIG governance capability, then capability mapped to discovered Splunk CIM datamodel.",DIG seed - review recommended,Incident and Case Management: Incident response and case-handling evidence aligns to Ticket_Management and Alerts.,2026-06-11T15:26:33Z
DORA,Regulation (EU) 2022/2554,Chapter III - ICT Incident Management Reporting,Chapter III,Incident and Case Management,Ticket_Management,High,High,High,"Retain raw events where required for investigation, audit evidence, breach analysis, or operational validation.",Keep searchable for audit/investigation window; archive per policy thereafter,Do not filter governance-relevant fields before indexing; consider selective edge reduction only after validating required evidence.,Tier 1,"incident, response, case, escalation, ticket, reporting",Incident response and case-handling evidence aligns to Ticket_Management and Alerts.,https://eur-lex.europa.eu/eli/reg/2022/2554/oj/eng,"Framework control area classified to DIG governance capability, then capability mapped to discovered Splunk CIM datamodel.",DIG seed - review recommended,Incident and Case Management: Incident response and case-handling evidence aligns to Ticket_Management and Alerts.,2026-06-11T15:26:33Z
DORA,Regulation (EU) 2022/2554,Chapter IV - Digital Operational Resilience Testing,Chapter IV,Alerting and Detection,Alerts,High,High,High,"Retain raw events where required for investigation, audit evidence, breach analysis, or operational validation.",Keep searchable for audit/investigation window; archive per policy thereafter,Do not filter governance-relevant fields before indexing; consider selective edge reduction only after validating required evidence.,Tier 1,"alerts, detection, monitoring, intrusion, events, signatures","Detection and alerting outcomes align to Alerts, Intrusion_Detection and Event_Signatures.",https://eur-lex.europa.eu/eli/reg/2022/2554/oj/eng,"Framework control area classified to DIG governance capability, then capability mapped to discovered Splunk CIM datamodel.",DIG seed - review recommended,"Alerting and Detection: Detection and alerting outcomes align to Alerts, Intrusion_Detection and Event_Signatures.",2026-06-11T15:26:33Z
DORA,Regulation (EU) 2022/2554,Chapter IV - Digital Operational Resilience Testing,Chapter IV,Alerting and Detection,Event_Signatures,High,Medium,High,"Retain raw events where required for investigation, audit evidence, breach analysis, or operational validation.",Keep searchable for audit/investigation window; archive per policy thereafter,Do not filter governance-relevant fields before indexing; consider selective edge reduction only after validating required evidence.,Tier 1,"alerts, detection, monitoring, intrusion, events, signatures","Detection and alerting outcomes align to Alerts, Intrusion_Detection and Event_Signatures.",https://eur-lex.europa.eu/eli/reg/2022/2554/oj/eng,"Framework control area classified to DIG governance capability, then capability mapped to discovered Splunk CIM datamodel.",DIG seed - review recommended,"Alerting and Detection: Detection and alerting outcomes align to Alerts, Intrusion_Detection and Event_Signatures.",2026-06-11T15:26:33Z
DORA,Regulation (EU) 2022/2554,Chapter IV - Digital Operational Resilience Testing,Chapter IV,Alerting and Detection,Intrusion_Detection,High,Medium,High,"Retain raw events where required for investigation, audit evidence, breach analysis, or operational validation.",Keep searchable for audit/investigation window; archive per policy thereafter,Do not filter governance-relevant fields before indexing; consider selective edge reduction only after validating required evidence.,Tier 1,"alerts, detection, monitoring, intrusion, events, signatures","Detection and alerting outcomes align to Alerts, Intrusion_Detection and Event_Signatures.",https://eur-lex.europa.eu/eli/reg/2022/2554/oj/eng,"Framework control area classified to DIG governance capability, then capability mapped to discovered Splunk CIM datamodel.",DIG seed - review recommended,"Alerting and Detection: Detection and alerting outcomes align to Alerts, Intrusion_Detection and Event_Signatures.",2026-06-11T15:26:33Z
DORA,Regulation (EU) 2022/2554,Chapter IV - Digital Operational Resilience Testing,Chapter IV,Application and Service Resilience,Application_State,Medium,Medium,Medium,"Retain raw events where required for investigation, audit evidence, breach analysis, or operational validation.",Keep searchable where operational resilience evidence is required; archive per policy thereafter,Do not filter governance-relevant fields before indexing; consider selective edge reduction only after validating required evidence.,Tier 2,"availability, resilience, performance, service, application, database, processing integrity","Operational resilience and service health controls align to application, performance, JVM, database and messaging telemetry.",https://eur-lex.europa.eu/eli/reg/2022/2554/oj/eng,"Framework control area classified to DIG governance capability, then capability mapped to discovered Splunk CIM datamodel.",DIG seed - review recommended,"Application and Service Resilience: Operational resilience and service health controls align to application, performance, JVM, database and messaging telemetry.",2026-06-11T15:26:33Z
DORA,Regulation (EU) 2022/2554,Chapter IV - Digital Operational Resilience Testing,Chapter IV,Application and Service Resilience,Databases,Medium,Medium,Medium,"Retain raw events where required for investigation, audit evidence, breach analysis, or operational validation.",Keep searchable where operational resilience evidence is required; archive per policy thereafter,Do not filter governance-relevant fields before indexing; consider selective edge reduction only after validating required evidence.,Tier 2,"availability, resilience, performance, service, application, database, processing integrity","Operational resilience and service health controls align to application, performance, JVM, database and messaging telemetry.",https://eur-lex.europa.eu/eli/reg/2022/2554/oj/eng,"Framework control area classified to DIG governance capability, then capability mapped to discovered Splunk CIM datamodel.",DIG seed - review recommended,"Application and Service Resilience: Operational resilience and service health controls align to application, performance, JVM, database and messaging telemetry.",2026-06-11T15:26:33Z
DORA,Regulation (EU) 2022/2554,Chapter IV - Digital Operational Resilience Testing,Chapter IV,Application and Service Resilience,Interprocess_Messaging,Medium,Medium,Medium,"Retain raw events where required for investigation, audit evidence, breach analysis, or operational validation.",Keep searchable where operational resilience evidence is required; archive per policy thereafter,Do not filter governance-relevant fields before indexing; consider selective edge reduction only after validating required evidence.,Tier 2,"availability, resilience, performance, service, application, database, processing integrity","Operational resilience and service health controls align to application, performance, JVM, database and messaging telemetry.",https://eur-lex.europa.eu/eli/reg/2022/2554/oj/eng,"Framework control area classified to DIG governance capability, then capability mapped to discovered Splunk CIM datamodel.",DIG seed - review recommended,"Application and Service Resilience: Operational resilience and service health controls align to application, performance, JVM, database and messaging telemetry.",2026-06-11T15:26:33Z
DORA,Regulation (EU) 2022/2554,Chapter IV - Digital Operational Resilience Testing,Chapter IV,Application and Service Resilience,JVM,Medium,Medium,Medium,"Retain raw events where required for investigation, audit evidence, breach analysis, or operational validation.",Keep searchable where operational resilience evidence is required; archive per policy thereafter,Do not filter governance-relevant fields before indexing; consider selective edge reduction only after validating required evidence.,Tier 2,"availability, resilience, performance, service, application, database, processing integrity","Operational resilience and service health controls align to application, performance, JVM, database and messaging telemetry.",https://eur-lex.europa.eu/eli/reg/2022/2554/oj/eng,"Framework control area classified to DIG governance capability, then capability mapped to discovered Splunk CIM datamodel.",DIG seed - review recommended,"Application and Service Resilience: Operational resilience and service health controls align to application, performance, JVM, database and messaging telemetry.",2026-06-11T15:26:33Z
DORA,Regulation (EU) 2022/2554,Chapter IV - Digital Operational Resilience Testing,Chapter IV,Application and Service Resilience,Performance,Medium,Medium,Medium,"Retain raw events where required for investigation, audit evidence, breach analysis, or operational validation.",Keep searchable where operational resilience evidence is required; archive per policy thereafter,Do not filter governance-relevant fields before indexing; consider selective edge reduction only after validating required evidence.,Tier 2,"availability, resilience, performance, service, application, database, processing integrity","Operational resilience and service health controls align to application, performance, JVM, database and messaging telemetry.",https://eur-lex.europa.eu/eli/reg/2022/2554/oj/eng,"Framework control area classified to DIG governance capability, then capability mapped to discovered Splunk CIM datamodel.",DIG seed - review recommended,"Application and Service Resilience: Operational resilience and service health controls align to application, performance, JVM, database and messaging telemetry.",2026-06-11T15:26:33Z
DORA,Regulation (EU) 2022/2554,Chapter IV - Digital Operational Resilience Testing,Chapter IV,Vulnerability Management,Updates,Medium-High,Medium,Medium-High,"Retain raw events where required for investigation, audit evidence, breach analysis, or operational validation.",Keep searchable for security operations and evidence review; archive per policy thereafter,Do not filter governance-relevant fields before indexing; consider selective edge reduction only after validating required evidence.,Tier 1,"vulnerability, patching, remediation, updates, weaknesses",Vulnerability discovery and remediation evidence aligns to Vulnerabilities and Updates.,https://eur-lex.europa.eu/eli/reg/2022/2554/oj/eng,"Framework control area classified to DIG governance capability, then capability mapped to discovered Splunk CIM datamodel.",DIG seed - review recommended,Vulnerability Management: Vulnerability discovery and remediation evidence aligns to Vulnerabilities and Updates.,2026-06-11T15:26:33Z
DORA,Regulation (EU) 2022/2554,Chapter IV - Digital Operational Resilience Testing,Chapter IV,Vulnerability Management,Vulnerabilities,Medium-High,High,Medium-High,"Retain raw events where required for investigation, audit evidence, breach analysis, or operational validation.",Keep searchable for security operations and evidence review; archive per policy thereafter,Do not filter governance-relevant fields before indexing; consider selective edge reduction only after validating required evidence.,Tier 1,"vulnerability, patching, remediation, updates, weaknesses",Vulnerability discovery and remediation evidence aligns to Vulnerabilities and Updates.,https://eur-lex.europa.eu/eli/reg/2022/2554/oj/eng,"Framework control area classified to DIG governance capability, then capability mapped to discovered Splunk CIM datamodel.",DIG seed - review recommended,Vulnerability Management: Vulnerability discovery and remediation evidence aligns to Vulnerabilities and Updates.,2026-06-11T15:26:33Z
DORA,Regulation (EU) 2022/2554,Chapter V - ICT Third-Party Risk Management,Chapter V,Application and Service Resilience,Application_State,Medium,Medium,Medium,"Retain raw events where required for investigation, audit evidence, breach analysis, or operational validation.",Keep searchable where operational resilience evidence is required; archive per policy thereafter,Do not filter governance-relevant fields before indexing; consider selective edge reduction only after validating required evidence.,Tier 2,"availability, resilience, performance, service, application, database, processing integrity","Operational resilience and service health controls align to application, performance, JVM, database and messaging telemetry.",https://eur-lex.europa.eu/eli/reg/2022/2554/oj/eng,"Framework control area classified to DIG governance capability, then capability mapped to discovered Splunk CIM datamodel.",DIG seed - review recommended,"Application and Service Resilience: Operational resilience and service health controls align to application, performance, JVM, database and messaging telemetry.",2026-06-11T15:26:33Z
DORA,Regulation (EU) 2022/2554,Chapter V - ICT Third-Party Risk Management,Chapter V,Application and Service Resilience,Databases,Medium,Medium,Medium,"Retain raw events where required for investigation, audit evidence, breach analysis, or operational validation.",Keep searchable where operational resilience evidence is required; archive per policy thereafter,Do not filter governance-relevant fields before indexing; consider selective edge reduction only after validating required evidence.,Tier 2,"availability, resilience, performance, service, application, database, processing integrity","Operational resilience and service health controls align to application, performance, JVM, database and messaging telemetry.",https://eur-lex.europa.eu/eli/reg/2022/2554/oj/eng,"Framework control area classified to DIG governance capability, then capability mapped to discovered Splunk CIM datamodel.",DIG seed - review recommended,"Application and Service Resilience: Operational resilience and service health controls align to application, performance, JVM, database and messaging telemetry.",2026-06-11T15:26:33Z
DORA,Regulation (EU) 2022/2554,Chapter V - ICT Third-Party Risk Management,Chapter V,Application and Service Resilience,Interprocess_Messaging,Medium,Medium,Medium,"Retain raw events where required for investigation, audit evidence, breach analysis, or operational validation.",Keep searchable where operational resilience evidence is required; archive per policy thereafter,Do not filter governance-relevant fields before indexing; consider selective edge reduction only after validating required evidence.,Tier 2,"availability, resilience, performance, service, application, database, processing integrity","Operational resilience and service health controls align to application, performance, JVM, database and messaging telemetry.",https://eur-lex.europa.eu/eli/reg/2022/2554/oj/eng,"Framework control area classified to DIG governance capability, then capability mapped to discovered Splunk CIM datamodel.",DIG seed - review recommended,"Application and Service Resilience: Operational resilience and service health controls align to application, performance, JVM, database and messaging telemetry.",2026-06-11T15:26:33Z
DORA,Regulation (EU) 2022/2554,Chapter V - ICT Third-Party Risk Management,Chapter V,Application and Service Resilience,JVM,Medium,Medium,Medium,"Retain raw events where required for investigation, audit evidence, breach analysis, or operational validation.",Keep searchable where operational resilience evidence is required; archive per policy thereafter,Do not filter governance-relevant fields before indexing; consider selective edge reduction only after validating required evidence.,Tier 2,"availability, resilience, performance, service, application, database, processing integrity","Operational resilience and service health controls align to application, performance, JVM, database and messaging telemetry.",https://eur-lex.europa.eu/eli/reg/2022/2554/oj/eng,"Framework control area classified to DIG governance capability, then capability mapped to discovered Splunk CIM datamodel.",DIG seed - review recommended,"Application and Service Resilience: Operational resilience and service health controls align to application, performance, JVM, database and messaging telemetry.",2026-06-11T15:26:33Z
DORA,Regulation (EU) 2022/2554,Chapter V - ICT Third-Party Risk Management,Chapter V,Application and Service Resilience,Performance,Medium,Medium,Medium,"Retain raw events where required for investigation, audit evidence, breach analysis, or operational validation.",Keep searchable where operational resilience evidence is required; archive per policy thereafter,Do not filter governance-relevant fields before indexing; consider selective edge reduction only after validating required evidence.,Tier 2,"availability, resilience, performance, service, application, database, processing integrity","Operational resilience and service health controls align to application, performance, JVM, database and messaging telemetry.",https://eur-lex.europa.eu/eli/reg/2022/2554/oj/eng,"Framework control area classified to DIG governance capability, then capability mapped to discovered Splunk CIM datamodel.",DIG seed - review recommended,"Application and Service Resilience: Operational resilience and service health controls align to application, performance, JVM, database and messaging telemetry.",2026-06-11T15:26:33Z
DORA,Regulation (EU) 2022/2554,Chapter V - ICT Third-Party Risk Management,Chapter V,Change Monitoring,Change,Medium-High,High,Medium-High,"Retain raw events where required for investigation, audit evidence, breach analysis, or operational validation.",Keep searchable for security operations and evidence review; archive per policy thereafter,Do not filter governance-relevant fields before indexing; consider selective edge reduction only after validating required evidence.,Tier 2,"change, configuration, system changes, modification, integrity",Configuration and system modification evidence aligns to Change and Change_Analysis.,https://eur-lex.europa.eu/eli/reg/2022/2554/oj/eng,"Framework control area classified to DIG governance capability, then capability mapped to discovered Splunk CIM datamodel.",DIG seed - review recommended,Change Monitoring: Configuration and system modification evidence aligns to Change and Change_Analysis.,2026-06-11T15:26:33Z
DORA,Regulation (EU) 2022/2554,Chapter V - ICT Third-Party Risk Management,Chapter V,Change Monitoring,Change_Analysis,Medium-High,Medium,Medium-High,"Retain raw events where required for investigation, audit evidence, breach analysis, or operational validation.",Keep searchable for security operations and evidence review; archive per policy thereafter,Do not filter governance-relevant fields before indexing; consider selective edge reduction only after validating required evidence.,Tier 2,"change, configuration, system changes, modification, integrity",Configuration and system modification evidence aligns to Change and Change_Analysis.,https://eur-lex.europa.eu/eli/reg/2022/2554/oj/eng,"Framework control area classified to DIG governance capability, then capability mapped to discovered Splunk CIM datamodel.",DIG seed - review recommended,Change Monitoring: Configuration and system modification evidence aligns to Change and Change_Analysis.,2026-06-11T15:26:33Z
GDPR,Regulation (EU) 2016/679,Art 25 - Data Protection by Design and Default,Art 25,Change Monitoring,Change,Medium-High,High,Medium-High,"Retain raw events where required for investigation, audit evidence, breach analysis, or operational validation.",Keep searchable for security operations and evidence review; archive per policy thereafter,Do not filter governance-relevant fields before indexing; consider selective edge reduction only after validating required evidence.,Tier 2,"change, configuration, system changes, modification, integrity",Configuration and system modification evidence aligns to Change and Change_Analysis.,https://eur-lex.europa.eu/eli/reg/2016/679/oj/eng,"Framework control area classified to DIG governance capability, then capability mapped to discovered Splunk CIM datamodel.",DIG seed - review recommended,Change Monitoring: Configuration and system modification evidence aligns to Change and Change_Analysis.,2026-06-11T15:26:33Z
GDPR,Regulation (EU) 2016/679,Art 25 - Data Protection by Design and Default,Art 25,Change Monitoring,Change_Analysis,Medium-High,Medium,Medium-High,"Retain raw events where required for investigation, audit evidence, breach analysis, or operational validation.",Keep searchable for security operations and evidence review; archive per policy thereafter,Do not filter governance-relevant fields before indexing; consider selective edge reduction only after validating required evidence.,Tier 2,"change, configuration, system changes, modification, integrity",Configuration and system modification evidence aligns to Change and Change_Analysis.,https://eur-lex.europa.eu/eli/reg/2016/679/oj/eng,"Framework control area classified to DIG governance capability, then capability mapped to discovered Splunk CIM datamodel.",DIG seed - review recommended,Change Monitoring: Configuration and system modification evidence aligns to Change and Change_Analysis.,2026-06-11T15:26:33Z
GDPR,Regulation (EU) 2016/679,Art 25 - Data Protection by Design and Default,Art 25,Data Access Monitoring,DLP,High,Medium,High,"Retain raw events where required for investigation, audit evidence, breach analysis, or operational validation.",Keep searchable for audit/investigation window; archive per policy thereafter,Do not filter governance-relevant fields before indexing; consider selective edge reduction only after validating required evidence.,Tier 1,"data access, sensitive data, cardholder data, personal data, confidentiality, exfiltration",Controls requiring visibility of sensitive data access or loss prevention align to Data_Access and DLP.,https://eur-lex.europa.eu/eli/reg/2016/679/oj/eng,"Framework control area classified to DIG governance capability, then capability mapped to discovered Splunk CIM datamodel.",DIG seed - review recommended,Data Access Monitoring: Controls requiring visibility of sensitive data access or loss prevention align to Data_Access and DLP.,2026-06-11T15:26:33Z
GDPR,Regulation (EU) 2016/679,Art 25 - Data Protection by Design and Default,Art 25,Data Access Monitoring,Data_Access,High,High,High,"Retain raw events where required for investigation, audit evidence, breach analysis, or operational validation.",Keep searchable for audit/investigation window; archive per policy thereafter,Do not filter governance-relevant fields before indexing; consider selective edge reduction only after validating required evidence.,Tier 1,"data access, sensitive data, cardholder data, personal data, confidentiality, exfiltration",Controls requiring visibility of sensitive data access or loss prevention align to Data_Access and DLP.,https://eur-lex.europa.eu/eli/reg/2016/679/oj/eng,"Framework control area classified to DIG governance capability, then capability mapped to discovered Splunk CIM datamodel.",DIG seed - review recommended,Data Access Monitoring: Controls requiring visibility of sensitive data access or loss prevention align to Data_Access and DLP.,2026-06-11T15:26:33Z
GDPR,Regulation (EU) 2016/679,Art 25 - Data Protection by Design and Default,Art 25,Endpoint Monitoring,Compute_Inventory,Medium-High,Medium,Medium-High,"Retain raw events where required for investigation, audit evidence, breach analysis, or operational validation.",Keep searchable for security operations and evidence review; archive per policy thereafter,Do not filter governance-relevant fields before indexing; consider selective edge reduction only after validating required evidence.,Tier 2,"endpoint, system, host, device, process, workload, inventory","Host, endpoint and asset telemetry aligns to Endpoint and Compute_Inventory evidence.",https://eur-lex.europa.eu/eli/reg/2016/679/oj/eng,"Framework control area classified to DIG governance capability, then capability mapped to discovered Splunk CIM datamodel.",DIG seed - review recommended,"Endpoint Monitoring: Host, endpoint and asset telemetry aligns to Endpoint and Compute_Inventory evidence.",2026-06-11T15:26:33Z
GDPR,Regulation (EU) 2016/679,Art 25 - Data Protection by Design and Default,Art 25,Endpoint Monitoring,Endpoint,Medium-High,High,Medium-High,"Retain raw events where required for investigation, audit evidence, breach analysis, or operational validation.",Keep searchable for security operations and evidence review; archive per policy thereafter,Do not filter governance-relevant fields before indexing; consider selective edge reduction only after validating required evidence.,Tier 2,"endpoint, system, host, device, process, workload, inventory","Host, endpoint and asset telemetry aligns to Endpoint and Compute_Inventory evidence.",https://eur-lex.europa.eu/eli/reg/2016/679/oj/eng,"Framework control area classified to DIG governance capability, then capability mapped to discovered Splunk CIM datamodel.",DIG seed - review recommended,"Endpoint Monitoring: Host, endpoint and asset telemetry aligns to Endpoint and Compute_Inventory evidence.",2026-06-11T15:26:33Z
GDPR,Regulation (EU) 2016/679,Art 30 - Records of Processing Activities,Art 30,Application and Service Resilience,Application_State,Medium,Medium,Medium,"Retain raw events where required for investigation, audit evidence, breach analysis, or operational validation.",Keep searchable where operational resilience evidence is required; archive per policy thereafter,Do not filter governance-relevant fields before indexing; consider selective edge reduction only after validating required evidence.,Tier 2,"availability, resilience, performance, service, application, database, processing integrity","Operational resilience and service health controls align to application, performance, JVM, database and messaging telemetry.",https://eur-lex.europa.eu/eli/reg/2016/679/oj/eng,"Framework control area classified to DIG governance capability, then capability mapped to discovered Splunk CIM datamodel.",DIG seed - review recommended,"Application and Service Resilience: Operational resilience and service health controls align to application, performance, JVM, database and messaging telemetry.",2026-06-11T15:26:33Z
GDPR,Regulation (EU) 2016/679,Art 30 - Records of Processing Activities,Art 30,Application and Service Resilience,Databases,Medium,Medium,Medium,"Retain raw events where required for investigation, audit evidence, breach analysis, or operational validation.",Keep searchable where operational resilience evidence is required; archive per policy thereafter,Do not filter governance-relevant fields before indexing; consider selective edge reduction only after validating required evidence.,Tier 2,"availability, resilience, performance, service, application, database, processing integrity","Operational resilience and service health controls align to application, performance, JVM, database and messaging telemetry.",https://eur-lex.europa.eu/eli/reg/2016/679/oj/eng,"Framework control area classified to DIG governance capability, then capability mapped to discovered Splunk CIM datamodel.",DIG seed - review recommended,"Application and Service Resilience: Operational resilience and service health controls align to application, performance, JVM, database and messaging telemetry.",2026-06-11T15:26:33Z
GDPR,Regulation (EU) 2016/679,Art 30 - Records of Processing Activities,Art 30,Application and Service Resilience,Interprocess_Messaging,Medium,Medium,Medium,"Retain raw events where required for investigation, audit evidence, breach analysis, or operational validation.",Keep searchable where operational resilience evidence is required; archive per policy thereafter,Do not filter governance-relevant fields before indexing; consider selective edge reduction only after validating required evidence.,Tier 2,"availability, resilience, performance, service, application, database, processing integrity","Operational resilience and service health controls align to application, performance, JVM, database and messaging telemetry.",https://eur-lex.europa.eu/eli/reg/2016/679/oj/eng,"Framework control area classified to DIG governance capability, then capability mapped to discovered Splunk CIM datamodel.",DIG seed - review recommended,"Application and Service Resilience: Operational resilience and service health controls align to application, performance, JVM, database and messaging telemetry.",2026-06-11T15:26:33Z
GDPR,Regulation (EU) 2016/679,Art 30 - Records of Processing Activities,Art 30,Application and Service Resilience,JVM,Medium,Medium,Medium,"Retain raw events where required for investigation, audit evidence, breach analysis, or operational validation.",Keep searchable where operational resilience evidence is required; archive per policy thereafter,Do not filter governance-relevant fields before indexing; consider selective edge reduction only after validating required evidence.,Tier 2,"availability, resilience, performance, service, application, database, processing integrity","Operational resilience and service health controls align to application, performance, JVM, database and messaging telemetry.",https://eur-lex.europa.eu/eli/reg/2016/679/oj/eng,"Framework control area classified to DIG governance capability, then capability mapped to discovered Splunk CIM datamodel.",DIG seed - review recommended,"Application and Service Resilience: Operational resilience and service health controls align to application, performance, JVM, database and messaging telemetry.",2026-06-11T15:26:33Z
GDPR,Regulation (EU) 2016/679,Art 30 - Records of Processing Activities,Art 30,Application and Service Resilience,Performance,Medium,Medium,Medium,"Retain raw events where required for investigation, audit evidence, breach analysis, or operational validation.",Keep searchable where operational resilience evidence is required; archive per policy thereafter,Do not filter governance-relevant fields before indexing; consider selective edge reduction only after validating required evidence.,Tier 2,"availability, resilience, performance, service, application, database, processing integrity","Operational resilience and service health controls align to application, performance, JVM, database and messaging telemetry.",https://eur-lex.europa.eu/eli/reg/2016/679/oj/eng,"Framework control area classified to DIG governance capability, then capability mapped to discovered Splunk CIM datamodel.",DIG seed - review recommended,"Application and Service Resilience: Operational resilience and service health controls align to application, performance, JVM, database and messaging telemetry.",2026-06-11T15:26:33Z
GDPR,Regulation (EU) 2016/679,Art 30 - Records of Processing Activities,Art 30,Data Access Monitoring,DLP,High,Medium,High,"Retain raw events where required for investigation, audit evidence, breach analysis, or operational validation.",Keep searchable for audit/investigation window; archive per policy thereafter,Do not filter governance-relevant fields before indexing; consider selective edge reduction only after validating required evidence.,Tier 1,"data access, sensitive data, cardholder data, personal data, confidentiality, exfiltration",Controls requiring visibility of sensitive data access or loss prevention align to Data_Access and DLP.,https://eur-lex.europa.eu/eli/reg/2016/679/oj/eng,"Framework control area classified to DIG governance capability, then capability mapped to discovered Splunk CIM datamodel.",DIG seed - review recommended,Data Access Monitoring: Controls requiring visibility of sensitive data access or loss prevention align to Data_Access and DLP.,2026-06-11T15:26:33Z
GDPR,Regulation (EU) 2016/679,Art 30 - Records of Processing Activities,Art 30,Data Access Monitoring,Data_Access,High,High,High,"Retain raw events where required for investigation, audit evidence, breach analysis, or operational validation.",Keep searchable for audit/investigation window; archive per policy thereafter,Do not filter governance-relevant fields before indexing; consider selective edge reduction only after validating required evidence.,Tier 1,"data access, sensitive data, cardholder data, personal data, confidentiality, exfiltration",Controls requiring visibility of sensitive data access or loss prevention align to Data_Access and DLP.,https://eur-lex.europa.eu/eli/reg/2016/679/oj/eng,"Framework control area classified to DIG governance capability, then capability mapped to discovered Splunk CIM datamodel.",DIG seed - review recommended,Data Access Monitoring: Controls requiring visibility of sensitive data access or loss prevention align to Data_Access and DLP.,2026-06-11T15:26:33Z
GDPR,Regulation (EU) 2016/679,Art 32 - Security of Processing,Art 32,Authentication Monitoring,Authentication,High,High,High,"Retain raw events where required for investigation, audit evidence, breach analysis, or operational validation.",Keep searchable for audit/investigation window; archive per policy thereafter,Do not filter governance-relevant fields before indexing; consider selective edge reduction only after validating required evidence.,Tier 1,"authentication, logon, login, credentials, MFA, session, access attempt",Access monitoring and authentication evidence aligns directly to Authentication events.,https://eur-lex.europa.eu/eli/reg/2016/679/oj/eng,"Framework control area classified to DIG governance capability, then capability mapped to discovered Splunk CIM datamodel.",DIG seed - review recommended,Authentication Monitoring: Access monitoring and authentication evidence aligns directly to Authentication events.,2026-06-11T15:26:33Z
GDPR,Regulation (EU) 2016/679,Art 32 - Security of Processing,Art 32,Certificate and Crypto Monitoring,Certificates,Medium-High,High,Medium-High,"Retain raw events where required for investigation, audit evidence, breach analysis, or operational validation.",Keep searchable for security operations and evidence review; archive per policy thereafter,Do not filter governance-relevant fields before indexing; consider selective edge reduction only after validating required evidence.,Tier 2,"certificate, cryptography, encryption, key management, TLS",Certificate and cryptographic lifecycle telemetry aligns to Certificates.,https://eur-lex.europa.eu/eli/reg/2016/679/oj/eng,"Framework control area classified to DIG governance capability, then capability mapped to discovered Splunk CIM datamodel.",DIG seed - review recommended,Certificate and Crypto Monitoring: Certificate and cryptographic lifecycle telemetry aligns to Certificates.,2026-06-11T15:26:33Z
GDPR,Regulation (EU) 2016/679,Art 32 - Security of Processing,Art 32,Data Access Monitoring,DLP,High,Medium,High,"Retain raw events where required for investigation, audit evidence, breach analysis, or operational validation.",Keep searchable for audit/investigation window; archive per policy thereafter,Do not filter governance-relevant fields before indexing; consider selective edge reduction only after validating required evidence.,Tier 1,"data access, sensitive data, cardholder data, personal data, confidentiality, exfiltration",Controls requiring visibility of sensitive data access or loss prevention align to Data_Access and DLP.,https://eur-lex.europa.eu/eli/reg/2016/679/oj/eng,"Framework control area classified to DIG governance capability, then capability mapped to discovered Splunk CIM datamodel.",DIG seed - review recommended,Data Access Monitoring: Controls requiring visibility of sensitive data access or loss prevention align to Data_Access and DLP.,2026-06-11T15:26:33Z
GDPR,Regulation (EU) 2016/679,Art 32 - Security of Processing,Art 32,Data Access Monitoring,Data_Access,High,High,High,"Retain raw events where required for investigation, audit evidence, breach analysis, or operational validation.",Keep searchable for audit/investigation window; archive per policy thereafter,Do not filter governance-relevant fields before indexing; consider selective edge reduction only after validating required evidence.,Tier 1,"data access, sensitive data, cardholder data, personal data, confidentiality, exfiltration",Controls requiring visibility of sensitive data access or loss prevention align to Data_Access and DLP.,https://eur-lex.europa.eu/eli/reg/2016/679/oj/eng,"Framework control area classified to DIG governance capability, then capability mapped to discovered Splunk CIM datamodel.",DIG seed - review recommended,Data Access Monitoring: Controls requiring visibility of sensitive data access or loss prevention align to Data_Access and DLP.,2026-06-11T15:26:33Z
GDPR,Regulation (EU) 2016/679,Art 32 - Security of Processing,Art 32,Endpoint Monitoring,Compute_Inventory,Medium-High,Medium,Medium-High,"Retain raw events where required for investigation, audit evidence, breach analysis, or operational validation.",Keep searchable for security operations and evidence review; archive per policy thereafter,Do not filter governance-relevant fields before indexing; consider selective edge reduction only after validating required evidence.,Tier 2,"endpoint, system, host, device, process, workload, inventory","Host, endpoint and asset telemetry aligns to Endpoint and Compute_Inventory evidence.",https://eur-lex.europa.eu/eli/reg/2016/679/oj/eng,"Framework control area classified to DIG governance capability, then capability mapped to discovered Splunk CIM datamodel.",DIG seed - review recommended,"Endpoint Monitoring: Host, endpoint and asset telemetry aligns to Endpoint and Compute_Inventory evidence.",2026-06-11T15:26:33Z
GDPR,Regulation (EU) 2016/679,Art 32 - Security of Processing,Art 32,Endpoint Monitoring,Endpoint,Medium-High,High,Medium-High,"Retain raw events where required for investigation, audit evidence, breach analysis, or operational validation.",Keep searchable for security operations and evidence review; archive per policy thereafter,Do not filter governance-relevant fields before indexing; consider selective edge reduction only after validating required evidence.,Tier 2,"endpoint, system, host, device, process, workload, inventory","Host, endpoint and asset telemetry aligns to Endpoint and Compute_Inventory evidence.",https://eur-lex.europa.eu/eli/reg/2016/679/oj/eng,"Framework control area classified to DIG governance capability, then capability mapped to discovered Splunk CIM datamodel.",DIG seed - review recommended,"Endpoint Monitoring: Host, endpoint and asset telemetry aligns to Endpoint and Compute_Inventory evidence.",2026-06-11T15:26:33Z
GDPR,Regulation (EU) 2016/679,Art 32 - Security of Processing,Art 32,Network Monitoring,Network_Resolution,High,Medium,High,"Retain raw events where required for investigation, audit evidence, breach analysis, or operational validation.",Keep searchable for audit/investigation window; archive per policy thereafter,Do not filter governance-relevant fields before indexing; consider selective edge reduction only after validating required evidence.,Tier 1,"network, traffic, connections, communications, DNS, segmentation, perimeter","Network communication and name-resolution monitoring aligns to network traffic, sessions and resolution datamodels.",https://eur-lex.europa.eu/eli/reg/2016/679/oj/eng,"Framework control area classified to DIG governance capability, then capability mapped to discovered Splunk CIM datamodel.",DIG seed - review recommended,"Network Monitoring: Network communication and name-resolution monitoring aligns to network traffic, sessions and resolution datamodels.",2026-06-11T15:26:33Z
GDPR,Regulation (EU) 2016/679,Art 32 - Security of Processing,Art 32,Network Monitoring,Network_Sessions,High,Medium,High,"Retain raw events where required for investigation, audit evidence, breach analysis, or operational validation.",Keep searchable for audit/investigation window; archive per policy thereafter,Do not filter governance-relevant fields before indexing; consider selective edge reduction only after validating required evidence.,Tier 1,"network, traffic, connections, communications, DNS, segmentation, perimeter","Network communication and name-resolution monitoring aligns to network traffic, sessions and resolution datamodels.",https://eur-lex.europa.eu/eli/reg/2016/679/oj/eng,"Framework control area classified to DIG governance capability, then capability mapped to discovered Splunk CIM datamodel.",DIG seed - review recommended,"Network Monitoring: Network communication and name-resolution monitoring aligns to network traffic, sessions and resolution datamodels.",2026-06-11T15:26:33Z
GDPR,Regulation (EU) 2016/679,Art 32 - Security of Processing,Art 32,Network Monitoring,Network_Traffic,High,High,High,"Retain raw events where required for investigation, audit evidence, breach analysis, or operational validation.",Keep searchable for audit/investigation window; archive per policy thereafter,Do not filter governance-relevant fields before indexing; consider selective edge reduction only after validating required evidence.,Tier 1,"network, traffic, connections, communications, DNS, segmentation, perimeter","Network communication and name-resolution monitoring aligns to network traffic, sessions and resolution datamodels.",https://eur-lex.europa.eu/eli/reg/2016/679/oj/eng,"Framework control area classified to DIG governance capability, then capability mapped to discovered Splunk CIM datamodel.",DIG seed - review recommended,"Network Monitoring: Network communication and name-resolution monitoring aligns to network traffic, sessions and resolution datamodels.",2026-06-11T15:26:33Z
GDPR,Regulation (EU) 2016/679,Art 32 - Security of Processing,Art 32,Vulnerability Management,Updates,Medium-High,Medium,Medium-High,"Retain raw events where required for investigation, audit evidence, breach analysis, or operational validation.",Keep searchable for security operations and evidence review; archive per policy thereafter,Do not filter governance-relevant fields before indexing; consider selective edge reduction only after validating required evidence.,Tier 1,"vulnerability, patching, remediation, updates, weaknesses",Vulnerability discovery and remediation evidence aligns to Vulnerabilities and Updates.,https://eur-lex.europa.eu/eli/reg/2016/679/oj/eng,"Framework control area classified to DIG governance capability, then capability mapped to discovered Splunk CIM datamodel.",DIG seed - review recommended,Vulnerability Management: Vulnerability discovery and remediation evidence aligns to Vulnerabilities and Updates.,2026-06-11T15:26:33Z
GDPR,Regulation (EU) 2016/679,Art 32 - Security of Processing,Art 32,Vulnerability Management,Vulnerabilities,Medium-High,High,Medium-High,"Retain raw events where required for investigation, audit evidence, breach analysis, or operational validation.",Keep searchable for security operations and evidence review; archive per policy thereafter,Do not filter governance-relevant fields before indexing; consider selective edge reduction only after validating required evidence.,Tier 1,"vulnerability, patching, remediation, updates, weaknesses",Vulnerability discovery and remediation evidence aligns to Vulnerabilities and Updates.,https://eur-lex.europa.eu/eli/reg/2016/679/oj/eng,"Framework control area classified to DIG governance capability, then capability mapped to discovered Splunk CIM datamodel.",DIG seed - review recommended,Vulnerability Management: Vulnerability discovery and remediation evidence aligns to Vulnerabilities and Updates.,2026-06-11T15:26:33Z
GDPR,Regulation (EU) 2016/679,Art 33 - Personal Data Breach Notification,Art 33,Alerting and Detection,Alerts,High,High,High,"Retain raw events where required for investigation, audit evidence, breach analysis, or operational validation.",Keep searchable for audit/investigation window; archive per policy thereafter,Do not filter governance-relevant fields before indexing; consider selective edge reduction only after validating required evidence.,Tier 1,"alerts, detection, monitoring, intrusion, events, signatures","Detection and alerting outcomes align to Alerts, Intrusion_Detection and Event_Signatures.",https://eur-lex.europa.eu/eli/reg/2016/679/oj/eng,"Framework control area classified to DIG governance capability, then capability mapped to discovered Splunk CIM datamodel.",DIG seed - review recommended,"Alerting and Detection: Detection and alerting outcomes align to Alerts, Intrusion_Detection and Event_Signatures.",2026-06-11T15:26:33Z
GDPR,Regulation (EU) 2016/679,Art 33 - Personal Data Breach Notification,Art 33,Alerting and Detection,Event_Signatures,High,Medium,High,"Retain raw events where required for investigation, audit evidence, breach analysis, or operational validation.",Keep searchable for audit/investigation window; archive per policy thereafter,Do not filter governance-relevant fields before indexing; consider selective edge reduction only after validating required evidence.,Tier 1,"alerts, detection, monitoring, intrusion, events, signatures","Detection and alerting outcomes align to Alerts, Intrusion_Detection and Event_Signatures.",https://eur-lex.europa.eu/eli/reg/2016/679/oj/eng,"Framework control area classified to DIG governance capability, then capability mapped to discovered Splunk CIM datamodel.",DIG seed - review recommended,"Alerting and Detection: Detection and alerting outcomes align to Alerts, Intrusion_Detection and Event_Signatures.",2026-06-11T15:26:33Z
GDPR,Regulation (EU) 2016/679,Art 33 - Personal Data Breach Notification,Art 33,Alerting and Detection,Intrusion_Detection,High,Medium,High,"Retain raw events where required for investigation, audit evidence, breach analysis, or operational validation.",Keep searchable for audit/investigation window; archive per policy thereafter,Do not filter governance-relevant fields before indexing; consider selective edge reduction only after validating required evidence.,Tier 1,"alerts, detection, monitoring, intrusion, events, signatures","Detection and alerting outcomes align to Alerts, Intrusion_Detection and Event_Signatures.",https://eur-lex.europa.eu/eli/reg/2016/679/oj/eng,"Framework control area classified to DIG governance capability, then capability mapped to discovered Splunk CIM datamodel.",DIG seed - review recommended,"Alerting and Detection: Detection and alerting outcomes align to Alerts, Intrusion_Detection and Event_Signatures.",2026-06-11T15:26:33Z
GDPR,Regulation (EU) 2016/679,Art 33 - Personal Data Breach Notification,Art 33,Data Access Monitoring,DLP,High,Medium,High,"Retain raw events where required for investigation, audit evidence, breach analysis, or operational validation.",Keep searchable for audit/investigation window; archive per policy thereafter,Do not filter governance-relevant fields before indexing; consider selective edge reduction only after validating required evidence.,Tier 1,"data access, sensitive data, cardholder data, personal data, confidentiality, exfiltration",Controls requiring visibility of sensitive data access or loss prevention align to Data_Access and DLP.,https://eur-lex.europa.eu/eli/reg/2016/679/oj/eng,"Framework control area classified to DIG governance capability, then capability mapped to discovered Splunk CIM datamodel.",DIG seed - review recommended,Data Access Monitoring: Controls requiring visibility of sensitive data access or loss prevention align to Data_Access and DLP.,2026-06-11T15:26:33Z
GDPR,Regulation (EU) 2016/679,Art 33 - Personal Data Breach Notification,Art 33,Data Access Monitoring,Data_Access,High,High,High,"Retain raw events where required for investigation, audit evidence, breach analysis, or operational validation.",Keep searchable for audit/investigation window; archive per policy thereafter,Do not filter governance-relevant fields before indexing; consider selective edge reduction only after validating required evidence.,Tier 1,"data access, sensitive data, cardholder data, personal data, confidentiality, exfiltration",Controls requiring visibility of sensitive data access or loss prevention align to Data_Access and DLP.,https://eur-lex.europa.eu/eli/reg/2016/679/oj/eng,"Framework control area classified to DIG governance capability, then capability mapped to discovered Splunk CIM datamodel.",DIG seed - review recommended,Data Access Monitoring: Controls requiring visibility of sensitive data access or loss prevention align to Data_Access and DLP.,2026-06-11T15:26:33Z
GDPR,Regulation (EU) 2016/679,Art 33 - Personal Data Breach Notification,Art 33,Incident and Case Management,Alerts,High,High,High,"Retain raw events where required for investigation, audit evidence, breach analysis, or operational validation.",Keep searchable for audit/investigation window; archive per policy thereafter,Do not filter governance-relevant fields before indexing; consider selective edge reduction only after validating required evidence.,Tier 1,"incident, response, case, escalation, ticket, reporting",Incident response and case-handling evidence aligns to Ticket_Management and Alerts.,https://eur-lex.europa.eu/eli/reg/2016/679/oj/eng,"Framework control area classified to DIG governance capability, then capability mapped to discovered Splunk CIM datamodel.",DIG seed - review recommended,Incident and Case Management: Incident response and case-handling evidence aligns to Ticket_Management and Alerts.,2026-06-11T15:26:33Z
GDPR,Regulation (EU) 2016/679,Art 33 - Personal Data Breach Notification,Art 33,Incident and Case Management,Ticket_Management,High,High,High,"Retain raw events where required for investigation, audit evidence, breach analysis, or operational validation.",Keep searchable for audit/investigation window; archive per policy thereafter,Do not filter governance-relevant fields before indexing; consider selective edge reduction only after validating required evidence.,Tier 1,"incident, response, case, escalation, ticket, reporting",Incident response and case-handling evidence aligns to Ticket_Management and Alerts.,https://eur-lex.europa.eu/eli/reg/2016/679/oj/eng,"Framework control area classified to DIG governance capability, then capability mapped to discovered Splunk CIM datamodel.",DIG seed - review recommended,Incident and Case Management: Incident response and case-handling evidence aligns to Ticket_Management and Alerts.,2026-06-11T15:26:33Z
GDPR,Regulation (EU) 2016/679,Art 34 - Communication of Personal Data Breach,Art 34,Data Access Monitoring,DLP,High,Medium,High,"Retain raw events where required for investigation, audit evidence, breach analysis, or operational validation.",Keep searchable for audit/investigation window; archive per policy thereafter,Do not filter governance-relevant fields before indexing; consider selective edge reduction only after validating required evidence.,Tier 1,"data access, sensitive data, cardholder data, personal data, confidentiality, exfiltration",Controls requiring visibility of sensitive data access or loss prevention align to Data_Access and DLP.,https://eur-lex.europa.eu/eli/reg/2016/679/oj/eng,"Framework control area classified to DIG governance capability, then capability mapped to discovered Splunk CIM datamodel.",DIG seed - review recommended,Data Access Monitoring: Controls requiring visibility of sensitive data access or loss prevention align to Data_Access and DLP.,2026-06-11T15:26:33Z
GDPR,Regulation (EU) 2016/679,Art 34 - Communication of Personal Data Breach,Art 34,Data Access Monitoring,Data_Access,High,High,High,"Retain raw events where required for investigation, audit evidence, breach analysis, or operational validation.",Keep searchable for audit/investigation window; archive per policy thereafter,Do not filter governance-relevant fields before indexing; consider selective edge reduction only after validating required evidence.,Tier 1,"data access, sensitive data, cardholder data, personal data, confidentiality, exfiltration",Controls requiring visibility of sensitive data access or loss prevention align to Data_Access and DLP.,https://eur-lex.europa.eu/eli/reg/2016/679/oj/eng,"Framework control area classified to DIG governance capability, then capability mapped to discovered Splunk CIM datamodel.",DIG seed - review recommended,Data Access Monitoring: Controls requiring visibility of sensitive data access or loss prevention align to Data_Access and DLP.,2026-06-11T15:26:33Z
GDPR,Regulation (EU) 2016/679,Art 34 - Communication of Personal Data Breach,Art 34,Incident and Case Management,Alerts,High,High,High,"Retain raw events where required for investigation, audit evidence, breach analysis, or operational validation.",Keep searchable for audit/investigation window; archive per policy thereafter,Do not filter governance-relevant fields before indexing; consider selective edge reduction only after validating required evidence.,Tier 1,"incident, response, case, escalation, ticket, reporting",Incident response and case-handling evidence aligns to Ticket_Management and Alerts.,https://eur-lex.europa.eu/eli/reg/2016/679/oj/eng,"Framework control area classified to DIG governance capability, then capability mapped to discovered Splunk CIM datamodel.",DIG seed - review recommended,Incident and Case Management: Incident response and case-handling evidence aligns to Ticket_Management and Alerts.,2026-06-11T15:26:33Z
GDPR,Regulation (EU) 2016/679,Art 34 - Communication of Personal Data Breach,Art 34,Incident and Case Management,Ticket_Management,High,High,High,"Retain raw events where required for investigation, audit evidence, breach analysis, or operational validation.",Keep searchable for audit/investigation window; archive per policy thereafter,Do not filter governance-relevant fields before indexing; consider selective edge reduction only after validating required evidence.,Tier 1,"incident, response, case, escalation, ticket, reporting",Incident response and case-handling evidence aligns to Ticket_Management and Alerts.,https://eur-lex.europa.eu/eli/reg/2016/679/oj/eng,"Framework control area classified to DIG governance capability, then capability mapped to discovered Splunk CIM datamodel.",DIG seed - review recommended,Incident and Case Management: Incident response and case-handling evidence aligns to Ticket_Management and Alerts.,2026-06-11T15:26:33Z
GDPR,Regulation (EU) 2016/679,Art 5 - Integrity and Confidentiality,Art 5,Authentication Monitoring,Authentication,High,High,High,"Retain raw events where required for investigation, audit evidence, breach analysis, or operational validation.",Keep searchable for audit/investigation window; archive per policy thereafter,Do not filter governance-relevant fields before indexing; consider selective edge reduction only after validating required evidence.,Tier 1,"authentication, logon, login, credentials, MFA, session, access attempt",Access monitoring and authentication evidence aligns directly to Authentication events.,https://eur-lex.europa.eu/eli/reg/2016/679/oj/eng,"Framework control area classified to DIG governance capability, then capability mapped to discovered Splunk CIM datamodel.",DIG seed - review recommended,Authentication Monitoring: Access monitoring and authentication evidence aligns directly to Authentication events.,2026-06-11T15:26:33Z
GDPR,Regulation (EU) 2016/679,Art 5 - Integrity and Confidentiality,Art 5,Change Monitoring,Change,Medium-High,High,Medium-High,"Retain raw events where required for investigation, audit evidence, breach analysis, or operational validation.",Keep searchable for security operations and evidence review; archive per policy thereafter,Do not filter governance-relevant fields before indexing; consider selective edge reduction only after validating required evidence.,Tier 2,"change, configuration, system changes, modification, integrity",Configuration and system modification evidence aligns to Change and Change_Analysis.,https://eur-lex.europa.eu/eli/reg/2016/679/oj/eng,"Framework control area classified to DIG governance capability, then capability mapped to discovered Splunk CIM datamodel.",DIG seed - review recommended,Change Monitoring: Configuration and system modification evidence aligns to Change and Change_Analysis.,2026-06-11T15:26:33Z
GDPR,Regulation (EU) 2016/679,Art 5 - Integrity and Confidentiality,Art 5,Change Monitoring,Change_Analysis,Medium-High,Medium,Medium-High,"Retain raw events where required for investigation, audit evidence, breach analysis, or operational validation.",Keep searchable for security operations and evidence review; archive per policy thereafter,Do not filter governance-relevant fields before indexing; consider selective edge reduction only after validating required evidence.,Tier 2,"change, configuration, system changes, modification, integrity",Configuration and system modification evidence aligns to Change and Change_Analysis.,https://eur-lex.europa.eu/eli/reg/2016/679/oj/eng,"Framework control area classified to DIG governance capability, then capability mapped to discovered Splunk CIM datamodel.",DIG seed - review recommended,Change Monitoring: Configuration and system modification evidence aligns to Change and Change_Analysis.,2026-06-11T15:26:33Z
GDPR,Regulation (EU) 2016/679,Art 5 - Integrity and Confidentiality,Art 5,Data Access Monitoring,DLP,High,Medium,High,"Retain raw events where required for investigation, audit evidence, breach analysis, or operational validation.",Keep searchable for audit/investigation window; archive per policy thereafter,Do not filter governance-relevant fields before indexing; consider selective edge reduction only after validating required evidence.,Tier 1,"data access, sensitive data, cardholder data, personal data, confidentiality, exfiltration",Controls requiring visibility of sensitive data access or loss prevention align to Data_Access and DLP.,https://eur-lex.europa.eu/eli/reg/2016/679/oj/eng,"Framework control area classified to DIG governance capability, then capability mapped to discovered Splunk CIM datamodel.",DIG seed - review recommended,Data Access Monitoring: Controls requiring visibility of sensitive data access or loss prevention align to Data_Access and DLP.,2026-06-11T15:26:33Z
GDPR,Regulation (EU) 2016/679,Art 5 - Integrity and Confidentiality,Art 5,Data Access Monitoring,Data_Access,High,High,High,"Retain raw events where required for investigation, audit evidence, breach analysis, or operational validation.",Keep searchable for audit/investigation window; archive per policy thereafter,Do not filter governance-relevant fields before indexing; consider selective edge reduction only after validating required evidence.,Tier 1,"data access, sensitive data, cardholder data, personal data, confidentiality, exfiltration",Controls requiring visibility of sensitive data access or loss prevention align to Data_Access and DLP.,https://eur-lex.europa.eu/eli/reg/2016/679/oj/eng,"Framework control area classified to DIG governance capability, then capability mapped to discovered Splunk CIM datamodel.",DIG seed - review recommended,Data Access Monitoring: Controls requiring visibility of sensitive data access or loss prevention align to Data_Access and DLP.,2026-06-11T15:26:33Z
ISO 27001,ISO/IEC 27001:2022,A.5 - Organizational Controls,A.5,Change Monitoring,Change,Medium-High,High,Medium-High,"Retain raw events where required for investigation, audit evidence, breach analysis, or operational validation.",Keep searchable for security operations and evidence review; archive per policy thereafter,Do not filter governance-relevant fields before indexing; consider selective edge reduction only after validating required evidence.,Tier 2,"change, configuration, system changes, modification, integrity",Configuration and system modification evidence aligns to Change and Change_Analysis.,https://www.iso.org/standard/27001,"Framework control area classified to DIG governance capability, then capability mapped to discovered Splunk CIM datamodel.",DIG seed - review recommended,Change Monitoring: Configuration and system modification evidence aligns to Change and Change_Analysis.,2026-06-11T15:26:33Z
ISO 27001,ISO/IEC 27001:2022,A.5 - Organizational Controls,A.5,Change Monitoring,Change_Analysis,Medium-High,Medium,Medium-High,"Retain raw events where required for investigation, audit evidence, breach analysis, or operational validation.",Keep searchable for security operations and evidence review; archive per policy thereafter,Do not filter governance-relevant fields before indexing; consider selective edge reduction only after validating required evidence.,Tier 2,"change, configuration, system changes, modification, integrity",Configuration and system modification evidence aligns to Change and Change_Analysis.,https://www.iso.org/standard/27001,"Framework control area classified to DIG governance capability, then capability mapped to discovered Splunk CIM datamodel.",DIG seed - review recommended,Change Monitoring: Configuration and system modification evidence aligns to Change and Change_Analysis.,2026-06-11T15:26:33Z
ISO 27001,ISO/IEC 27001:2022,A.5 - Organizational Controls,A.5,Incident and Case Management,Alerts,High,High,High,"Retain raw events where required for investigation, audit evidence, breach analysis, or operational validation.",Keep searchable for audit/investigation window; archive per policy thereafter,Do not filter governance-relevant fields before indexing; consider selective edge reduction only after validating required evidence.,Tier 1,"incident, response, case, escalation, ticket, reporting",Incident response and case-handling evidence aligns to Ticket_Management and Alerts.,https://www.iso.org/standard/27001,"Framework control area classified to DIG governance capability, then capability mapped to discovered Splunk CIM datamodel.",DIG seed - review recommended,Incident and Case Management: Incident response and case-handling evidence aligns to Ticket_Management and Alerts.,2026-06-11T15:26:33Z
ISO 27001,ISO/IEC 27001:2022,A.5 - Organizational Controls,A.5,Incident and Case Management,Ticket_Management,High,High,High,"Retain raw events where required for investigation, audit evidence, breach analysis, or operational validation.",Keep searchable for audit/investigation window; archive per policy thereafter,Do not filter governance-relevant fields before indexing; consider selective edge reduction only after validating required evidence.,Tier 1,"incident, response, case, escalation, ticket, reporting",Incident response and case-handling evidence aligns to Ticket_Management and Alerts.,https://www.iso.org/standard/27001,"Framework control area classified to DIG governance capability, then capability mapped to discovered Splunk CIM datamodel.",DIG seed - review recommended,Incident and Case Management: Incident response and case-handling evidence aligns to Ticket_Management and Alerts.,2026-06-11T15:26:33Z
ISO 27001,ISO/IEC 27001:2022,A.5.15-A.5.18 - Access Control and Identity,A.5.15-A.5.18,Authentication Monitoring,Authentication,High,High,High,"Retain raw events where required for investigation, audit evidence, breach analysis, or operational validation.",Keep searchable for audit/investigation window; archive per policy thereafter,Do not filter governance-relevant fields before indexing; consider selective edge reduction only after validating required evidence.,Tier 1,"authentication, logon, login, credentials, MFA, session, access attempt",Access monitoring and authentication evidence aligns directly to Authentication events.,https://www.iso.org/standard/27001,"Framework control area classified to DIG governance capability, then capability mapped to discovered Splunk CIM datamodel.",DIG seed - review recommended,Authentication Monitoring: Access monitoring and authentication evidence aligns directly to Authentication events.,2026-06-11T15:26:33Z
ISO 27001,ISO/IEC 27001:2022,A.5.15-A.5.18 - Access Control and Identity,A.5.15-A.5.18,Data Access Monitoring,DLP,High,Medium,High,"Retain raw events where required for investigation, audit evidence, breach analysis, or operational validation.",Keep searchable for audit/investigation window; archive per policy thereafter,Do not filter governance-relevant fields before indexing; consider selective edge reduction only after validating required evidence.,Tier 1,"data access, sensitive data, cardholder data, personal data, confidentiality, exfiltration",Controls requiring visibility of sensitive data access or loss prevention align to Data_Access and DLP.,https://www.iso.org/standard/27001,"Framework control area classified to DIG governance capability, then capability mapped to discovered Splunk CIM datamodel.",DIG seed - review recommended,Data Access Monitoring: Controls requiring visibility of sensitive data access or loss prevention align to Data_Access and DLP.,2026-06-11T15:26:33Z
ISO 27001,ISO/IEC 27001:2022,A.5.15-A.5.18 - Access Control and Identity,A.5.15-A.5.18,Data Access Monitoring,Data_Access,High,High,High,"Retain raw events where required for investigation, audit evidence, breach analysis, or operational validation.",Keep searchable for audit/investigation window; archive per policy thereafter,Do not filter governance-relevant fields before indexing; consider selective edge reduction only after validating required evidence.,Tier 1,"data access, sensitive data, cardholder data, personal data, confidentiality, exfiltration",Controls requiring visibility of sensitive data access or loss prevention align to Data_Access and DLP.,https://www.iso.org/standard/27001,"Framework control area classified to DIG governance capability, then capability mapped to discovered Splunk CIM datamodel.",DIG seed - review recommended,Data Access Monitoring: Controls requiring visibility of sensitive data access or loss prevention align to Data_Access and DLP.,2026-06-11T15:26:33Z
ISO 27001,ISO/IEC 27001:2022,A.5.15-A.5.18 - Access Control and Identity,A.5.15-A.5.18,Privileged Access Monitoring,Authentication,High,High,High,"Retain raw events where required for investigation, audit evidence, breach analysis, or operational validation.",Keep searchable for audit/investigation window; archive per policy thereafter,Do not filter governance-relevant fields before indexing; consider selective edge reduction only after validating required evidence.,Tier 1,"privileged access, administrator, remote access, account activity, access rights",Privileged activity requires authentication context and often administrative change evidence.,https://www.iso.org/standard/27001,"Framework control area classified to DIG governance capability, then capability mapped to discovered Splunk CIM datamodel.",DIG seed - review recommended,Privileged Access Monitoring: Privileged activity requires authentication context and often administrative change evidence.,2026-06-11T15:26:33Z
ISO 27001,ISO/IEC 27001:2022,A.5.15-A.5.18 - Access Control and Identity,A.5.15-A.5.18,Privileged Access Monitoring,Change,High,High,High,"Retain raw events where required for investigation, audit evidence, breach analysis, or operational validation.",Keep searchable for audit/investigation window; archive per policy thereafter,Do not filter governance-relevant fields before indexing; consider selective edge reduction only after validating required evidence.,Tier 1,"privileged access, administrator, remote access, account activity, access rights",Privileged activity requires authentication context and often administrative change evidence.,https://www.iso.org/standard/27001,"Framework control area classified to DIG governance capability, then capability mapped to discovered Splunk CIM datamodel.",DIG seed - review recommended,Privileged Access Monitoring: Privileged activity requires authentication context and often administrative change evidence.,2026-06-11T15:26:33Z
ISO 27001,ISO/IEC 27001:2022,A.5.23 - Cloud Services Security,A.5.23,Application and Service Resilience,Application_State,Medium,Medium,Medium,"Retain raw events where required for investigation, audit evidence, breach analysis, or operational validation.",Keep searchable where operational resilience evidence is required; archive per policy thereafter,Do not filter governance-relevant fields before indexing; consider selective edge reduction only after validating required evidence.,Tier 2,"availability, resilience, performance, service, application, database, processing integrity","Operational resilience and service health controls align to application, performance, JVM, database and messaging telemetry.",https://www.iso.org/standard/27001,"Framework control area classified to DIG governance capability, then capability mapped to discovered Splunk CIM datamodel.",DIG seed - review recommended,"Application and Service Resilience: Operational resilience and service health controls align to application, performance, JVM, database and messaging telemetry.",2026-06-11T15:26:33Z
ISO 27001,ISO/IEC 27001:2022,A.5.23 - Cloud Services Security,A.5.23,Application and Service Resilience,Databases,Medium,Medium,Medium,"Retain raw events where required for investigation, audit evidence, breach analysis, or operational validation.",Keep searchable where operational resilience evidence is required; archive per policy thereafter,Do not filter governance-relevant fields before indexing; consider selective edge reduction only after validating required evidence.,Tier 2,"availability, resilience, performance, service, application, database, processing integrity","Operational resilience and service health controls align to application, performance, JVM, database and messaging telemetry.",https://www.iso.org/standard/27001,"Framework control area classified to DIG governance capability, then capability mapped to discovered Splunk CIM datamodel.",DIG seed - review recommended,"Application and Service Resilience: Operational resilience and service health controls align to application, performance, JVM, database and messaging telemetry.",2026-06-11T15:26:33Z
ISO 27001,ISO/IEC 27001:2022,A.5.23 - Cloud Services Security,A.5.23,Application and Service Resilience,Interprocess_Messaging,Medium,Medium,Medium,"Retain raw events where required for investigation, audit evidence, breach analysis, or operational validation.",Keep searchable where operational resilience evidence is required; archive per policy thereafter,Do not filter governance-relevant fields before indexing; consider selective edge reduction only after validating required evidence.,Tier 2,"availability, resilience, performance, service, application, database, processing integrity","Operational resilience and service health controls align to application, performance, JVM, database and messaging telemetry.",https://www.iso.org/standard/27001,"Framework control area classified to DIG governance capability, then capability mapped to discovered Splunk CIM datamodel.",DIG seed - review recommended,"Application and Service Resilience: Operational resilience and service health controls align to application, performance, JVM, database and messaging telemetry.",2026-06-11T15:26:33Z
ISO 27001,ISO/IEC 27001:2022,A.5.23 - Cloud Services Security,A.5.23,Application and Service Resilience,JVM,Medium,Medium,Medium,"Retain raw events where required for investigation, audit evidence, breach analysis, or operational validation.",Keep searchable where operational resilience evidence is required; archive per policy thereafter,Do not filter governance-relevant fields before indexing; consider selective edge reduction only after validating required evidence.,Tier 2,"availability, resilience, performance, service, application, database, processing integrity","Operational resilience and service health controls align to application, performance, JVM, database and messaging telemetry.",https://www.iso.org/standard/27001,"Framework control area classified to DIG governance capability, then capability mapped to discovered Splunk CIM datamodel.",DIG seed - review recommended,"Application and Service Resilience: Operational resilience and service health controls align to application, performance, JVM, database and messaging telemetry.",2026-06-11T15:26:33Z
ISO 27001,ISO/IEC 27001:2022,A.5.23 - Cloud Services Security,A.5.23,Application and Service Resilience,Performance,Medium,Medium,Medium,"Retain raw events where required for investigation, audit evidence, breach analysis, or operational validation.",Keep searchable where operational resilience evidence is required; archive per policy thereafter,Do not filter governance-relevant fields before indexing; consider selective edge reduction only after validating required evidence.,Tier 2,"availability, resilience, performance, service, application, database, processing integrity","Operational resilience and service health controls align to application, performance, JVM, database and messaging telemetry.",https://www.iso.org/standard/27001,"Framework control area classified to DIG governance capability, then capability mapped to discovered Splunk CIM datamodel.",DIG seed - review recommended,"Application and Service Resilience: Operational resilience and service health controls align to application, performance, JVM, database and messaging telemetry.",2026-06-11T15:26:33Z
ISO 27001,ISO/IEC 27001:2022,A.5.23 - Cloud Services Security,A.5.23,Authentication Monitoring,Authentication,High,High,High,"Retain raw events where required for investigation, audit evidence, breach analysis, or operational validation.",Keep searchable for audit/investigation window; archive per policy thereafter,Do not filter governance-relevant fields before indexing; consider selective edge reduction only after validating required evidence.,Tier 1,"authentication, logon, login, credentials, MFA, session, access attempt",Access monitoring and authentication evidence aligns directly to Authentication events.,https://www.iso.org/standard/27001,"Framework control area classified to DIG governance capability, then capability mapped to discovered Splunk CIM datamodel.",DIG seed - review recommended,Authentication Monitoring: Access monitoring and authentication evidence aligns directly to Authentication events.,2026-06-11T15:26:33Z
ISO 27001,ISO/IEC 27001:2022,A.5.23 - Cloud Services Security,A.5.23,Network Monitoring,Network_Resolution,High,Medium,High,"Retain raw events where required for investigation, audit evidence, breach analysis, or operational validation.",Keep searchable for audit/investigation window; archive per policy thereafter,Do not filter governance-relevant fields before indexing; consider selective edge reduction only after validating required evidence.,Tier 1,"network, traffic, connections, communications, DNS, segmentation, perimeter","Network communication and name-resolution monitoring aligns to network traffic, sessions and resolution datamodels.",https://www.iso.org/standard/27001,"Framework control area classified to DIG governance capability, then capability mapped to discovered Splunk CIM datamodel.",DIG seed - review recommended,"Network Monitoring: Network communication and name-resolution monitoring aligns to network traffic, sessions and resolution datamodels.",2026-06-11T15:26:33Z
ISO 27001,ISO/IEC 27001:2022,A.5.23 - Cloud Services Security,A.5.23,Network Monitoring,Network_Sessions,High,Medium,High,"Retain raw events where required for investigation, audit evidence, breach analysis, or operational validation.",Keep searchable for audit/investigation window; archive per policy thereafter,Do not filter governance-relevant fields before indexing; consider selective edge reduction only after validating required evidence.,Tier 1,"network, traffic, connections, communications, DNS, segmentation, perimeter","Network communication and name-resolution monitoring aligns to network traffic, sessions and resolution datamodels.",https://www.iso.org/standard/27001,"Framework control area classified to DIG governance capability, then capability mapped to discovered Splunk CIM datamodel.",DIG seed - review recommended,"Network Monitoring: Network communication and name-resolution monitoring aligns to network traffic, sessions and resolution datamodels.",2026-06-11T15:26:33Z
ISO 27001,ISO/IEC 27001:2022,A.5.23 - Cloud Services Security,A.5.23,Network Monitoring,Network_Traffic,High,High,High,"Retain raw events where required for investigation, audit evidence, breach analysis, or operational validation.",Keep searchable for audit/investigation window; archive per policy thereafter,Do not filter governance-relevant fields before indexing; consider selective edge reduction only after validating required evidence.,Tier 1,"network, traffic, connections, communications, DNS, segmentation, perimeter","Network communication and name-resolution monitoring aligns to network traffic, sessions and resolution datamodels.",https://www.iso.org/standard/27001,"Framework control area classified to DIG governance capability, then capability mapped to discovered Splunk CIM datamodel.",DIG seed - review recommended,"Network Monitoring: Network communication and name-resolution monitoring aligns to network traffic, sessions and resolution datamodels.",2026-06-11T15:26:33Z
ISO 27001,ISO/IEC 27001:2022,A.5.24-A.5.28 - Incident Management,A.5.24-A.5.28,Alerting and Detection,Alerts,High,High,High,"Retain raw events where required for investigation, audit evidence, breach analysis, or operational validation.",Keep searchable for audit/investigation window; archive per policy thereafter,Do not filter governance-relevant fields before indexing; consider selective edge reduction only after validating required evidence.,Tier 1,"alerts, detection, monitoring, intrusion, events, signatures","Detection and alerting outcomes align to Alerts, Intrusion_Detection and Event_Signatures.",https://www.iso.org/standard/27001,"Framework control area classified to DIG governance capability, then capability mapped to discovered Splunk CIM datamodel.",DIG seed - review recommended,"Alerting and Detection: Detection and alerting outcomes align to Alerts, Intrusion_Detection and Event_Signatures.",2026-06-11T15:26:33Z
ISO 27001,ISO/IEC 27001:2022,A.5.24-A.5.28 - Incident Management,A.5.24-A.5.28,Alerting and Detection,Event_Signatures,High,Medium,High,"Retain raw events where required for investigation, audit evidence, breach analysis, or operational validation.",Keep searchable for audit/investigation window; archive per policy thereafter,Do not filter governance-relevant fields before indexing; consider selective edge reduction only after validating required evidence.,Tier 1,"alerts, detection, monitoring, intrusion, events, signatures","Detection and alerting outcomes align to Alerts, Intrusion_Detection and Event_Signatures.",https://www.iso.org/standard/27001,"Framework control area classified to DIG governance capability, then capability mapped to discovered Splunk CIM datamodel.",DIG seed - review recommended,"Alerting and Detection: Detection and alerting outcomes align to Alerts, Intrusion_Detection and Event_Signatures.",2026-06-11T15:26:33Z
ISO 27001,ISO/IEC 27001:2022,A.5.24-A.5.28 - Incident Management,A.5.24-A.5.28,Alerting and Detection,Intrusion_Detection,High,Medium,High,"Retain raw events where required for investigation, audit evidence, breach analysis, or operational validation.",Keep searchable for audit/investigation window; archive per policy thereafter,Do not filter governance-relevant fields before indexing; consider selective edge reduction only after validating required evidence.,Tier 1,"alerts, detection, monitoring, intrusion, events, signatures","Detection and alerting outcomes align to Alerts, Intrusion_Detection and Event_Signatures.",https://www.iso.org/standard/27001,"Framework control area classified to DIG governance capability, then capability mapped to discovered Splunk CIM datamodel.",DIG seed - review recommended,"Alerting and Detection: Detection and alerting outcomes align to Alerts, Intrusion_Detection and Event_Signatures.",2026-06-11T15:26:33Z
ISO 27001,ISO/IEC 27001:2022,A.5.24-A.5.28 - Incident Management,A.5.24-A.5.28,Incident and Case Management,Alerts,High,High,High,"Retain raw events where required for investigation, audit evidence, breach analysis, or operational validation.",Keep searchable for audit/investigation window; archive per policy thereafter,Do not filter governance-relevant fields before indexing; consider selective edge reduction only after validating required evidence.,Tier 1,"incident, response, case, escalation, ticket, reporting",Incident response and case-handling evidence aligns to Ticket_Management and Alerts.,https://www.iso.org/standard/27001,"Framework control area classified to DIG governance capability, then capability mapped to discovered Splunk CIM datamodel.",DIG seed - review recommended,Incident and Case Management: Incident response and case-handling evidence aligns to Ticket_Management and Alerts.,2026-06-11T15:26:33Z
ISO 27001,ISO/IEC 27001:2022,A.5.24-A.5.28 - Incident Management,A.5.24-A.5.28,Incident and Case Management,Ticket_Management,High,High,High,"Retain raw events where required for investigation, audit evidence, breach analysis, or operational validation.",Keep searchable for audit/investigation window; archive per policy thereafter,Do not filter governance-relevant fields before indexing; consider selective edge reduction only after validating required evidence.,Tier 1,"incident, response, case, escalation, ticket, reporting",Incident response and case-handling evidence aligns to Ticket_Management and Alerts.,https://www.iso.org/standard/27001,"Framework control area classified to DIG governance capability, then capability mapped to discovered Splunk CIM datamodel.",DIG seed - review recommended,Incident and Case Management: Incident response and case-handling evidence aligns to Ticket_Management and Alerts.,2026-06-11T15:26:33Z
ISO 27001,ISO/IEC 27001:2022,A.5.30 - ICT Readiness for Business Continuity,A.5.30,Application and Service Resilience,Application_State,Medium,Medium,Medium,"Retain raw events where required for investigation, audit evidence, breach analysis, or operational validation.",Keep searchable where operational resilience evidence is required; archive per policy thereafter,Do not filter governance-relevant fields before indexing; consider selective edge reduction only after validating required evidence.,Tier 2,"availability, resilience, performance, service, application, database, processing integrity","Operational resilience and service health controls align to application, performance, JVM, database and messaging telemetry.",https://www.iso.org/standard/27001,"Framework control area classified to DIG governance capability, then capability mapped to discovered Splunk CIM datamodel.",DIG seed - review recommended,"Application and Service Resilience: Operational resilience and service health controls align to application, performance, JVM, database and messaging telemetry.",2026-06-11T15:26:33Z
ISO 27001,ISO/IEC 27001:2022,A.5.30 - ICT Readiness for Business Continuity,A.5.30,Application and Service Resilience,Databases,Medium,Medium,Medium,"Retain raw events where required for investigation, audit evidence, breach analysis, or operational validation.",Keep searchable where operational resilience evidence is required; archive per policy thereafter,Do not filter governance-relevant fields before indexing; consider selective edge reduction only after validating required evidence.,Tier 2,"availability, resilience, performance, service, application, database, processing integrity","Operational resilience and service health controls align to application, performance, JVM, database and messaging telemetry.",https://www.iso.org/standard/27001,"Framework control area classified to DIG governance capability, then capability mapped to discovered Splunk CIM datamodel.",DIG seed - review recommended,"Application and Service Resilience: Operational resilience and service health controls align to application, performance, JVM, database and messaging telemetry.",2026-06-11T15:26:33Z
ISO 27001,ISO/IEC 27001:2022,A.5.30 - ICT Readiness for Business Continuity,A.5.30,Application and Service Resilience,Interprocess_Messaging,Medium,Medium,Medium,"Retain raw events where required for investigation, audit evidence, breach analysis, or operational validation.",Keep searchable where operational resilience evidence is required; archive per policy thereafter,Do not filter governance-relevant fields before indexing; consider selective edge reduction only after validating required evidence.,Tier 2,"availability, resilience, performance, service, application, database, processing integrity","Operational resilience and service health controls align to application, performance, JVM, database and messaging telemetry.",https://www.iso.org/standard/27001,"Framework control area classified to DIG governance capability, then capability mapped to discovered Splunk CIM datamodel.",DIG seed - review recommended,"Application and Service Resilience: Operational resilience and service health controls align to application, performance, JVM, database and messaging telemetry.",2026-06-11T15:26:33Z
ISO 27001,ISO/IEC 27001:2022,A.5.30 - ICT Readiness for Business Continuity,A.5.30,Application and Service Resilience,JVM,Medium,Medium,Medium,"Retain raw events where required for investigation, audit evidence, breach analysis, or operational validation.",Keep searchable where operational resilience evidence is required; archive per policy thereafter,Do not filter governance-relevant fields before indexing; consider selective edge reduction only after validating required evidence.,Tier 2,"availability, resilience, performance, service, application, database, processing integrity","Operational resilience and service health controls align to application, performance, JVM, database and messaging telemetry.",https://www.iso.org/standard/27001,"Framework control area classified to DIG governance capability, then capability mapped to discovered Splunk CIM datamodel.",DIG seed - review recommended,"Application and Service Resilience: Operational resilience and service health controls align to application, performance, JVM, database and messaging telemetry.",2026-06-11T15:26:33Z
ISO 27001,ISO/IEC 27001:2022,A.5.30 - ICT Readiness for Business Continuity,A.5.30,Application and Service Resilience,Performance,Medium,Medium,Medium,"Retain raw events where required for investigation, audit evidence, breach analysis, or operational validation.",Keep searchable where operational resilience evidence is required; archive per policy thereafter,Do not filter governance-relevant fields before indexing; consider selective edge reduction only after validating required evidence.,Tier 2,"availability, resilience, performance, service, application, database, processing integrity","Operational resilience and service health controls align to application, performance, JVM, database and messaging telemetry.",https://www.iso.org/standard/27001,"Framework control area classified to DIG governance capability, then capability mapped to discovered Splunk CIM datamodel.",DIG seed - review recommended,"Application and Service Resilience: Operational resilience and service health controls align to application, performance, JVM, database and messaging telemetry.",2026-06-11T15:26:33Z
ISO 27001,ISO/IEC 27001:2022,A.5.30 - ICT Readiness for Business Continuity,A.5.30,Incident and Case Management,Alerts,High,High,High,"Retain raw events where required for investigation, audit evidence, breach analysis, or operational validation.",Keep searchable for audit/investigation window; archive per policy thereafter,Do not filter governance-relevant fields before indexing; consider selective edge reduction only after validating required evidence.,Tier 1,"incident, response, case, escalation, ticket, reporting",Incident response and case-handling evidence aligns to Ticket_Management and Alerts.,https://www.iso.org/standard/27001,"Framework control area classified to DIG governance capability, then capability mapped to discovered Splunk CIM datamodel.",DIG seed - review recommended,Incident and Case Management: Incident response and case-handling evidence aligns to Ticket_Management and Alerts.,2026-06-11T15:26:33Z
ISO 27001,ISO/IEC 27001:2022,A.5.30 - ICT Readiness for Business Continuity,A.5.30,Incident and Case Management,Ticket_Management,High,High,High,"Retain raw events where required for investigation, audit evidence, breach analysis, or operational validation.",Keep searchable for audit/investigation window; archive per policy thereafter,Do not filter governance-relevant fields before indexing; consider selective edge reduction only after validating required evidence.,Tier 1,"incident, response, case, escalation, ticket, reporting",Incident response and case-handling evidence aligns to Ticket_Management and Alerts.,https://www.iso.org/standard/27001,"Framework control area classified to DIG governance capability, then capability mapped to discovered Splunk CIM datamodel.",DIG seed - review recommended,Incident and Case Management: Incident response and case-handling evidence aligns to Ticket_Management and Alerts.,2026-06-11T15:26:33Z
ISO 27001,ISO/IEC 27001:2022,A.8.15-A.8.16 - Logging and Monitoring,A.8.15-A.8.16,Alerting and Detection,Alerts,High,High,High,"Retain raw events where required for investigation, audit evidence, breach analysis, or operational validation.",Keep searchable for audit/investigation window; archive per policy thereafter,Do not filter governance-relevant fields before indexing; consider selective edge reduction only after validating required evidence.,Tier 1,"alerts, detection, monitoring, intrusion, events, signatures","Detection and alerting outcomes align to Alerts, Intrusion_Detection and Event_Signatures.",https://www.iso.org/standard/27001,"Framework control area classified to DIG governance capability, then capability mapped to discovered Splunk CIM datamodel.",DIG seed - review recommended,"Alerting and Detection: Detection and alerting outcomes align to Alerts, Intrusion_Detection and Event_Signatures.",2026-06-11T15:26:33Z
ISO 27001,ISO/IEC 27001:2022,A.8.15-A.8.16 - Logging and Monitoring,A.8.15-A.8.16,Alerting and Detection,Event_Signatures,High,Medium,High,"Retain raw events where required for investigation, audit evidence, breach analysis, or operational validation.",Keep searchable for audit/investigation window; archive per policy thereafter,Do not filter governance-relevant fields before indexing; consider selective edge reduction only after validating required evidence.,Tier 1,"alerts, detection, monitoring, intrusion, events, signatures","Detection and alerting outcomes align to Alerts, Intrusion_Detection and Event_Signatures.",https://www.iso.org/standard/27001,"Framework control area classified to DIG governance capability, then capability mapped to discovered Splunk CIM datamodel.",DIG seed - review recommended,"Alerting and Detection: Detection and alerting outcomes align to Alerts, Intrusion_Detection and Event_Signatures.",2026-06-11T15:26:33Z
ISO 27001,ISO/IEC 27001:2022,A.8.15-A.8.16 - Logging and Monitoring,A.8.15-A.8.16,Alerting and Detection,Intrusion_Detection,High,Medium,High,"Retain raw events where required for investigation, audit evidence, breach analysis, or operational validation.",Keep searchable for audit/investigation window; archive per policy thereafter,Do not filter governance-relevant fields before indexing; consider selective edge reduction only after validating required evidence.,Tier 1,"alerts, detection, monitoring, intrusion, events, signatures","Detection and alerting outcomes align to Alerts, Intrusion_Detection and Event_Signatures.",https://www.iso.org/standard/27001,"Framework control area classified to DIG governance capability, then capability mapped to discovered Splunk CIM datamodel.",DIG seed - review recommended,"Alerting and Detection: Detection and alerting outcomes align to Alerts, Intrusion_Detection and Event_Signatures.",2026-06-11T15:26:33Z
ISO 27001,ISO/IEC 27001:2022,A.8.15-A.8.16 - Logging and Monitoring,A.8.15-A.8.16,Authentication Monitoring,Authentication,High,High,High,"Retain raw events where required for investigation, audit evidence, breach analysis, or operational validation.",Keep searchable for audit/investigation window; archive per policy thereafter,Do not filter governance-relevant fields before indexing; consider selective edge reduction only after validating required evidence.,Tier 1,"authentication, logon, login, credentials, MFA, session, access attempt",Access monitoring and authentication evidence aligns directly to Authentication events.,https://www.iso.org/standard/27001,"Framework control area classified to DIG governance capability, then capability mapped to discovered Splunk CIM datamodel.",DIG seed - review recommended,Authentication Monitoring: Access monitoring and authentication evidence aligns directly to Authentication events.,2026-06-11T15:26:33Z
ISO 27001,ISO/IEC 27001:2022,A.8.15-A.8.16 - Logging and Monitoring,A.8.15-A.8.16,Endpoint Monitoring,Compute_Inventory,Medium-High,Medium,Medium-High,"Retain raw events where required for investigation, audit evidence, breach analysis, or operational validation.",Keep searchable for security operations and evidence review; archive per policy thereafter,Do not filter governance-relevant fields before indexing; consider selective edge reduction only after validating required evidence.,Tier 2,"endpoint, system, host, device, process, workload, inventory","Host, endpoint and asset telemetry aligns to Endpoint and Compute_Inventory evidence.",https://www.iso.org/standard/27001,"Framework control area classified to DIG governance capability, then capability mapped to discovered Splunk CIM datamodel.",DIG seed - review recommended,"Endpoint Monitoring: Host, endpoint and asset telemetry aligns to Endpoint and Compute_Inventory evidence.",2026-06-11T15:26:33Z
ISO 27001,ISO/IEC 27001:2022,A.8.15-A.8.16 - Logging and Monitoring,A.8.15-A.8.16,Endpoint Monitoring,Endpoint,Medium-High,High,Medium-High,"Retain raw events where required for investigation, audit evidence, breach analysis, or operational validation.",Keep searchable for security operations and evidence review; archive per policy thereafter,Do not filter governance-relevant fields before indexing; consider selective edge reduction only after validating required evidence.,Tier 2,"endpoint, system, host, device, process, workload, inventory","Host, endpoint and asset telemetry aligns to Endpoint and Compute_Inventory evidence.",https://www.iso.org/standard/27001,"Framework control area classified to DIG governance capability, then capability mapped to discovered Splunk CIM datamodel.",DIG seed - review recommended,"Endpoint Monitoring: Host, endpoint and asset telemetry aligns to Endpoint and Compute_Inventory evidence.",2026-06-11T15:26:33Z
ISO 27001,ISO/IEC 27001:2022,A.8.15-A.8.16 - Logging and Monitoring,A.8.15-A.8.16,Network Monitoring,Network_Resolution,High,Medium,High,"Retain raw events where required for investigation, audit evidence, breach analysis, or operational validation.",Keep searchable for audit/investigation window; archive per policy thereafter,Do not filter governance-relevant fields before indexing; consider selective edge reduction only after validating required evidence.,Tier 1,"network, traffic, connections, communications, DNS, segmentation, perimeter","Network communication and name-resolution monitoring aligns to network traffic, sessions and resolution datamodels.",https://www.iso.org/standard/27001,"Framework control area classified to DIG governance capability, then capability mapped to discovered Splunk CIM datamodel.",DIG seed - review recommended,"Network Monitoring: Network communication and name-resolution monitoring aligns to network traffic, sessions and resolution datamodels.",2026-06-11T15:26:33Z
ISO 27001,ISO/IEC 27001:2022,A.8.15-A.8.16 - Logging and Monitoring,A.8.15-A.8.16,Network Monitoring,Network_Sessions,High,Medium,High,"Retain raw events where required for investigation, audit evidence, breach analysis, or operational validation.",Keep searchable for audit/investigation window; archive per policy thereafter,Do not filter governance-relevant fields before indexing; consider selective edge reduction only after validating required evidence.,Tier 1,"network, traffic, connections, communications, DNS, segmentation, perimeter","Network communication and name-resolution monitoring aligns to network traffic, sessions and resolution datamodels.",https://www.iso.org/standard/27001,"Framework control area classified to DIG governance capability, then capability mapped to discovered Splunk CIM datamodel.",DIG seed - review recommended,"Network Monitoring: Network communication and name-resolution monitoring aligns to network traffic, sessions and resolution datamodels.",2026-06-11T15:26:33Z
ISO 27001,ISO/IEC 27001:2022,A.8.15-A.8.16 - Logging and Monitoring,A.8.15-A.8.16,Network Monitoring,Network_Traffic,High,High,High,"Retain raw events where required for investigation, audit evidence, breach analysis, or operational validation.",Keep searchable for audit/investigation window; archive per policy thereafter,Do not filter governance-relevant fields before indexing; consider selective edge reduction only after validating required evidence.,Tier 1,"network, traffic, connections, communications, DNS, segmentation, perimeter","Network communication and name-resolution monitoring aligns to network traffic, sessions and resolution datamodels.",https://www.iso.org/standard/27001,"Framework control area classified to DIG governance capability, then capability mapped to discovered Splunk CIM datamodel.",DIG seed - review recommended,"Network Monitoring: Network communication and name-resolution monitoring aligns to network traffic, sessions and resolution datamodels.",2026-06-11T15:26:33Z
ISO 27001,ISO/IEC 27001:2022,A.8.20-A.8.22 - Network Security,A.8.20-A.8.22,Change Monitoring,Change,Medium-High,High,Medium-High,"Retain raw events where required for investigation, audit evidence, breach analysis, or operational validation.",Keep searchable for security operations and evidence review; archive per policy thereafter,Do not filter governance-relevant fields before indexing; consider selective edge reduction only after validating required evidence.,Tier 2,"change, configuration, system changes, modification, integrity",Configuration and system modification evidence aligns to Change and Change_Analysis.,https://www.iso.org/standard/27001,"Framework control area classified to DIG governance capability, then capability mapped to discovered Splunk CIM datamodel.",DIG seed - review recommended,Change Monitoring: Configuration and system modification evidence aligns to Change and Change_Analysis.,2026-06-11T15:26:33Z
ISO 27001,ISO/IEC 27001:2022,A.8.20-A.8.22 - Network Security,A.8.20-A.8.22,Change Monitoring,Change_Analysis,Medium-High,Medium,Medium-High,"Retain raw events where required for investigation, audit evidence, breach analysis, or operational validation.",Keep searchable for security operations and evidence review; archive per policy thereafter,Do not filter governance-relevant fields before indexing; consider selective edge reduction only after validating required evidence.,Tier 2,"change, configuration, system changes, modification, integrity",Configuration and system modification evidence aligns to Change and Change_Analysis.,https://www.iso.org/standard/27001,"Framework control area classified to DIG governance capability, then capability mapped to discovered Splunk CIM datamodel.",DIG seed - review recommended,Change Monitoring: Configuration and system modification evidence aligns to Change and Change_Analysis.,2026-06-11T15:26:33Z
ISO 27001,ISO/IEC 27001:2022,A.8.20-A.8.22 - Network Security,A.8.20-A.8.22,Network Monitoring,Network_Resolution,High,Medium,High,"Retain raw events where required for investigation, audit evidence, breach analysis, or operational validation.",Keep searchable for audit/investigation window; archive per policy thereafter,Do not filter governance-relevant fields before indexing; consider selective edge reduction only after validating required evidence.,Tier 1,"network, traffic, connections, communications, DNS, segmentation, perimeter","Network communication and name-resolution monitoring aligns to network traffic, sessions and resolution datamodels.",https://www.iso.org/standard/27001,"Framework control area classified to DIG governance capability, then capability mapped to discovered Splunk CIM datamodel.",DIG seed - review recommended,"Network Monitoring: Network communication and name-resolution monitoring aligns to network traffic, sessions and resolution datamodels.",2026-06-11T15:26:33Z
ISO 27001,ISO/IEC 27001:2022,A.8.20-A.8.22 - Network Security,A.8.20-A.8.22,Network Monitoring,Network_Sessions,High,Medium,High,"Retain raw events where required for investigation, audit evidence, breach analysis, or operational validation.",Keep searchable for audit/investigation window; archive per policy thereafter,Do not filter governance-relevant fields before indexing; consider selective edge reduction only after validating required evidence.,Tier 1,"network, traffic, connections, communications, DNS, segmentation, perimeter","Network communication and name-resolution monitoring aligns to network traffic, sessions and resolution datamodels.",https://www.iso.org/standard/27001,"Framework control area classified to DIG governance capability, then capability mapped to discovered Splunk CIM datamodel.",DIG seed - review recommended,"Network Monitoring: Network communication and name-resolution monitoring aligns to network traffic, sessions and resolution datamodels.",2026-06-11T15:26:33Z
ISO 27001,ISO/IEC 27001:2022,A.8.20-A.8.22 - Network Security,A.8.20-A.8.22,Network Monitoring,Network_Traffic,High,High,High,"Retain raw events where required for investigation, audit evidence, breach analysis, or operational validation.",Keep searchable for audit/investigation window; archive per policy thereafter,Do not filter governance-relevant fields before indexing; consider selective edge reduction only after validating required evidence.,Tier 1,"network, traffic, connections, communications, DNS, segmentation, perimeter","Network communication and name-resolution monitoring aligns to network traffic, sessions and resolution datamodels.",https://www.iso.org/standard/27001,"Framework control area classified to DIG governance capability, then capability mapped to discovered Splunk CIM datamodel.",DIG seed - review recommended,"Network Monitoring: Network communication and name-resolution monitoring aligns to network traffic, sessions and resolution datamodels.",2026-06-11T15:26:33Z
ISO 27001,ISO/IEC 27001:2022,A.8.24 - Use of Cryptography,A.8.24,Certificate and Crypto Monitoring,Certificates,Medium-High,High,Medium-High,"Retain raw events where required for investigation, audit evidence, breach analysis, or operational validation.",Keep searchable for security operations and evidence review; archive per policy thereafter,Do not filter governance-relevant fields before indexing; consider selective edge reduction only after validating required evidence.,Tier 2,"certificate, cryptography, encryption, key management, TLS",Certificate and cryptographic lifecycle telemetry aligns to Certificates.,https://www.iso.org/standard/27001,"Framework control area classified to DIG governance capability, then capability mapped to discovered Splunk CIM datamodel.",DIG seed - review recommended,Certificate and Crypto Monitoring: Certificate and cryptographic lifecycle telemetry aligns to Certificates.,2026-06-11T15:26:33Z
ISO 27001,ISO/IEC 27001:2022,A.8.7 - Protection Against Malware,A.8.7,Endpoint Monitoring,Compute_Inventory,Medium-High,Medium,Medium-High,"Retain raw events where required for investigation, audit evidence, breach analysis, or operational validation.",Keep searchable for security operations and evidence review; archive per policy thereafter,Do not filter governance-relevant fields before indexing; consider selective edge reduction only after validating required evidence.,Tier 2,"endpoint, system, host, device, process, workload, inventory","Host, endpoint and asset telemetry aligns to Endpoint and Compute_Inventory evidence.",https://www.iso.org/standard/27001,"Framework control area classified to DIG governance capability, then capability mapped to discovered Splunk CIM datamodel.",DIG seed - review recommended,"Endpoint Monitoring: Host, endpoint and asset telemetry aligns to Endpoint and Compute_Inventory evidence.",2026-06-11T15:26:33Z
ISO 27001,ISO/IEC 27001:2022,A.8.7 - Protection Against Malware,A.8.7,Endpoint Monitoring,Endpoint,Medium-High,High,Medium-High,"Retain raw events where required for investigation, audit evidence, breach analysis, or operational validation.",Keep searchable for security operations and evidence review; archive per policy thereafter,Do not filter governance-relevant fields before indexing; consider selective edge reduction only after validating required evidence.,Tier 2,"endpoint, system, host, device, process, workload, inventory","Host, endpoint and asset telemetry aligns to Endpoint and Compute_Inventory evidence.",https://www.iso.org/standard/27001,"Framework control area classified to DIG governance capability, then capability mapped to discovered Splunk CIM datamodel.",DIG seed - review recommended,"Endpoint Monitoring: Host, endpoint and asset telemetry aligns to Endpoint and Compute_Inventory evidence.",2026-06-11T15:26:33Z
ISO 27001,ISO/IEC 27001:2022,A.8.7 - Protection Against Malware,A.8.7,Malware Monitoring,Endpoint,Medium-High,High,Medium-High,"Retain raw events where required for investigation, audit evidence, breach analysis, or operational validation.",Keep searchable for security operations and evidence review; archive per policy thereafter,Do not filter governance-relevant fields before indexing; consider selective edge reduction only after validating required evidence.,Tier 1,"malware, malicious code, anti-malware, malicious activity",Malware detection and protection telemetry aligns to Malware with Endpoint as supporting context.,https://www.iso.org/standard/27001,"Framework control area classified to DIG governance capability, then capability mapped to discovered Splunk CIM datamodel.",DIG seed - review recommended,Malware Monitoring: Malware detection and protection telemetry aligns to Malware with Endpoint as supporting context.,2026-06-11T15:26:33Z
ISO 27001,ISO/IEC 27001:2022,A.8.7 - Protection Against Malware,A.8.7,Malware Monitoring,Malware,Medium-High,High,Medium-High,"Retain raw events where required for investigation, audit evidence, breach analysis, or operational validation.",Keep searchable for security operations and evidence review; archive per policy thereafter,Do not filter governance-relevant fields before indexing; consider selective edge reduction only after validating required evidence.,Tier 1,"malware, malicious code, anti-malware, malicious activity",Malware detection and protection telemetry aligns to Malware with Endpoint as supporting context.,https://www.iso.org/standard/27001,"Framework control area classified to DIG governance capability, then capability mapped to discovered Splunk CIM datamodel.",DIG seed - review recommended,Malware Monitoring: Malware detection and protection telemetry aligns to Malware with Endpoint as supporting context.,2026-06-11T15:26:33Z
ISO 27001,ISO/IEC 27001:2022,A.8.8 - Management of Technical Vulnerabilities,A.8.8,Vulnerability Management,Updates,Medium-High,Medium,Medium-High,"Retain raw events where required for investigation, audit evidence, breach analysis, or operational validation.",Keep searchable for security operations and evidence review; archive per policy thereafter,Do not filter governance-relevant fields before indexing; consider selective edge reduction only after validating required evidence.,Tier 1,"vulnerability, patching, remediation, updates, weaknesses",Vulnerability discovery and remediation evidence aligns to Vulnerabilities and Updates.,https://www.iso.org/standard/27001,"Framework control area classified to DIG governance capability, then capability mapped to discovered Splunk CIM datamodel.",DIG seed - review recommended,Vulnerability Management: Vulnerability discovery and remediation evidence aligns to Vulnerabilities and Updates.,2026-06-11T15:26:33Z
ISO 27001,ISO/IEC 27001:2022,A.8.8 - Management of Technical Vulnerabilities,A.8.8,Vulnerability Management,Vulnerabilities,Medium-High,High,Medium-High,"Retain raw events where required for investigation, audit evidence, breach analysis, or operational validation.",Keep searchable for security operations and evidence review; archive per policy thereafter,Do not filter governance-relevant fields before indexing; consider selective edge reduction only after validating required evidence.,Tier 1,"vulnerability, patching, remediation, updates, weaknesses",Vulnerability discovery and remediation evidence aligns to Vulnerabilities and Updates.,https://www.iso.org/standard/27001,"Framework control area classified to DIG governance capability, then capability mapped to discovered Splunk CIM datamodel.",DIG seed - review recommended,Vulnerability Management: Vulnerability discovery and remediation evidence aligns to Vulnerabilities and Updates.,2026-06-11T15:26:33Z
NIS2,Directive (EU) 2022/2555,Art 21(2)(a) - Risk Analysis and Information System Security,Art 21(2)(a),Change Monitoring,Change,Medium-High,High,Medium-High,"Retain raw events where required for investigation, audit evidence, breach analysis, or operational validation.",Keep searchable for security operations and evidence review; archive per policy thereafter,Do not filter governance-relevant fields before indexing; consider selective edge reduction only after validating required evidence.,Tier 2,"change, configuration, system changes, modification, integrity",Configuration and system modification evidence aligns to Change and Change_Analysis.,https://eur-lex.europa.eu/eli/dir/2022/2555/oj/eng,"Framework control area classified to DIG governance capability, then capability mapped to discovered Splunk CIM datamodel.",DIG seed - review recommended,Change Monitoring: Configuration and system modification evidence aligns to Change and Change_Analysis.,2026-06-11T15:26:33Z
NIS2,Directive (EU) 2022/2555,Art 21(2)(a) - Risk Analysis and Information System Security,Art 21(2)(a),Change Monitoring,Change_Analysis,Medium-High,Medium,Medium-High,"Retain raw events where required for investigation, audit evidence, breach analysis, or operational validation.",Keep searchable for security operations and evidence review; archive per policy thereafter,Do not filter governance-relevant fields before indexing; consider selective edge reduction only after validating required evidence.,Tier 2,"change, configuration, system changes, modification, integrity",Configuration and system modification evidence aligns to Change and Change_Analysis.,https://eur-lex.europa.eu/eli/dir/2022/2555/oj/eng,"Framework control area classified to DIG governance capability, then capability mapped to discovered Splunk CIM datamodel.",DIG seed - review recommended,Change Monitoring: Configuration and system modification evidence aligns to Change and Change_Analysis.,2026-06-11T15:26:33Z
NIS2,Directive (EU) 2022/2555,Art 21(2)(a) - Risk Analysis and Information System Security,Art 21(2)(a),Endpoint Monitoring,Compute_Inventory,Medium-High,Medium,Medium-High,"Retain raw events where required for investigation, audit evidence, breach analysis, or operational validation.",Keep searchable for security operations and evidence review; archive per policy thereafter,Do not filter governance-relevant fields before indexing; consider selective edge reduction only after validating required evidence.,Tier 2,"endpoint, system, host, device, process, workload, inventory","Host, endpoint and asset telemetry aligns to Endpoint and Compute_Inventory evidence.",https://eur-lex.europa.eu/eli/dir/2022/2555/oj/eng,"Framework control area classified to DIG governance capability, then capability mapped to discovered Splunk CIM datamodel.",DIG seed - review recommended,"Endpoint Monitoring: Host, endpoint and asset telemetry aligns to Endpoint and Compute_Inventory evidence.",2026-06-11T15:26:33Z
NIS2,Directive (EU) 2022/2555,Art 21(2)(a) - Risk Analysis and Information System Security,Art 21(2)(a),Endpoint Monitoring,Endpoint,Medium-High,High,Medium-High,"Retain raw events where required for investigation, audit evidence, breach analysis, or operational validation.",Keep searchable for security operations and evidence review; archive per policy thereafter,Do not filter governance-relevant fields before indexing; consider selective edge reduction only after validating required evidence.,Tier 2,"endpoint, system, host, device, process, workload, inventory","Host, endpoint and asset telemetry aligns to Endpoint and Compute_Inventory evidence.",https://eur-lex.europa.eu/eli/dir/2022/2555/oj/eng,"Framework control area classified to DIG governance capability, then capability mapped to discovered Splunk CIM datamodel.",DIG seed - review recommended,"Endpoint Monitoring: Host, endpoint and asset telemetry aligns to Endpoint and Compute_Inventory evidence.",2026-06-11T15:26:33Z
NIS2,Directive (EU) 2022/2555,Art 21(2)(a) - Risk Analysis and Information System Security,Art 21(2)(a),Vulnerability Management,Updates,Medium-High,Medium,Medium-High,"Retain raw events where required for investigation, audit evidence, breach analysis, or operational validation.",Keep searchable for security operations and evidence review; archive per policy thereafter,Do not filter governance-relevant fields before indexing; consider selective edge reduction only after validating required evidence.,Tier 1,"vulnerability, patching, remediation, updates, weaknesses",Vulnerability discovery and remediation evidence aligns to Vulnerabilities and Updates.,https://eur-lex.europa.eu/eli/dir/2022/2555/oj/eng,"Framework control area classified to DIG governance capability, then capability mapped to discovered Splunk CIM datamodel.",DIG seed - review recommended,Vulnerability Management: Vulnerability discovery and remediation evidence aligns to Vulnerabilities and Updates.,2026-06-11T15:26:33Z
NIS2,Directive (EU) 2022/2555,Art 21(2)(a) - Risk Analysis and Information System Security,Art 21(2)(a),Vulnerability Management,Vulnerabilities,Medium-High,High,Medium-High,"Retain raw events where required for investigation, audit evidence, breach analysis, or operational validation.",Keep searchable for security operations and evidence review; archive per policy thereafter,Do not filter governance-relevant fields before indexing; consider selective edge reduction only after validating required evidence.,Tier 1,"vulnerability, patching, remediation, updates, weaknesses",Vulnerability discovery and remediation evidence aligns to Vulnerabilities and Updates.,https://eur-lex.europa.eu/eli/dir/2022/2555/oj/eng,"Framework control area classified to DIG governance capability, then capability mapped to discovered Splunk CIM datamodel.",DIG seed - review recommended,Vulnerability Management: Vulnerability discovery and remediation evidence aligns to Vulnerabilities and Updates.,2026-06-11T15:26:33Z
NIS2,Directive (EU) 2022/2555,Art 21(2)(b) - Incident Handling,Art 21(2)(b),Alerting and Detection,Alerts,High,High,High,"Retain raw events where required for investigation, audit evidence, breach analysis, or operational validation.",Keep searchable for audit/investigation window; archive per policy thereafter,Do not filter governance-relevant fields before indexing; consider selective edge reduction only after validating required evidence.,Tier 1,"alerts, detection, monitoring, intrusion, events, signatures","Detection and alerting outcomes align to Alerts, Intrusion_Detection and Event_Signatures.",https://eur-lex.europa.eu/eli/dir/2022/2555/oj/eng,"Framework control area classified to DIG governance capability, then capability mapped to discovered Splunk CIM datamodel.",DIG seed - review recommended,"Alerting and Detection: Detection and alerting outcomes align to Alerts, Intrusion_Detection and Event_Signatures.",2026-06-11T15:26:33Z
NIS2,Directive (EU) 2022/2555,Art 21(2)(b) - Incident Handling,Art 21(2)(b),Alerting and Detection,Event_Signatures,High,Medium,High,"Retain raw events where required for investigation, audit evidence, breach analysis, or operational validation.",Keep searchable for audit/investigation window; archive per policy thereafter,Do not filter governance-relevant fields before indexing; consider selective edge reduction only after validating required evidence.,Tier 1,"alerts, detection, monitoring, intrusion, events, signatures","Detection and alerting outcomes align to Alerts, Intrusion_Detection and Event_Signatures.",https://eur-lex.europa.eu/eli/dir/2022/2555/oj/eng,"Framework control area classified to DIG governance capability, then capability mapped to discovered Splunk CIM datamodel.",DIG seed - review recommended,"Alerting and Detection: Detection and alerting outcomes align to Alerts, Intrusion_Detection and Event_Signatures.",2026-06-11T15:26:33Z
NIS2,Directive (EU) 2022/2555,Art 21(2)(b) - Incident Handling,Art 21(2)(b),Alerting and Detection,Intrusion_Detection,High,Medium,High,"Retain raw events where required for investigation, audit evidence, breach analysis, or operational validation.",Keep searchable for audit/investigation window; archive per policy thereafter,Do not filter governance-relevant fields before indexing; consider selective edge reduction only after validating required evidence.,Tier 1,"alerts, detection, monitoring, intrusion, events, signatures","Detection and alerting outcomes align to Alerts, Intrusion_Detection and Event_Signatures.",https://eur-lex.europa.eu/eli/dir/2022/2555/oj/eng,"Framework control area classified to DIG governance capability, then capability mapped to discovered Splunk CIM datamodel.",DIG seed - review recommended,"Alerting and Detection: Detection and alerting outcomes align to Alerts, Intrusion_Detection and Event_Signatures.",2026-06-11T15:26:33Z
NIS2,Directive (EU) 2022/2555,Art 21(2)(b) - Incident Handling,Art 21(2)(b),Incident and Case Management,Alerts,High,High,High,"Retain raw events where required for investigation, audit evidence, breach analysis, or operational validation.",Keep searchable for audit/investigation window; archive per policy thereafter,Do not filter governance-relevant fields before indexing; consider selective edge reduction only after validating required evidence.,Tier 1,"incident, response, case, escalation, ticket, reporting",Incident response and case-handling evidence aligns to Ticket_Management and Alerts.,https://eur-lex.europa.eu/eli/dir/2022/2555/oj/eng,"Framework control area classified to DIG governance capability, then capability mapped to discovered Splunk CIM datamodel.",DIG seed - review recommended,Incident and Case Management: Incident response and case-handling evidence aligns to Ticket_Management and Alerts.,2026-06-11T15:26:33Z
NIS2,Directive (EU) 2022/2555,Art 21(2)(b) - Incident Handling,Art 21(2)(b),Incident and Case Management,Ticket_Management,High,High,High,"Retain raw events where required for investigation, audit evidence, breach analysis, or operational validation.",Keep searchable for audit/investigation window; archive per policy thereafter,Do not filter governance-relevant fields before indexing; consider selective edge reduction only after validating required evidence.,Tier 1,"incident, response, case, escalation, ticket, reporting",Incident response and case-handling evidence aligns to Ticket_Management and Alerts.,https://eur-lex.europa.eu/eli/dir/2022/2555/oj/eng,"Framework control area classified to DIG governance capability, then capability mapped to discovered Splunk CIM datamodel.",DIG seed - review recommended,Incident and Case Management: Incident response and case-handling evidence aligns to Ticket_Management and Alerts.,2026-06-11T15:26:33Z
NIS2,Directive (EU) 2022/2555,Art 21(2)(c) - Business Continuity and Crisis Management,Art 21(2)(c),Application and Service Resilience,Application_State,Medium,Medium,Medium,"Retain raw events where required for investigation, audit evidence, breach analysis, or operational validation.",Keep searchable where operational resilience evidence is required; archive per policy thereafter,Do not filter governance-relevant fields before indexing; consider selective edge reduction only after validating required evidence.,Tier 2,"availability, resilience, performance, service, application, database, processing integrity","Operational resilience and service health controls align to application, performance, JVM, database and messaging telemetry.",https://eur-lex.europa.eu/eli/dir/2022/2555/oj/eng,"Framework control area classified to DIG governance capability, then capability mapped to discovered Splunk CIM datamodel.",DIG seed - review recommended,"Application and Service Resilience: Operational resilience and service health controls align to application, performance, JVM, database and messaging telemetry.",2026-06-11T15:26:33Z
NIS2,Directive (EU) 2022/2555,Art 21(2)(c) - Business Continuity and Crisis Management,Art 21(2)(c),Application and Service Resilience,Databases,Medium,Medium,Medium,"Retain raw events where required for investigation, audit evidence, breach analysis, or operational validation.",Keep searchable where operational resilience evidence is required; archive per policy thereafter,Do not filter governance-relevant fields before indexing; consider selective edge reduction only after validating required evidence.,Tier 2,"availability, resilience, performance, service, application, database, processing integrity","Operational resilience and service health controls align to application, performance, JVM, database and messaging telemetry.",https://eur-lex.europa.eu/eli/dir/2022/2555/oj/eng,"Framework control area classified to DIG governance capability, then capability mapped to discovered Splunk CIM datamodel.",DIG seed - review recommended,"Application and Service Resilience: Operational resilience and service health controls align to application, performance, JVM, database and messaging telemetry.",2026-06-11T15:26:33Z
NIS2,Directive (EU) 2022/2555,Art 21(2)(c) - Business Continuity and Crisis Management,Art 21(2)(c),Application and Service Resilience,Interprocess_Messaging,Medium,Medium,Medium,"Retain raw events where required for investigation, audit evidence, breach analysis, or operational validation.",Keep searchable where operational resilience evidence is required; archive per policy thereafter,Do not filter governance-relevant fields before indexing; consider selective edge reduction only after validating required evidence.,Tier 2,"availability, resilience, performance, service, application, database, processing integrity","Operational resilience and service health controls align to application, performance, JVM, database and messaging telemetry.",https://eur-lex.europa.eu/eli/dir/2022/2555/oj/eng,"Framework control area classified to DIG governance capability, then capability mapped to discovered Splunk CIM datamodel.",DIG seed - review recommended,"Application and Service Resilience: Operational resilience and service health controls align to application, performance, JVM, database and messaging telemetry.",2026-06-11T15:26:33Z
NIS2,Directive (EU) 2022/2555,Art 21(2)(c) - Business Continuity and Crisis Management,Art 21(2)(c),Application and Service Resilience,JVM,Medium,Medium,Medium,"Retain raw events where required for investigation, audit evidence, breach analysis, or operational validation.",Keep searchable where operational resilience evidence is required; archive per policy thereafter,Do not filter governance-relevant fields before indexing; consider selective edge reduction only after validating required evidence.,Tier 2,"availability, resilience, performance, service, application, database, processing integrity","Operational resilience and service health controls align to application, performance, JVM, database and messaging telemetry.",https://eur-lex.europa.eu/eli/dir/2022/2555/oj/eng,"Framework control area classified to DIG governance capability, then capability mapped to discovered Splunk CIM datamodel.",DIG seed - review recommended,"Application and Service Resilience: Operational resilience and service health controls align to application, performance, JVM, database and messaging telemetry.",2026-06-11T15:26:33Z
NIS2,Directive (EU) 2022/2555,Art 21(2)(c) - Business Continuity and Crisis Management,Art 21(2)(c),Application and Service Resilience,Performance,Medium,Medium,Medium,"Retain raw events where required for investigation, audit evidence, breach analysis, or operational validation.",Keep searchable where operational resilience evidence is required; archive per policy thereafter,Do not filter governance-relevant fields before indexing; consider selective edge reduction only after validating required evidence.,Tier 2,"availability, resilience, performance, service, application, database, processing integrity","Operational resilience and service health controls align to application, performance, JVM, database and messaging telemetry.",https://eur-lex.europa.eu/eli/dir/2022/2555/oj/eng,"Framework control area classified to DIG governance capability, then capability mapped to discovered Splunk CIM datamodel.",DIG seed - review recommended,"Application and Service Resilience: Operational resilience and service health controls align to application, performance, JVM, database and messaging telemetry.",2026-06-11T15:26:33Z
NIS2,Directive (EU) 2022/2555,Art 21(2)(c) - Business Continuity and Crisis Management,Art 21(2)(c),Incident and Case Management,Alerts,High,High,High,"Retain raw events where required for investigation, audit evidence, breach analysis, or operational validation.",Keep searchable for audit/investigation window; archive per policy thereafter,Do not filter governance-relevant fields before indexing; consider selective edge reduction only after validating required evidence.,Tier 1,"incident, response, case, escalation, ticket, reporting",Incident response and case-handling evidence aligns to Ticket_Management and Alerts.,https://eur-lex.europa.eu/eli/dir/2022/2555/oj/eng,"Framework control area classified to DIG governance capability, then capability mapped to discovered Splunk CIM datamodel.",DIG seed - review recommended,Incident and Case Management: Incident response and case-handling evidence aligns to Ticket_Management and Alerts.,2026-06-11T15:26:33Z
NIS2,Directive (EU) 2022/2555,Art 21(2)(c) - Business Continuity and Crisis Management,Art 21(2)(c),Incident and Case Management,Ticket_Management,High,High,High,"Retain raw events where required for investigation, audit evidence, breach analysis, or operational validation.",Keep searchable for audit/investigation window; archive per policy thereafter,Do not filter governance-relevant fields before indexing; consider selective edge reduction only after validating required evidence.,Tier 1,"incident, response, case, escalation, ticket, reporting",Incident response and case-handling evidence aligns to Ticket_Management and Alerts.,https://eur-lex.europa.eu/eli/dir/2022/2555/oj/eng,"Framework control area classified to DIG governance capability, then capability mapped to discovered Splunk CIM datamodel.",DIG seed - review recommended,Incident and Case Management: Incident response and case-handling evidence aligns to Ticket_Management and Alerts.,2026-06-11T15:26:33Z
NIS2,Directive (EU) 2022/2555,Art 21(2)(d) - Supply Chain Security,Art 21(2)(d),Application and Service Resilience,Application_State,Medium,Medium,Medium,"Retain raw events where required for investigation, audit evidence, breach analysis, or operational validation.",Keep searchable where operational resilience evidence is required; archive per policy thereafter,Do not filter governance-relevant fields before indexing; consider selective edge reduction only after validating required evidence.,Tier 2,"availability, resilience, performance, service, application, database, processing integrity","Operational resilience and service health controls align to application, performance, JVM, database and messaging telemetry.",https://eur-lex.europa.eu/eli/dir/2022/2555/oj/eng,"Framework control area classified to DIG governance capability, then capability mapped to discovered Splunk CIM datamodel.",DIG seed - review recommended,"Application and Service Resilience: Operational resilience and service health controls align to application, performance, JVM, database and messaging telemetry.",2026-06-11T15:26:33Z
NIS2,Directive (EU) 2022/2555,Art 21(2)(d) - Supply Chain Security,Art 21(2)(d),Application and Service Resilience,Databases,Medium,Medium,Medium,"Retain raw events where required for investigation, audit evidence, breach analysis, or operational validation.",Keep searchable where operational resilience evidence is required; archive per policy thereafter,Do not filter governance-relevant fields before indexing; consider selective edge reduction only after validating required evidence.,Tier 2,"availability, resilience, performance, service, application, database, processing integrity","Operational resilience and service health controls align to application, performance, JVM, database and messaging telemetry.",https://eur-lex.europa.eu/eli/dir/2022/2555/oj/eng,"Framework control area classified to DIG governance capability, then capability mapped to discovered Splunk CIM datamodel.",DIG seed - review recommended,"Application and Service Resilience: Operational resilience and service health controls align to application, performance, JVM, database and messaging telemetry.",2026-06-11T15:26:33Z
NIS2,Directive (EU) 2022/2555,Art 21(2)(d) - Supply Chain Security,Art 21(2)(d),Application and Service Resilience,Interprocess_Messaging,Medium,Medium,Medium,"Retain raw events where required for investigation, audit evidence, breach analysis, or operational validation.",Keep searchable where operational resilience evidence is required; archive per policy thereafter,Do not filter governance-relevant fields before indexing; consider selective edge reduction only after validating required evidence.,Tier 2,"availability, resilience, performance, service, application, database, processing integrity","Operational resilience and service health controls align to application, performance, JVM, database and messaging telemetry.",https://eur-lex.europa.eu/eli/dir/2022/2555/oj/eng,"Framework control area classified to DIG governance capability, then capability mapped to discovered Splunk CIM datamodel.",DIG seed - review recommended,"Application and Service Resilience: Operational resilience and service health controls align to application, performance, JVM, database and messaging telemetry.",2026-06-11T15:26:33Z
NIS2,Directive (EU) 2022/2555,Art 21(2)(d) - Supply Chain Security,Art 21(2)(d),Application and Service Resilience,JVM,Medium,Medium,Medium,"Retain raw events where required for investigation, audit evidence, breach analysis, or operational validation.",Keep searchable where operational resilience evidence is required; archive per policy thereafter,Do not filter governance-relevant fields before indexing; consider selective edge reduction only after validating required evidence.,Tier 2,"availability, resilience, performance, service, application, database, processing integrity","Operational resilience and service health controls align to application, performance, JVM, database and messaging telemetry.",https://eur-lex.europa.eu/eli/dir/2022/2555/oj/eng,"Framework control area classified to DIG governance capability, then capability mapped to discovered Splunk CIM datamodel.",DIG seed - review recommended,"Application and Service Resilience: Operational resilience and service health controls align to application, performance, JVM, database and messaging telemetry.",2026-06-11T15:26:33Z
NIS2,Directive (EU) 2022/2555,Art 21(2)(d) - Supply Chain Security,Art 21(2)(d),Application and Service Resilience,Performance,Medium,Medium,Medium,"Retain raw events where required for investigation, audit evidence, breach analysis, or operational validation.",Keep searchable where operational resilience evidence is required; archive per policy thereafter,Do not filter governance-relevant fields before indexing; consider selective edge reduction only after validating required evidence.,Tier 2,"availability, resilience, performance, service, application, database, processing integrity","Operational resilience and service health controls align to application, performance, JVM, database and messaging telemetry.",https://eur-lex.europa.eu/eli/dir/2022/2555/oj/eng,"Framework control area classified to DIG governance capability, then capability mapped to discovered Splunk CIM datamodel.",DIG seed - review recommended,"Application and Service Resilience: Operational resilience and service health controls align to application, performance, JVM, database and messaging telemetry.",2026-06-11T15:26:33Z
NIS2,Directive (EU) 2022/2555,Art 21(2)(d) - Supply Chain Security,Art 21(2)(d),Change Monitoring,Change,Medium-High,High,Medium-High,"Retain raw events where required for investigation, audit evidence, breach analysis, or operational validation.",Keep searchable for security operations and evidence review; archive per policy thereafter,Do not filter governance-relevant fields before indexing; consider selective edge reduction only after validating required evidence.,Tier 2,"change, configuration, system changes, modification, integrity",Configuration and system modification evidence aligns to Change and Change_Analysis.,https://eur-lex.europa.eu/eli/dir/2022/2555/oj/eng,"Framework control area classified to DIG governance capability, then capability mapped to discovered Splunk CIM datamodel.",DIG seed - review recommended,Change Monitoring: Configuration and system modification evidence aligns to Change and Change_Analysis.,2026-06-11T15:26:33Z
NIS2,Directive (EU) 2022/2555,Art 21(2)(d) - Supply Chain Security,Art 21(2)(d),Change Monitoring,Change_Analysis,Medium-High,Medium,Medium-High,"Retain raw events where required for investigation, audit evidence, breach analysis, or operational validation.",Keep searchable for security operations and evidence review; archive per policy thereafter,Do not filter governance-relevant fields before indexing; consider selective edge reduction only after validating required evidence.,Tier 2,"change, configuration, system changes, modification, integrity",Configuration and system modification evidence aligns to Change and Change_Analysis.,https://eur-lex.europa.eu/eli/dir/2022/2555/oj/eng,"Framework control area classified to DIG governance capability, then capability mapped to discovered Splunk CIM datamodel.",DIG seed - review recommended,Change Monitoring: Configuration and system modification evidence aligns to Change and Change_Analysis.,2026-06-11T15:26:33Z
NIS2,Directive (EU) 2022/2555,Art 21(2)(e) - Acquisition Development and Maintenance Security,Art 21(2)(e),Change Monitoring,Change,Medium-High,High,Medium-High,"Retain raw events where required for investigation, audit evidence, breach analysis, or operational validation.",Keep searchable for security operations and evidence review; archive per policy thereafter,Do not filter governance-relevant fields before indexing; consider selective edge reduction only after validating required evidence.,Tier 2,"change, configuration, system changes, modification, integrity",Configuration and system modification evidence aligns to Change and Change_Analysis.,https://eur-lex.europa.eu/eli/dir/2022/2555/oj/eng,"Framework control area classified to DIG governance capability, then capability mapped to discovered Splunk CIM datamodel.",DIG seed - review recommended,Change Monitoring: Configuration and system modification evidence aligns to Change and Change_Analysis.,2026-06-11T15:26:33Z
NIS2,Directive (EU) 2022/2555,Art 21(2)(e) - Acquisition Development and Maintenance Security,Art 21(2)(e),Change Monitoring,Change_Analysis,Medium-High,Medium,Medium-High,"Retain raw events where required for investigation, audit evidence, breach analysis, or operational validation.",Keep searchable for security operations and evidence review; archive per policy thereafter,Do not filter governance-relevant fields before indexing; consider selective edge reduction only after validating required evidence.,Tier 2,"change, configuration, system changes, modification, integrity",Configuration and system modification evidence aligns to Change and Change_Analysis.,https://eur-lex.europa.eu/eli/dir/2022/2555/oj/eng,"Framework control area classified to DIG governance capability, then capability mapped to discovered Splunk CIM datamodel.",DIG seed - review recommended,Change Monitoring: Configuration and system modification evidence aligns to Change and Change_Analysis.,2026-06-11T15:26:33Z
NIS2,Directive (EU) 2022/2555,Art 21(2)(e) - Acquisition Development and Maintenance Security,Art 21(2)(e),Vulnerability Management,Updates,Medium-High,Medium,Medium-High,"Retain raw events where required for investigation, audit evidence, breach analysis, or operational validation.",Keep searchable for security operations and evidence review; archive per policy thereafter,Do not filter governance-relevant fields before indexing; consider selective edge reduction only after validating required evidence.,Tier 1,"vulnerability, patching, remediation, updates, weaknesses",Vulnerability discovery and remediation evidence aligns to Vulnerabilities and Updates.,https://eur-lex.europa.eu/eli/dir/2022/2555/oj/eng,"Framework control area classified to DIG governance capability, then capability mapped to discovered Splunk CIM datamodel.",DIG seed - review recommended,Vulnerability Management: Vulnerability discovery and remediation evidence aligns to Vulnerabilities and Updates.,2026-06-11T15:26:33Z
NIS2,Directive (EU) 2022/2555,Art 21(2)(e) - Acquisition Development and Maintenance Security,Art 21(2)(e),Vulnerability Management,Vulnerabilities,Medium-High,High,Medium-High,"Retain raw events where required for investigation, audit evidence, breach analysis, or operational validation.",Keep searchable for security operations and evidence review; archive per policy thereafter,Do not filter governance-relevant fields before indexing; consider selective edge reduction only after validating required evidence.,Tier 1,"vulnerability, patching, remediation, updates, weaknesses",Vulnerability discovery and remediation evidence aligns to Vulnerabilities and Updates.,https://eur-lex.europa.eu/eli/dir/2022/2555/oj/eng,"Framework control area classified to DIG governance capability, then capability mapped to discovered Splunk CIM datamodel.",DIG seed - review recommended,Vulnerability Management: Vulnerability discovery and remediation evidence aligns to Vulnerabilities and Updates.,2026-06-11T15:26:33Z
NIS2,Directive (EU) 2022/2555,Art 21(2)(f) - Effectiveness Assessment,Art 21(2)(f),Alerting and Detection,Alerts,High,High,High,"Retain raw events where required for investigation, audit evidence, breach analysis, or operational validation.",Keep searchable for audit/investigation window; archive per policy thereafter,Do not filter governance-relevant fields before indexing; consider selective edge reduction only after validating required evidence.,Tier 1,"alerts, detection, monitoring, intrusion, events, signatures","Detection and alerting outcomes align to Alerts, Intrusion_Detection and Event_Signatures.",https://eur-lex.europa.eu/eli/dir/2022/2555/oj/eng,"Framework control area classified to DIG governance capability, then capability mapped to discovered Splunk CIM datamodel.",DIG seed - review recommended,"Alerting and Detection: Detection and alerting outcomes align to Alerts, Intrusion_Detection and Event_Signatures.",2026-06-11T15:26:33Z
NIS2,Directive (EU) 2022/2555,Art 21(2)(f) - Effectiveness Assessment,Art 21(2)(f),Alerting and Detection,Event_Signatures,High,Medium,High,"Retain raw events where required for investigation, audit evidence, breach analysis, or operational validation.",Keep searchable for audit/investigation window; archive per policy thereafter,Do not filter governance-relevant fields before indexing; consider selective edge reduction only after validating required evidence.,Tier 1,"alerts, detection, monitoring, intrusion, events, signatures","Detection and alerting outcomes align to Alerts, Intrusion_Detection and Event_Signatures.",https://eur-lex.europa.eu/eli/dir/2022/2555/oj/eng,"Framework control area classified to DIG governance capability, then capability mapped to discovered Splunk CIM datamodel.",DIG seed - review recommended,"Alerting and Detection: Detection and alerting outcomes align to Alerts, Intrusion_Detection and Event_Signatures.",2026-06-11T15:26:33Z
NIS2,Directive (EU) 2022/2555,Art 21(2)(f) - Effectiveness Assessment,Art 21(2)(f),Alerting and Detection,Intrusion_Detection,High,Medium,High,"Retain raw events where required for investigation, audit evidence, breach analysis, or operational validation.",Keep searchable for audit/investigation window; archive per policy thereafter,Do not filter governance-relevant fields before indexing; consider selective edge reduction only after validating required evidence.,Tier 1,"alerts, detection, monitoring, intrusion, events, signatures","Detection and alerting outcomes align to Alerts, Intrusion_Detection and Event_Signatures.",https://eur-lex.europa.eu/eli/dir/2022/2555/oj/eng,"Framework control area classified to DIG governance capability, then capability mapped to discovered Splunk CIM datamodel.",DIG seed - review recommended,"Alerting and Detection: Detection and alerting outcomes align to Alerts, Intrusion_Detection and Event_Signatures.",2026-06-11T15:26:33Z
NIS2,Directive (EU) 2022/2555,Art 21(2)(f) - Effectiveness Assessment,Art 21(2)(f),Vulnerability Management,Updates,Medium-High,Medium,Medium-High,"Retain raw events where required for investigation, audit evidence, breach analysis, or operational validation.",Keep searchable for security operations and evidence review; archive per policy thereafter,Do not filter governance-relevant fields before indexing; consider selective edge reduction only after validating required evidence.,Tier 1,"vulnerability, patching, remediation, updates, weaknesses",Vulnerability discovery and remediation evidence aligns to Vulnerabilities and Updates.,https://eur-lex.europa.eu/eli/dir/2022/2555/oj/eng,"Framework control area classified to DIG governance capability, then capability mapped to discovered Splunk CIM datamodel.",DIG seed - review recommended,Vulnerability Management: Vulnerability discovery and remediation evidence aligns to Vulnerabilities and Updates.,2026-06-11T15:26:33Z
NIS2,Directive (EU) 2022/2555,Art 21(2)(f) - Effectiveness Assessment,Art 21(2)(f),Vulnerability Management,Vulnerabilities,Medium-High,High,Medium-High,"Retain raw events where required for investigation, audit evidence, breach analysis, or operational validation.",Keep searchable for security operations and evidence review; archive per policy thereafter,Do not filter governance-relevant fields before indexing; consider selective edge reduction only after validating required evidence.,Tier 1,"vulnerability, patching, remediation, updates, weaknesses",Vulnerability discovery and remediation evidence aligns to Vulnerabilities and Updates.,https://eur-lex.europa.eu/eli/dir/2022/2555/oj/eng,"Framework control area classified to DIG governance capability, then capability mapped to discovered Splunk CIM datamodel.",DIG seed - review recommended,Vulnerability Management: Vulnerability discovery and remediation evidence aligns to Vulnerabilities and Updates.,2026-06-11T15:26:33Z
NIS2,Directive (EU) 2022/2555,Art 21(2)(g) - Cyber Hygiene and Training,Art 21(2)(g),Authentication Monitoring,Authentication,High,High,High,"Retain raw events where required for investigation, audit evidence, breach analysis, or operational validation.",Keep searchable for audit/investigation window; archive per policy thereafter,Do not filter governance-relevant fields before indexing; consider selective edge reduction only after validating required evidence.,Tier 1,"authentication, logon, login, credentials, MFA, session, access attempt",Access monitoring and authentication evidence aligns directly to Authentication events.,https://eur-lex.europa.eu/eli/dir/2022/2555/oj/eng,"Framework control area classified to DIG governance capability, then capability mapped to discovered Splunk CIM datamodel.",DIG seed - review recommended,Authentication Monitoring: Access monitoring and authentication evidence aligns directly to Authentication events.,2026-06-11T15:26:33Z
NIS2,Directive (EU) 2022/2555,Art 21(2)(g) - Cyber Hygiene and Training,Art 21(2)(g),Endpoint Monitoring,Compute_Inventory,Medium-High,Medium,Medium-High,"Retain raw events where required for investigation, audit evidence, breach analysis, or operational validation.",Keep searchable for security operations and evidence review; archive per policy thereafter,Do not filter governance-relevant fields before indexing; consider selective edge reduction only after validating required evidence.,Tier 2,"endpoint, system, host, device, process, workload, inventory","Host, endpoint and asset telemetry aligns to Endpoint and Compute_Inventory evidence.",https://eur-lex.europa.eu/eli/dir/2022/2555/oj/eng,"Framework control area classified to DIG governance capability, then capability mapped to discovered Splunk CIM datamodel.",DIG seed - review recommended,"Endpoint Monitoring: Host, endpoint and asset telemetry aligns to Endpoint and Compute_Inventory evidence.",2026-06-11T15:26:33Z
NIS2,Directive (EU) 2022/2555,Art 21(2)(g) - Cyber Hygiene and Training,Art 21(2)(g),Endpoint Monitoring,Endpoint,Medium-High,High,Medium-High,"Retain raw events where required for investigation, audit evidence, breach analysis, or operational validation.",Keep searchable for security operations and evidence review; archive per policy thereafter,Do not filter governance-relevant fields before indexing; consider selective edge reduction only after validating required evidence.,Tier 2,"endpoint, system, host, device, process, workload, inventory","Host, endpoint and asset telemetry aligns to Endpoint and Compute_Inventory evidence.",https://eur-lex.europa.eu/eli/dir/2022/2555/oj/eng,"Framework control area classified to DIG governance capability, then capability mapped to discovered Splunk CIM datamodel.",DIG seed - review recommended,"Endpoint Monitoring: Host, endpoint and asset telemetry aligns to Endpoint and Compute_Inventory evidence.",2026-06-11T15:26:33Z
NIS2,Directive (EU) 2022/2555,Art 21(2)(h) - Cryptography and Encryption,Art 21(2)(h),Certificate and Crypto Monitoring,Certificates,Medium-High,High,Medium-High,"Retain raw events where required for investigation, audit evidence, breach analysis, or operational validation.",Keep searchable for security operations and evidence review; archive per policy thereafter,Do not filter governance-relevant fields before indexing; consider selective edge reduction only after validating required evidence.,Tier 2,"certificate, cryptography, encryption, key management, TLS",Certificate and cryptographic lifecycle telemetry aligns to Certificates.,https://eur-lex.europa.eu/eli/dir/2022/2555/oj/eng,"Framework control area classified to DIG governance capability, then capability mapped to discovered Splunk CIM datamodel.",DIG seed - review recommended,Certificate and Crypto Monitoring: Certificate and cryptographic lifecycle telemetry aligns to Certificates.,2026-06-11T15:26:33Z
NIS2,Directive (EU) 2022/2555,Art 21(2)(h) - Cryptography and Encryption,Art 21(2)(h),Data Access Monitoring,DLP,High,Medium,High,"Retain raw events where required for investigation, audit evidence, breach analysis, or operational validation.",Keep searchable for audit/investigation window; archive per policy thereafter,Do not filter governance-relevant fields before indexing; consider selective edge reduction only after validating required evidence.,Tier 1,"data access, sensitive data, cardholder data, personal data, confidentiality, exfiltration",Controls requiring visibility of sensitive data access or loss prevention align to Data_Access and DLP.,https://eur-lex.europa.eu/eli/dir/2022/2555/oj/eng,"Framework control area classified to DIG governance capability, then capability mapped to discovered Splunk CIM datamodel.",DIG seed - review recommended,Data Access Monitoring: Controls requiring visibility of sensitive data access or loss prevention align to Data_Access and DLP.,2026-06-11T15:26:33Z
NIS2,Directive (EU) 2022/2555,Art 21(2)(h) - Cryptography and Encryption,Art 21(2)(h),Data Access Monitoring,Data_Access,High,High,High,"Retain raw events where required for investigation, audit evidence, breach analysis, or operational validation.",Keep searchable for audit/investigation window; archive per policy thereafter,Do not filter governance-relevant fields before indexing; consider selective edge reduction only after validating required evidence.,Tier 1,"data access, sensitive data, cardholder data, personal data, confidentiality, exfiltration",Controls requiring visibility of sensitive data access or loss prevention align to Data_Access and DLP.,https://eur-lex.europa.eu/eli/dir/2022/2555/oj/eng,"Framework control area classified to DIG governance capability, then capability mapped to discovered Splunk CIM datamodel.",DIG seed - review recommended,Data Access Monitoring: Controls requiring visibility of sensitive data access or loss prevention align to Data_Access and DLP.,2026-06-11T15:26:33Z
NIS2,Directive (EU) 2022/2555,Art 21(2)(i) - HR Security Access Control and Asset Management,Art 21(2)(i),Authentication Monitoring,Authentication,High,High,High,"Retain raw events where required for investigation, audit evidence, breach analysis, or operational validation.",Keep searchable for audit/investigation window; archive per policy thereafter,Do not filter governance-relevant fields before indexing; consider selective edge reduction only after validating required evidence.,Tier 1,"authentication, logon, login, credentials, MFA, session, access attempt",Access monitoring and authentication evidence aligns directly to Authentication events.,https://eur-lex.europa.eu/eli/dir/2022/2555/oj/eng,"Framework control area classified to DIG governance capability, then capability mapped to discovered Splunk CIM datamodel.",DIG seed - review recommended,Authentication Monitoring: Access monitoring and authentication evidence aligns directly to Authentication events.,2026-06-11T15:26:33Z
NIS2,Directive (EU) 2022/2555,Art 21(2)(i) - HR Security Access Control and Asset Management,Art 21(2)(i),Endpoint Monitoring,Compute_Inventory,Medium-High,Medium,Medium-High,"Retain raw events where required for investigation, audit evidence, breach analysis, or operational validation.",Keep searchable for security operations and evidence review; archive per policy thereafter,Do not filter governance-relevant fields before indexing; consider selective edge reduction only after validating required evidence.,Tier 2,"endpoint, system, host, device, process, workload, inventory","Host, endpoint and asset telemetry aligns to Endpoint and Compute_Inventory evidence.",https://eur-lex.europa.eu/eli/dir/2022/2555/oj/eng,"Framework control area classified to DIG governance capability, then capability mapped to discovered Splunk CIM datamodel.",DIG seed - review recommended,"Endpoint Monitoring: Host, endpoint and asset telemetry aligns to Endpoint and Compute_Inventory evidence.",2026-06-11T15:26:33Z
NIS2,Directive (EU) 2022/2555,Art 21(2)(i) - HR Security Access Control and Asset Management,Art 21(2)(i),Endpoint Monitoring,Endpoint,Medium-High,High,Medium-High,"Retain raw events where required for investigation, audit evidence, breach analysis, or operational validation.",Keep searchable for security operations and evidence review; archive per policy thereafter,Do not filter governance-relevant fields before indexing; consider selective edge reduction only after validating required evidence.,Tier 2,"endpoint, system, host, device, process, workload, inventory","Host, endpoint and asset telemetry aligns to Endpoint and Compute_Inventory evidence.",https://eur-lex.europa.eu/eli/dir/2022/2555/oj/eng,"Framework control area classified to DIG governance capability, then capability mapped to discovered Splunk CIM datamodel.",DIG seed - review recommended,"Endpoint Monitoring: Host, endpoint and asset telemetry aligns to Endpoint and Compute_Inventory evidence.",2026-06-11T15:26:33Z
NIS2,Directive (EU) 2022/2555,Art 21(2)(i) - HR Security Access Control and Asset Management,Art 21(2)(i),Privileged Access Monitoring,Authentication,High,High,High,"Retain raw events where required for investigation, audit evidence, breach analysis, or operational validation.",Keep searchable for audit/investigation window; archive per policy thereafter,Do not filter governance-relevant fields before indexing; consider selective edge reduction only after validating required evidence.,Tier 1,"privileged access, administrator, remote access, account activity, access rights",Privileged activity requires authentication context and often administrative change evidence.,https://eur-lex.europa.eu/eli/dir/2022/2555/oj/eng,"Framework control area classified to DIG governance capability, then capability mapped to discovered Splunk CIM datamodel.",DIG seed - review recommended,Privileged Access Monitoring: Privileged activity requires authentication context and often administrative change evidence.,2026-06-11T15:26:33Z
NIS2,Directive (EU) 2022/2555,Art 21(2)(i) - HR Security Access Control and Asset Management,Art 21(2)(i),Privileged Access Monitoring,Change,High,High,High,"Retain raw events where required for investigation, audit evidence, breach analysis, or operational validation.",Keep searchable for audit/investigation window; archive per policy thereafter,Do not filter governance-relevant fields before indexing; consider selective edge reduction only after validating required evidence.,Tier 1,"privileged access, administrator, remote access, account activity, access rights",Privileged activity requires authentication context and often administrative change evidence.,https://eur-lex.europa.eu/eli/dir/2022/2555/oj/eng,"Framework control area classified to DIG governance capability, then capability mapped to discovered Splunk CIM datamodel.",DIG seed - review recommended,Privileged Access Monitoring: Privileged activity requires authentication context and often administrative change evidence.,2026-06-11T15:26:33Z
NIS2,Directive (EU) 2022/2555,Art 21(2)(j) - MFA and Secure Communications,Art 21(2)(j),Authentication Monitoring,Authentication,High,High,High,"Retain raw events where required for investigation, audit evidence, breach analysis, or operational validation.",Keep searchable for audit/investigation window; archive per policy thereafter,Do not filter governance-relevant fields before indexing; consider selective edge reduction only after validating required evidence.,Tier 1,"authentication, logon, login, credentials, MFA, session, access attempt",Access monitoring and authentication evidence aligns directly to Authentication events.,https://eur-lex.europa.eu/eli/dir/2022/2555/oj/eng,"Framework control area classified to DIG governance capability, then capability mapped to discovered Splunk CIM datamodel.",DIG seed - review recommended,Authentication Monitoring: Access monitoring and authentication evidence aligns directly to Authentication events.,2026-06-11T15:26:33Z
NIS2,Directive (EU) 2022/2555,Art 21(2)(j) - MFA and Secure Communications,Art 21(2)(j),Certificate and Crypto Monitoring,Certificates,Medium-High,High,Medium-High,"Retain raw events where required for investigation, audit evidence, breach analysis, or operational validation.",Keep searchable for security operations and evidence review; archive per policy thereafter,Do not filter governance-relevant fields before indexing; consider selective edge reduction only after validating required evidence.,Tier 2,"certificate, cryptography, encryption, key management, TLS",Certificate and cryptographic lifecycle telemetry aligns to Certificates.,https://eur-lex.europa.eu/eli/dir/2022/2555/oj/eng,"Framework control area classified to DIG governance capability, then capability mapped to discovered Splunk CIM datamodel.",DIG seed - review recommended,Certificate and Crypto Monitoring: Certificate and cryptographic lifecycle telemetry aligns to Certificates.,2026-06-11T15:26:33Z
NIS2,Directive (EU) 2022/2555,Art 21(2)(j) - MFA and Secure Communications,Art 21(2)(j),Email Monitoring,Email,Medium-High,High,Medium-High,"Retain raw events where required for investigation, audit evidence, breach analysis, or operational validation.",Keep searchable for security operations and evidence review; archive per policy thereafter,Do not filter governance-relevant fields before indexing; consider selective edge reduction only after validating required evidence.,Tier 2,"email, phishing, mail, messaging",Email security and communication monitoring aligns directly to Email telemetry.,https://eur-lex.europa.eu/eli/dir/2022/2555/oj/eng,"Framework control area classified to DIG governance capability, then capability mapped to discovered Splunk CIM datamodel.",DIG seed - review recommended,Email Monitoring: Email security and communication monitoring aligns directly to Email telemetry.,2026-06-11T15:26:33Z
NIST CSF 2.0,2.0,DE.CM - Continuous Monitoring,DE.CM,Alerting and Detection,Alerts,High,High,High,"Retain raw events where required for investigation, audit evidence, breach analysis, or operational validation.",Keep searchable for audit/investigation window; archive per policy thereafter,Do not filter governance-relevant fields before indexing; consider selective edge reduction only after validating required evidence.,Tier 1,"alerts, detection, monitoring, intrusion, events, signatures","Detection and alerting outcomes align to Alerts, Intrusion_Detection and Event_Signatures.",https://nvlpubs.nist.gov/nistpubs/CSWP/NIST.CSWP.29.pdf,"Framework control area classified to DIG governance capability, then capability mapped to discovered Splunk CIM datamodel.",DIG seed - review recommended,"Alerting and Detection: Detection and alerting outcomes align to Alerts, Intrusion_Detection and Event_Signatures.",2026-06-11T15:26:33Z
NIST CSF 2.0,2.0,DE.CM - Continuous Monitoring,DE.CM,Alerting and Detection,Event_Signatures,High,Medium,High,"Retain raw events where required for investigation, audit evidence, breach analysis, or operational validation.",Keep searchable for audit/investigation window; archive per policy thereafter,Do not filter governance-relevant fields before indexing; consider selective edge reduction only after validating required evidence.,Tier 1,"alerts, detection, monitoring, intrusion, events, signatures","Detection and alerting outcomes align to Alerts, Intrusion_Detection and Event_Signatures.",https://nvlpubs.nist.gov/nistpubs/CSWP/NIST.CSWP.29.pdf,"Framework control area classified to DIG governance capability, then capability mapped to discovered Splunk CIM datamodel.",DIG seed - review recommended,"Alerting and Detection: Detection and alerting outcomes align to Alerts, Intrusion_Detection and Event_Signatures.",2026-06-11T15:26:33Z
NIST CSF 2.0,2.0,DE.CM - Continuous Monitoring,DE.CM,Alerting and Detection,Intrusion_Detection,High,Medium,High,"Retain raw events where required for investigation, audit evidence, breach analysis, or operational validation.",Keep searchable for audit/investigation window; archive per policy thereafter,Do not filter governance-relevant fields before indexing; consider selective edge reduction only after validating required evidence.,Tier 1,"alerts, detection, monitoring, intrusion, events, signatures","Detection and alerting outcomes align to Alerts, Intrusion_Detection and Event_Signatures.",https://nvlpubs.nist.gov/nistpubs/CSWP/NIST.CSWP.29.pdf,"Framework control area classified to DIG governance capability, then capability mapped to discovered Splunk CIM datamodel.",DIG seed - review recommended,"Alerting and Detection: Detection and alerting outcomes align to Alerts, Intrusion_Detection and Event_Signatures.",2026-06-11T15:26:33Z
NIST CSF 2.0,2.0,DE.CM - Continuous Monitoring,DE.CM,Authentication Monitoring,Authentication,High,High,High,"Retain raw events where required for investigation, audit evidence, breach analysis, or operational validation.",Keep searchable for audit/investigation window; archive per policy thereafter,Do not filter governance-relevant fields before indexing; consider selective edge reduction only after validating required evidence.,Tier 1,"authentication, logon, login, credentials, MFA, session, access attempt",Access monitoring and authentication evidence aligns directly to Authentication events.,https://nvlpubs.nist.gov/nistpubs/CSWP/NIST.CSWP.29.pdf,"Framework control area classified to DIG governance capability, then capability mapped to discovered Splunk CIM datamodel.",DIG seed - review recommended,Authentication Monitoring: Access monitoring and authentication evidence aligns directly to Authentication events.,2026-06-11T15:26:33Z
NIST CSF 2.0,2.0,DE.CM - Continuous Monitoring,DE.CM,Endpoint Monitoring,Compute_Inventory,Medium-High,Medium,Medium-High,"Retain raw events where required for investigation, audit evidence, breach analysis, or operational validation.",Keep searchable for security operations and evidence review; archive per policy thereafter,Do not filter governance-relevant fields before indexing; consider selective edge reduction only after validating required evidence.,Tier 2,"endpoint, system, host, device, process, workload, inventory","Host, endpoint and asset telemetry aligns to Endpoint and Compute_Inventory evidence.",https://nvlpubs.nist.gov/nistpubs/CSWP/NIST.CSWP.29.pdf,"Framework control area classified to DIG governance capability, then capability mapped to discovered Splunk CIM datamodel.",DIG seed - review recommended,"Endpoint Monitoring: Host, endpoint and asset telemetry aligns to Endpoint and Compute_Inventory evidence.",2026-06-11T15:26:33Z
NIST CSF 2.0,2.0,DE.CM - Continuous Monitoring,DE.CM,Endpoint Monitoring,Endpoint,Medium-High,High,Medium-High,"Retain raw events where required for investigation, audit evidence, breach analysis, or operational validation.",Keep searchable for security operations and evidence review; archive per policy thereafter,Do not filter governance-relevant fields before indexing; consider selective edge reduction only after validating required evidence.,Tier 2,"endpoint, system, host, device, process, workload, inventory","Host, endpoint and asset telemetry aligns to Endpoint and Compute_Inventory evidence.",https://nvlpubs.nist.gov/nistpubs/CSWP/NIST.CSWP.29.pdf,"Framework control area classified to DIG governance capability, then capability mapped to discovered Splunk CIM datamodel.",DIG seed - review recommended,"Endpoint Monitoring: Host, endpoint and asset telemetry aligns to Endpoint and Compute_Inventory evidence.",2026-06-11T15:26:33Z
NIST CSF 2.0,2.0,DE.CM - Continuous Monitoring,DE.CM,Malware Monitoring,Endpoint,Medium-High,High,Medium-High,"Retain raw events where required for investigation, audit evidence, breach analysis, or operational validation.",Keep searchable for security operations and evidence review; archive per policy thereafter,Do not filter governance-relevant fields before indexing; consider selective edge reduction only after validating required evidence.,Tier 1,"malware, malicious code, anti-malware, malicious activity",Malware detection and protection telemetry aligns to Malware with Endpoint as supporting context.,https://nvlpubs.nist.gov/nistpubs/CSWP/NIST.CSWP.29.pdf,"Framework control area classified to DIG governance capability, then capability mapped to discovered Splunk CIM datamodel.",DIG seed - review recommended,Malware Monitoring: Malware detection and protection telemetry aligns to Malware with Endpoint as supporting context.,2026-06-11T15:26:33Z
NIST CSF 2.0,2.0,DE.CM - Continuous Monitoring,DE.CM,Malware Monitoring,Malware,Medium-High,High,Medium-High,"Retain raw events where required for investigation, audit evidence, breach analysis, or operational validation.",Keep searchable for security operations and evidence review; archive per policy thereafter,Do not filter governance-relevant fields before indexing; consider selective edge reduction only after validating required evidence.,Tier 1,"malware, malicious code, anti-malware, malicious activity",Malware detection and protection telemetry aligns to Malware with Endpoint as supporting context.,https://nvlpubs.nist.gov/nistpubs/CSWP/NIST.CSWP.29.pdf,"Framework control area classified to DIG governance capability, then capability mapped to discovered Splunk CIM datamodel.",DIG seed - review recommended,Malware Monitoring: Malware detection and protection telemetry aligns to Malware with Endpoint as supporting context.,2026-06-11T15:26:33Z
NIST CSF 2.0,2.0,DE.CM - Continuous Monitoring,DE.CM,Network Monitoring,Network_Resolution,High,Medium,High,"Retain raw events where required for investigation, audit evidence, breach analysis, or operational validation.",Keep searchable for audit/investigation window; archive per policy thereafter,Do not filter governance-relevant fields before indexing; consider selective edge reduction only after validating required evidence.,Tier 1,"network, traffic, connections, communications, DNS, segmentation, perimeter","Network communication and name-resolution monitoring aligns to network traffic, sessions and resolution datamodels.",https://nvlpubs.nist.gov/nistpubs/CSWP/NIST.CSWP.29.pdf,"Framework control area classified to DIG governance capability, then capability mapped to discovered Splunk CIM datamodel.",DIG seed - review recommended,"Network Monitoring: Network communication and name-resolution monitoring aligns to network traffic, sessions and resolution datamodels.",2026-06-11T15:26:33Z
NIST CSF 2.0,2.0,DE.CM - Continuous Monitoring,DE.CM,Network Monitoring,Network_Sessions,High,Medium,High,"Retain raw events where required for investigation, audit evidence, breach analysis, or operational validation.",Keep searchable for audit/investigation window; archive per policy thereafter,Do not filter governance-relevant fields before indexing; consider selective edge reduction only after validating required evidence.,Tier 1,"network, traffic, connections, communications, DNS, segmentation, perimeter","Network communication and name-resolution monitoring aligns to network traffic, sessions and resolution datamodels.",https://nvlpubs.nist.gov/nistpubs/CSWP/NIST.CSWP.29.pdf,"Framework control area classified to DIG governance capability, then capability mapped to discovered Splunk CIM datamodel.",DIG seed - review recommended,"Network Monitoring: Network communication and name-resolution monitoring aligns to network traffic, sessions and resolution datamodels.",2026-06-11T15:26:33Z
NIST CSF 2.0,2.0,DE.CM - Continuous Monitoring,DE.CM,Network Monitoring,Network_Traffic,High,High,High,"Retain raw events where required for investigation, audit evidence, breach analysis, or operational validation.",Keep searchable for audit/investigation window; archive per policy thereafter,Do not filter governance-relevant fields before indexing; consider selective edge reduction only after validating required evidence.,Tier 1,"network, traffic, connections, communications, DNS, segmentation, perimeter","Network communication and name-resolution monitoring aligns to network traffic, sessions and resolution datamodels.",https://nvlpubs.nist.gov/nistpubs/CSWP/NIST.CSWP.29.pdf,"Framework control area classified to DIG governance capability, then capability mapped to discovered Splunk CIM datamodel.",DIG seed - review recommended,"Network Monitoring: Network communication and name-resolution monitoring aligns to network traffic, sessions and resolution datamodels.",2026-06-11T15:26:33Z
NIST CSF 2.0,2.0,GV - Govern,GV,Change Monitoring,Change,Medium-High,High,Medium-High,"Retain raw events where required for investigation, audit evidence, breach analysis, or operational validation.",Keep searchable for security operations and evidence review; archive per policy thereafter,Do not filter governance-relevant fields before indexing; consider selective edge reduction only after validating required evidence.,Tier 2,"change, configuration, system changes, modification, integrity",Configuration and system modification evidence aligns to Change and Change_Analysis.,https://nvlpubs.nist.gov/nistpubs/CSWP/NIST.CSWP.29.pdf,"Framework control area classified to DIG governance capability, then capability mapped to discovered Splunk CIM datamodel.",DIG seed - review recommended,Change Monitoring: Configuration and system modification evidence aligns to Change and Change_Analysis.,2026-06-11T15:26:33Z
NIST CSF 2.0,2.0,GV - Govern,GV,Change Monitoring,Change_Analysis,Medium-High,Medium,Medium-High,"Retain raw events where required for investigation, audit evidence, breach analysis, or operational validation.",Keep searchable for security operations and evidence review; archive per policy thereafter,Do not filter governance-relevant fields before indexing; consider selective edge reduction only after validating required evidence.,Tier 2,"change, configuration, system changes, modification, integrity",Configuration and system modification evidence aligns to Change and Change_Analysis.,https://nvlpubs.nist.gov/nistpubs/CSWP/NIST.CSWP.29.pdf,"Framework control area classified to DIG governance capability, then capability mapped to discovered Splunk CIM datamodel.",DIG seed - review recommended,Change Monitoring: Configuration and system modification evidence aligns to Change and Change_Analysis.,2026-06-11T15:26:33Z
NIST CSF 2.0,2.0,GV - Govern,GV,Incident and Case Management,Alerts,High,High,High,"Retain raw events where required for investigation, audit evidence, breach analysis, or operational validation.",Keep searchable for audit/investigation window; archive per policy thereafter,Do not filter governance-relevant fields before indexing; consider selective edge reduction only after validating required evidence.,Tier 1,"incident, response, case, escalation, ticket, reporting",Incident response and case-handling evidence aligns to Ticket_Management and Alerts.,https://nvlpubs.nist.gov/nistpubs/CSWP/NIST.CSWP.29.pdf,"Framework control area classified to DIG governance capability, then capability mapped to discovered Splunk CIM datamodel.",DIG seed - review recommended,Incident and Case Management: Incident response and case-handling evidence aligns to Ticket_Management and Alerts.,2026-06-11T15:26:33Z
NIST CSF 2.0,2.0,GV - Govern,GV,Incident and Case Management,Ticket_Management,High,High,High,"Retain raw events where required for investigation, audit evidence, breach analysis, or operational validation.",Keep searchable for audit/investigation window; archive per policy thereafter,Do not filter governance-relevant fields before indexing; consider selective edge reduction only after validating required evidence.,Tier 1,"incident, response, case, escalation, ticket, reporting",Incident response and case-handling evidence aligns to Ticket_Management and Alerts.,https://nvlpubs.nist.gov/nistpubs/CSWP/NIST.CSWP.29.pdf,"Framework control area classified to DIG governance capability, then capability mapped to discovered Splunk CIM datamodel.",DIG seed - review recommended,Incident and Case Management: Incident response and case-handling evidence aligns to Ticket_Management and Alerts.,2026-06-11T15:26:33Z
NIST CSF 2.0,2.0,ID.AM - Asset Management,ID.AM,Application and Service Resilience,Application_State,Medium,Medium,Medium,"Retain raw events where required for investigation, audit evidence, breach analysis, or operational validation.",Keep searchable where operational resilience evidence is required; archive per policy thereafter,Do not filter governance-relevant fields before indexing; consider selective edge reduction only after validating required evidence.,Tier 2,"availability, resilience, performance, service, application, database, processing integrity","Operational resilience and service health controls align to application, performance, JVM, database and messaging telemetry.",https://nvlpubs.nist.gov/nistpubs/CSWP/NIST.CSWP.29.pdf,"Framework control area classified to DIG governance capability, then capability mapped to discovered Splunk CIM datamodel.",DIG seed - review recommended,"Application and Service Resilience: Operational resilience and service health controls align to application, performance, JVM, database and messaging telemetry.",2026-06-11T15:26:33Z
NIST CSF 2.0,2.0,ID.AM - Asset Management,ID.AM,Application and Service Resilience,Databases,Medium,Medium,Medium,"Retain raw events where required for investigation, audit evidence, breach analysis, or operational validation.",Keep searchable where operational resilience evidence is required; archive per policy thereafter,Do not filter governance-relevant fields before indexing; consider selective edge reduction only after validating required evidence.,Tier 2,"availability, resilience, performance, service, application, database, processing integrity","Operational resilience and service health controls align to application, performance, JVM, database and messaging telemetry.",https://nvlpubs.nist.gov/nistpubs/CSWP/NIST.CSWP.29.pdf,"Framework control area classified to DIG governance capability, then capability mapped to discovered Splunk CIM datamodel.",DIG seed - review recommended,"Application and Service Resilience: Operational resilience and service health controls align to application, performance, JVM, database and messaging telemetry.",2026-06-11T15:26:33Z
NIST CSF 2.0,2.0,ID.AM - Asset Management,ID.AM,Application and Service Resilience,Interprocess_Messaging,Medium,Medium,Medium,"Retain raw events where required for investigation, audit evidence, breach analysis, or operational validation.",Keep searchable where operational resilience evidence is required; archive per policy thereafter,Do not filter governance-relevant fields before indexing; consider selective edge reduction only after validating required evidence.,Tier 2,"availability, resilience, performance, service, application, database, processing integrity","Operational resilience and service health controls align to application, performance, JVM, database and messaging telemetry.",https://nvlpubs.nist.gov/nistpubs/CSWP/NIST.CSWP.29.pdf,"Framework control area classified to DIG governance capability, then capability mapped to discovered Splunk CIM datamodel.",DIG seed - review recommended,"Application and Service Resilience: Operational resilience and service health controls align to application, performance, JVM, database and messaging telemetry.",2026-06-11T15:26:33Z
NIST CSF 2.0,2.0,ID.AM - Asset Management,ID.AM,Application and Service Resilience,JVM,Medium,Medium,Medium,"Retain raw events where required for investigation, audit evidence, breach analysis, or operational validation.",Keep searchable where operational resilience evidence is required; archive per policy thereafter,Do not filter governance-relevant fields before indexing; consider selective edge reduction only after validating required evidence.,Tier 2,"availability, resilience, performance, service, application, database, processing integrity","Operational resilience and service health controls align to application, performance, JVM, database and messaging telemetry.",https://nvlpubs.nist.gov/nistpubs/CSWP/NIST.CSWP.29.pdf,"Framework control area classified to DIG governance capability, then capability mapped to discovered Splunk CIM datamodel.",DIG seed - review recommended,"Application and Service Resilience: Operational resilience and service health controls align to application, performance, JVM, database and messaging telemetry.",2026-06-11T15:26:33Z
NIST CSF 2.0,2.0,ID.AM - Asset Management,ID.AM,Application and Service Resilience,Performance,Medium,Medium,Medium,"Retain raw events where required for investigation, audit evidence, breach analysis, or operational validation.",Keep searchable where operational resilience evidence is required; archive per policy thereafter,Do not filter governance-relevant fields before indexing; consider selective edge reduction only after validating required evidence.,Tier 2,"availability, resilience, performance, service, application, database, processing integrity","Operational resilience and service health controls align to application, performance, JVM, database and messaging telemetry.",https://nvlpubs.nist.gov/nistpubs/CSWP/NIST.CSWP.29.pdf,"Framework control area classified to DIG governance capability, then capability mapped to discovered Splunk CIM datamodel.",DIG seed - review recommended,"Application and Service Resilience: Operational resilience and service health controls align to application, performance, JVM, database and messaging telemetry.",2026-06-11T15:26:33Z
NIST CSF 2.0,2.0,ID.AM - Asset Management,ID.AM,Endpoint Monitoring,Compute_Inventory,Medium-High,Medium,Medium-High,"Retain raw events where required for investigation, audit evidence, breach analysis, or operational validation.",Keep searchable for security operations and evidence review; archive per policy thereafter,Do not filter governance-relevant fields before indexing; consider selective edge reduction only after validating required evidence.,Tier 2,"endpoint, system, host, device, process, workload, inventory","Host, endpoint and asset telemetry aligns to Endpoint and Compute_Inventory evidence.",https://nvlpubs.nist.gov/nistpubs/CSWP/NIST.CSWP.29.pdf,"Framework control area classified to DIG governance capability, then capability mapped to discovered Splunk CIM datamodel.",DIG seed - review recommended,"Endpoint Monitoring: Host, endpoint and asset telemetry aligns to Endpoint and Compute_Inventory evidence.",2026-06-11T15:26:33Z
NIST CSF 2.0,2.0,ID.AM - Asset Management,ID.AM,Endpoint Monitoring,Endpoint,Medium-High,High,Medium-High,"Retain raw events where required for investigation, audit evidence, breach analysis, or operational validation.",Keep searchable for security operations and evidence review; archive per policy thereafter,Do not filter governance-relevant fields before indexing; consider selective edge reduction only after validating required evidence.,Tier 2,"endpoint, system, host, device, process, workload, inventory","Host, endpoint and asset telemetry aligns to Endpoint and Compute_Inventory evidence.",https://nvlpubs.nist.gov/nistpubs/CSWP/NIST.CSWP.29.pdf,"Framework control area classified to DIG governance capability, then capability mapped to discovered Splunk CIM datamodel.",DIG seed - review recommended,"Endpoint Monitoring: Host, endpoint and asset telemetry aligns to Endpoint and Compute_Inventory evidence.",2026-06-11T15:26:33Z
NIST CSF 2.0,2.0,ID.RA - Risk Assessment,ID.RA,Alerting and Detection,Alerts,High,High,High,"Retain raw events where required for investigation, audit evidence, breach analysis, or operational validation.",Keep searchable for audit/investigation window; archive per policy thereafter,Do not filter governance-relevant fields before indexing; consider selective edge reduction only after validating required evidence.,Tier 1,"alerts, detection, monitoring, intrusion, events, signatures","Detection and alerting outcomes align to Alerts, Intrusion_Detection and Event_Signatures.",https://nvlpubs.nist.gov/nistpubs/CSWP/NIST.CSWP.29.pdf,"Framework control area classified to DIG governance capability, then capability mapped to discovered Splunk CIM datamodel.",DIG seed - review recommended,"Alerting and Detection: Detection and alerting outcomes align to Alerts, Intrusion_Detection and Event_Signatures.",2026-06-11T15:26:33Z
NIST CSF 2.0,2.0,ID.RA - Risk Assessment,ID.RA,Alerting and Detection,Event_Signatures,High,Medium,High,"Retain raw events where required for investigation, audit evidence, breach analysis, or operational validation.",Keep searchable for audit/investigation window; archive per policy thereafter,Do not filter governance-relevant fields before indexing; consider selective edge reduction only after validating required evidence.,Tier 1,"alerts, detection, monitoring, intrusion, events, signatures","Detection and alerting outcomes align to Alerts, Intrusion_Detection and Event_Signatures.",https://nvlpubs.nist.gov/nistpubs/CSWP/NIST.CSWP.29.pdf,"Framework control area classified to DIG governance capability, then capability mapped to discovered Splunk CIM datamodel.",DIG seed - review recommended,"Alerting and Detection: Detection and alerting outcomes align to Alerts, Intrusion_Detection and Event_Signatures.",2026-06-11T15:26:33Z
NIST CSF 2.0,2.0,ID.RA - Risk Assessment,ID.RA,Alerting and Detection,Intrusion_Detection,High,Medium,High,"Retain raw events where required for investigation, audit evidence, breach analysis, or operational validation.",Keep searchable for audit/investigation window; archive per policy thereafter,Do not filter governance-relevant fields before indexing; consider selective edge reduction only after validating required evidence.,Tier 1,"alerts, detection, monitoring, intrusion, events, signatures","Detection and alerting outcomes align to Alerts, Intrusion_Detection and Event_Signatures.",https://nvlpubs.nist.gov/nistpubs/CSWP/NIST.CSWP.29.pdf,"Framework control area classified to DIG governance capability, then capability mapped to discovered Splunk CIM datamodel.",DIG seed - review recommended,"Alerting and Detection: Detection and alerting outcomes align to Alerts, Intrusion_Detection and Event_Signatures.",2026-06-11T15:26:33Z
NIST CSF 2.0,2.0,ID.RA - Risk Assessment,ID.RA,Vulnerability Management,Updates,Medium-High,Medium,Medium-High,"Retain raw events where required for investigation, audit evidence, breach analysis, or operational validation.",Keep searchable for security operations and evidence review; archive per policy thereafter,Do not filter governance-relevant fields before indexing; consider selective edge reduction only after validating required evidence.,Tier 1,"vulnerability, patching, remediation, updates, weaknesses",Vulnerability discovery and remediation evidence aligns to Vulnerabilities and Updates.,https://nvlpubs.nist.gov/nistpubs/CSWP/NIST.CSWP.29.pdf,"Framework control area classified to DIG governance capability, then capability mapped to discovered Splunk CIM datamodel.",DIG seed - review recommended,Vulnerability Management: Vulnerability discovery and remediation evidence aligns to Vulnerabilities and Updates.,2026-06-11T15:26:33Z
NIST CSF 2.0,2.0,ID.RA - Risk Assessment,ID.RA,Vulnerability Management,Vulnerabilities,Medium-High,High,Medium-High,"Retain raw events where required for investigation, audit evidence, breach analysis, or operational validation.",Keep searchable for security operations and evidence review; archive per policy thereafter,Do not filter governance-relevant fields before indexing; consider selective edge reduction only after validating required evidence.,Tier 1,"vulnerability, patching, remediation, updates, weaknesses",Vulnerability discovery and remediation evidence aligns to Vulnerabilities and Updates.,https://nvlpubs.nist.gov/nistpubs/CSWP/NIST.CSWP.29.pdf,"Framework control area classified to DIG governance capability, then capability mapped to discovered Splunk CIM datamodel.",DIG seed - review recommended,Vulnerability Management: Vulnerability discovery and remediation evidence aligns to Vulnerabilities and Updates.,2026-06-11T15:26:33Z
NIST CSF 2.0,2.0,PR.AA - Identity Management Authentication and Access Control,PR.AA,Authentication Monitoring,Authentication,High,High,High,"Retain raw events where required for investigation, audit evidence, breach analysis, or operational validation.",Keep searchable for audit/investigation window; archive per policy thereafter,Do not filter governance-relevant fields before indexing; consider selective edge reduction only after validating required evidence.,Tier 1,"authentication, logon, login, credentials, MFA, session, access attempt",Access monitoring and authentication evidence aligns directly to Authentication events.,https://nvlpubs.nist.gov/nistpubs/CSWP/NIST.CSWP.29.pdf,"Framework control area classified to DIG governance capability, then capability mapped to discovered Splunk CIM datamodel.",DIG seed - review recommended,Authentication Monitoring: Access monitoring and authentication evidence aligns directly to Authentication events.,2026-06-11T15:26:33Z
NIST CSF 2.0,2.0,PR.AA - Identity Management Authentication and Access Control,PR.AA,Data Access Monitoring,DLP,High,Medium,High,"Retain raw events where required for investigation, audit evidence, breach analysis, or operational validation.",Keep searchable for audit/investigation window; archive per policy thereafter,Do not filter governance-relevant fields before indexing; consider selective edge reduction only after validating required evidence.,Tier 1,"data access, sensitive data, cardholder data, personal data, confidentiality, exfiltration",Controls requiring visibility of sensitive data access or loss prevention align to Data_Access and DLP.,https://nvlpubs.nist.gov/nistpubs/CSWP/NIST.CSWP.29.pdf,"Framework control area classified to DIG governance capability, then capability mapped to discovered Splunk CIM datamodel.",DIG seed - review recommended,Data Access Monitoring: Controls requiring visibility of sensitive data access or loss prevention align to Data_Access and DLP.,2026-06-11T15:26:33Z
NIST CSF 2.0,2.0,PR.AA - Identity Management Authentication and Access Control,PR.AA,Data Access Monitoring,Data_Access,High,High,High,"Retain raw events where required for investigation, audit evidence, breach analysis, or operational validation.",Keep searchable for audit/investigation window; archive per policy thereafter,Do not filter governance-relevant fields before indexing; consider selective edge reduction only after validating required evidence.,Tier 1,"data access, sensitive data, cardholder data, personal data, confidentiality, exfiltration",Controls requiring visibility of sensitive data access or loss prevention align to Data_Access and DLP.,https://nvlpubs.nist.gov/nistpubs/CSWP/NIST.CSWP.29.pdf,"Framework control area classified to DIG governance capability, then capability mapped to discovered Splunk CIM datamodel.",DIG seed - review recommended,Data Access Monitoring: Controls requiring visibility of sensitive data access or loss prevention align to Data_Access and DLP.,2026-06-11T15:26:33Z
NIST CSF 2.0,2.0,PR.AA - Identity Management Authentication and Access Control,PR.AA,Privileged Access Monitoring,Authentication,High,High,High,"Retain raw events where required for investigation, audit evidence, breach analysis, or operational validation.",Keep searchable for audit/investigation window; archive per policy thereafter,Do not filter governance-relevant fields before indexing; consider selective edge reduction only after validating required evidence.,Tier 1,"privileged access, administrator, remote access, account activity, access rights",Privileged activity requires authentication context and often administrative change evidence.,https://nvlpubs.nist.gov/nistpubs/CSWP/NIST.CSWP.29.pdf,"Framework control area classified to DIG governance capability, then capability mapped to discovered Splunk CIM datamodel.",DIG seed - review recommended,Privileged Access Monitoring: Privileged activity requires authentication context and often administrative change evidence.,2026-06-11T15:26:33Z
NIST CSF 2.0,2.0,PR.AA - Identity Management Authentication and Access Control,PR.AA,Privileged Access Monitoring,Change,High,High,High,"Retain raw events where required for investigation, audit evidence, breach analysis, or operational validation.",Keep searchable for audit/investigation window; archive per policy thereafter,Do not filter governance-relevant fields before indexing; consider selective edge reduction only after validating required evidence.,Tier 1,"privileged access, administrator, remote access, account activity, access rights",Privileged activity requires authentication context and often administrative change evidence.,https://nvlpubs.nist.gov/nistpubs/CSWP/NIST.CSWP.29.pdf,"Framework control area classified to DIG governance capability, then capability mapped to discovered Splunk CIM datamodel.",DIG seed - review recommended,Privileged Access Monitoring: Privileged activity requires authentication context and often administrative change evidence.,2026-06-11T15:26:33Z
NIST CSF 2.0,2.0,PR.DS - Data Security,PR.DS,Certificate and Crypto Monitoring,Certificates,Medium-High,High,Medium-High,"Retain raw events where required for investigation, audit evidence, breach analysis, or operational validation.",Keep searchable for security operations and evidence review; archive per policy thereafter,Do not filter governance-relevant fields before indexing; consider selective edge reduction only after validating required evidence.,Tier 2,"certificate, cryptography, encryption, key management, TLS",Certificate and cryptographic lifecycle telemetry aligns to Certificates.,https://nvlpubs.nist.gov/nistpubs/CSWP/NIST.CSWP.29.pdf,"Framework control area classified to DIG governance capability, then capability mapped to discovered Splunk CIM datamodel.",DIG seed - review recommended,Certificate and Crypto Monitoring: Certificate and cryptographic lifecycle telemetry aligns to Certificates.,2026-06-11T15:26:33Z
NIST CSF 2.0,2.0,PR.DS - Data Security,PR.DS,Change Monitoring,Change,Medium-High,High,Medium-High,"Retain raw events where required for investigation, audit evidence, breach analysis, or operational validation.",Keep searchable for security operations and evidence review; archive per policy thereafter,Do not filter governance-relevant fields before indexing; consider selective edge reduction only after validating required evidence.,Tier 2,"change, configuration, system changes, modification, integrity",Configuration and system modification evidence aligns to Change and Change_Analysis.,https://nvlpubs.nist.gov/nistpubs/CSWP/NIST.CSWP.29.pdf,"Framework control area classified to DIG governance capability, then capability mapped to discovered Splunk CIM datamodel.",DIG seed - review recommended,Change Monitoring: Configuration and system modification evidence aligns to Change and Change_Analysis.,2026-06-11T15:26:33Z
NIST CSF 2.0,2.0,PR.DS - Data Security,PR.DS,Change Monitoring,Change_Analysis,Medium-High,Medium,Medium-High,"Retain raw events where required for investigation, audit evidence, breach analysis, or operational validation.",Keep searchable for security operations and evidence review; archive per policy thereafter,Do not filter governance-relevant fields before indexing; consider selective edge reduction only after validating required evidence.,Tier 2,"change, configuration, system changes, modification, integrity",Configuration and system modification evidence aligns to Change and Change_Analysis.,https://nvlpubs.nist.gov/nistpubs/CSWP/NIST.CSWP.29.pdf,"Framework control area classified to DIG governance capability, then capability mapped to discovered Splunk CIM datamodel.",DIG seed - review recommended,Change Monitoring: Configuration and system modification evidence aligns to Change and Change_Analysis.,2026-06-11T15:26:33Z
NIST CSF 2.0,2.0,PR.DS - Data Security,PR.DS,Data Access Monitoring,DLP,High,Medium,High,"Retain raw events where required for investigation, audit evidence, breach analysis, or operational validation.",Keep searchable for audit/investigation window; archive per policy thereafter,Do not filter governance-relevant fields before indexing; consider selective edge reduction only after validating required evidence.,Tier 1,"data access, sensitive data, cardholder data, personal data, confidentiality, exfiltration",Controls requiring visibility of sensitive data access or loss prevention align to Data_Access and DLP.,https://nvlpubs.nist.gov/nistpubs/CSWP/NIST.CSWP.29.pdf,"Framework control area classified to DIG governance capability, then capability mapped to discovered Splunk CIM datamodel.",DIG seed - review recommended,Data Access Monitoring: Controls requiring visibility of sensitive data access or loss prevention align to Data_Access and DLP.,2026-06-11T15:26:33Z
NIST CSF 2.0,2.0,PR.DS - Data Security,PR.DS,Data Access Monitoring,Data_Access,High,High,High,"Retain raw events where required for investigation, audit evidence, breach analysis, or operational validation.",Keep searchable for audit/investigation window; archive per policy thereafter,Do not filter governance-relevant fields before indexing; consider selective edge reduction only after validating required evidence.,Tier 1,"data access, sensitive data, cardholder data, personal data, confidentiality, exfiltration",Controls requiring visibility of sensitive data access or loss prevention align to Data_Access and DLP.,https://nvlpubs.nist.gov/nistpubs/CSWP/NIST.CSWP.29.pdf,"Framework control area classified to DIG governance capability, then capability mapped to discovered Splunk CIM datamodel.",DIG seed - review recommended,Data Access Monitoring: Controls requiring visibility of sensitive data access or loss prevention align to Data_Access and DLP.,2026-06-11T15:26:33Z
NIST CSF 2.0,2.0,PR.PS - Platform Security,PR.PS,Change Monitoring,Change,Medium-High,High,Medium-High,"Retain raw events where required for investigation, audit evidence, breach analysis, or operational validation.",Keep searchable for security operations and evidence review; archive per policy thereafter,Do not filter governance-relevant fields before indexing; consider selective edge reduction only after validating required evidence.,Tier 2,"change, configuration, system changes, modification, integrity",Configuration and system modification evidence aligns to Change and Change_Analysis.,https://nvlpubs.nist.gov/nistpubs/CSWP/NIST.CSWP.29.pdf,"Framework control area classified to DIG governance capability, then capability mapped to discovered Splunk CIM datamodel.",DIG seed - review recommended,Change Monitoring: Configuration and system modification evidence aligns to Change and Change_Analysis.,2026-06-11T15:26:33Z
NIST CSF 2.0,2.0,PR.PS - Platform Security,PR.PS,Change Monitoring,Change_Analysis,Medium-High,Medium,Medium-High,"Retain raw events where required for investigation, audit evidence, breach analysis, or operational validation.",Keep searchable for security operations and evidence review; archive per policy thereafter,Do not filter governance-relevant fields before indexing; consider selective edge reduction only after validating required evidence.,Tier 2,"change, configuration, system changes, modification, integrity",Configuration and system modification evidence aligns to Change and Change_Analysis.,https://nvlpubs.nist.gov/nistpubs/CSWP/NIST.CSWP.29.pdf,"Framework control area classified to DIG governance capability, then capability mapped to discovered Splunk CIM datamodel.",DIG seed - review recommended,Change Monitoring: Configuration and system modification evidence aligns to Change and Change_Analysis.,2026-06-11T15:26:33Z
NIST CSF 2.0,2.0,PR.PS - Platform Security,PR.PS,Endpoint Monitoring,Compute_Inventory,Medium-High,Medium,Medium-High,"Retain raw events where required for investigation, audit evidence, breach analysis, or operational validation.",Keep searchable for security operations and evidence review; archive per policy thereafter,Do not filter governance-relevant fields before indexing; consider selective edge reduction only after validating required evidence.,Tier 2,"endpoint, system, host, device, process, workload, inventory","Host, endpoint and asset telemetry aligns to Endpoint and Compute_Inventory evidence.",https://nvlpubs.nist.gov/nistpubs/CSWP/NIST.CSWP.29.pdf,"Framework control area classified to DIG governance capability, then capability mapped to discovered Splunk CIM datamodel.",DIG seed - review recommended,"Endpoint Monitoring: Host, endpoint and asset telemetry aligns to Endpoint and Compute_Inventory evidence.",2026-06-11T15:26:33Z
NIST CSF 2.0,2.0,PR.PS - Platform Security,PR.PS,Endpoint Monitoring,Endpoint,Medium-High,High,Medium-High,"Retain raw events where required for investigation, audit evidence, breach analysis, or operational validation.",Keep searchable for security operations and evidence review; archive per policy thereafter,Do not filter governance-relevant fields before indexing; consider selective edge reduction only after validating required evidence.,Tier 2,"endpoint, system, host, device, process, workload, inventory","Host, endpoint and asset telemetry aligns to Endpoint and Compute_Inventory evidence.",https://nvlpubs.nist.gov/nistpubs/CSWP/NIST.CSWP.29.pdf,"Framework control area classified to DIG governance capability, then capability mapped to discovered Splunk CIM datamodel.",DIG seed - review recommended,"Endpoint Monitoring: Host, endpoint and asset telemetry aligns to Endpoint and Compute_Inventory evidence.",2026-06-11T15:26:33Z
NIST CSF 2.0,2.0,PR.PS - Platform Security,PR.PS,Vulnerability Management,Updates,Medium-High,Medium,Medium-High,"Retain raw events where required for investigation, audit evidence, breach analysis, or operational validation.",Keep searchable for security operations and evidence review; archive per policy thereafter,Do not filter governance-relevant fields before indexing; consider selective edge reduction only after validating required evidence.,Tier 1,"vulnerability, patching, remediation, updates, weaknesses",Vulnerability discovery and remediation evidence aligns to Vulnerabilities and Updates.,https://nvlpubs.nist.gov/nistpubs/CSWP/NIST.CSWP.29.pdf,"Framework control area classified to DIG governance capability, then capability mapped to discovered Splunk CIM datamodel.",DIG seed - review recommended,Vulnerability Management: Vulnerability discovery and remediation evidence aligns to Vulnerabilities and Updates.,2026-06-11T15:26:33Z
NIST CSF 2.0,2.0,PR.PS - Platform Security,PR.PS,Vulnerability Management,Vulnerabilities,Medium-High,High,Medium-High,"Retain raw events where required for investigation, audit evidence, breach analysis, or operational validation.",Keep searchable for security operations and evidence review; archive per policy thereafter,Do not filter governance-relevant fields before indexing; consider selective edge reduction only after validating required evidence.,Tier 1,"vulnerability, patching, remediation, updates, weaknesses",Vulnerability discovery and remediation evidence aligns to Vulnerabilities and Updates.,https://nvlpubs.nist.gov/nistpubs/CSWP/NIST.CSWP.29.pdf,"Framework control area classified to DIG governance capability, then capability mapped to discovered Splunk CIM datamodel.",DIG seed - review recommended,Vulnerability Management: Vulnerability discovery and remediation evidence aligns to Vulnerabilities and Updates.,2026-06-11T15:26:33Z
NIST CSF 2.0,2.0,RC.RP - Recovery,RC.RP,Application and Service Resilience,Application_State,Medium,Medium,Medium,"Retain raw events where required for investigation, audit evidence, breach analysis, or operational validation.",Keep searchable where operational resilience evidence is required; archive per policy thereafter,Do not filter governance-relevant fields before indexing; consider selective edge reduction only after validating required evidence.,Tier 2,"availability, resilience, performance, service, application, database, processing integrity","Operational resilience and service health controls align to application, performance, JVM, database and messaging telemetry.",https://nvlpubs.nist.gov/nistpubs/CSWP/NIST.CSWP.29.pdf,"Framework control area classified to DIG governance capability, then capability mapped to discovered Splunk CIM datamodel.",DIG seed - review recommended,"Application and Service Resilience: Operational resilience and service health controls align to application, performance, JVM, database and messaging telemetry.",2026-06-11T15:26:33Z
NIST CSF 2.0,2.0,RC.RP - Recovery,RC.RP,Application and Service Resilience,Databases,Medium,Medium,Medium,"Retain raw events where required for investigation, audit evidence, breach analysis, or operational validation.",Keep searchable where operational resilience evidence is required; archive per policy thereafter,Do not filter governance-relevant fields before indexing; consider selective edge reduction only after validating required evidence.,Tier 2,"availability, resilience, performance, service, application, database, processing integrity","Operational resilience and service health controls align to application, performance, JVM, database and messaging telemetry.",https://nvlpubs.nist.gov/nistpubs/CSWP/NIST.CSWP.29.pdf,"Framework control area classified to DIG governance capability, then capability mapped to discovered Splunk CIM datamodel.",DIG seed - review recommended,"Application and Service Resilience: Operational resilience and service health controls align to application, performance, JVM, database and messaging telemetry.",2026-06-11T15:26:33Z
NIST CSF 2.0,2.0,RC.RP - Recovery,RC.RP,Application and Service Resilience,Interprocess_Messaging,Medium,Medium,Medium,"Retain raw events where required for investigation, audit evidence, breach analysis, or operational validation.",Keep searchable where operational resilience evidence is required; archive per policy thereafter,Do not filter governance-relevant fields before indexing; consider selective edge reduction only after validating required evidence.,Tier 2,"availability, resilience, performance, service, application, database, processing integrity","Operational resilience and service health controls align to application, performance, JVM, database and messaging telemetry.",https://nvlpubs.nist.gov/nistpubs/CSWP/NIST.CSWP.29.pdf,"Framework control area classified to DIG governance capability, then capability mapped to discovered Splunk CIM datamodel.",DIG seed - review recommended,"Application and Service Resilience: Operational resilience and service health controls align to application, performance, JVM, database and messaging telemetry.",2026-06-11T15:26:33Z
NIST CSF 2.0,2.0,RC.RP - Recovery,RC.RP,Application and Service Resilience,JVM,Medium,Medium,Medium,"Retain raw events where required for investigation, audit evidence, breach analysis, or operational validation.",Keep searchable where operational resilience evidence is required; archive per policy thereafter,Do not filter governance-relevant fields before indexing; consider selective edge reduction only after validating required evidence.,Tier 2,"availability, resilience, performance, service, application, database, processing integrity","Operational resilience and service health controls align to application, performance, JVM, database and messaging telemetry.",https://nvlpubs.nist.gov/nistpubs/CSWP/NIST.CSWP.29.pdf,"Framework control area classified to DIG governance capability, then capability mapped to discovered Splunk CIM datamodel.",DIG seed - review recommended,"Application and Service Resilience: Operational resilience and service health controls align to application, performance, JVM, database and messaging telemetry.",2026-06-11T15:26:33Z
NIST CSF 2.0,2.0,RC.RP - Recovery,RC.RP,Application and Service Resilience,Performance,Medium,Medium,Medium,"Retain raw events where required for investigation, audit evidence, breach analysis, or operational validation.",Keep searchable where operational resilience evidence is required; archive per policy thereafter,Do not filter governance-relevant fields before indexing; consider selective edge reduction only after validating required evidence.,Tier 2,"availability, resilience, performance, service, application, database, processing integrity","Operational resilience and service health controls align to application, performance, JVM, database and messaging telemetry.",https://nvlpubs.nist.gov/nistpubs/CSWP/NIST.CSWP.29.pdf,"Framework control area classified to DIG governance capability, then capability mapped to discovered Splunk CIM datamodel.",DIG seed - review recommended,"Application and Service Resilience: Operational resilience and service health controls align to application, performance, JVM, database and messaging telemetry.",2026-06-11T15:26:33Z
NIST CSF 2.0,2.0,RC.RP - Recovery,RC.RP,Incident and Case Management,Alerts,High,High,High,"Retain raw events where required for investigation, audit evidence, breach analysis, or operational validation.",Keep searchable for audit/investigation window; archive per policy thereafter,Do not filter governance-relevant fields before indexing; consider selective edge reduction only after validating required evidence.,Tier 1,"incident, response, case, escalation, ticket, reporting",Incident response and case-handling evidence aligns to Ticket_Management and Alerts.,https://nvlpubs.nist.gov/nistpubs/CSWP/NIST.CSWP.29.pdf,"Framework control area classified to DIG governance capability, then capability mapped to discovered Splunk CIM datamodel.",DIG seed - review recommended,Incident and Case Management: Incident response and case-handling evidence aligns to Ticket_Management and Alerts.,2026-06-11T15:26:33Z
NIST CSF 2.0,2.0,RC.RP - Recovery,RC.RP,Incident and Case Management,Ticket_Management,High,High,High,"Retain raw events where required for investigation, audit evidence, breach analysis, or operational validation.",Keep searchable for audit/investigation window; archive per policy thereafter,Do not filter governance-relevant fields before indexing; consider selective edge reduction only after validating required evidence.,Tier 1,"incident, response, case, escalation, ticket, reporting",Incident response and case-handling evidence aligns to Ticket_Management and Alerts.,https://nvlpubs.nist.gov/nistpubs/CSWP/NIST.CSWP.29.pdf,"Framework control area classified to DIG governance capability, then capability mapped to discovered Splunk CIM datamodel.",DIG seed - review recommended,Incident and Case Management: Incident response and case-handling evidence aligns to Ticket_Management and Alerts.,2026-06-11T15:26:33Z
NIST CSF 2.0,2.0,RS.MA - Incident Management,RS.MA,Alerting and Detection,Alerts,High,High,High,"Retain raw events where required for investigation, audit evidence, breach analysis, or operational validation.",Keep searchable for audit/investigation window; archive per policy thereafter,Do not filter governance-relevant fields before indexing; consider selective edge reduction only after validating required evidence.,Tier 1,"alerts, detection, monitoring, intrusion, events, signatures","Detection and alerting outcomes align to Alerts, Intrusion_Detection and Event_Signatures.",https://nvlpubs.nist.gov/nistpubs/CSWP/NIST.CSWP.29.pdf,"Framework control area classified to DIG governance capability, then capability mapped to discovered Splunk CIM datamodel.",DIG seed - review recommended,"Alerting and Detection: Detection and alerting outcomes align to Alerts, Intrusion_Detection and Event_Signatures.",2026-06-11T15:26:33Z
NIST CSF 2.0,2.0,RS.MA - Incident Management,RS.MA,Alerting and Detection,Event_Signatures,High,Medium,High,"Retain raw events where required for investigation, audit evidence, breach analysis, or operational validation.",Keep searchable for audit/investigation window; archive per policy thereafter,Do not filter governance-relevant fields before indexing; consider selective edge reduction only after validating required evidence.,Tier 1,"alerts, detection, monitoring, intrusion, events, signatures","Detection and alerting outcomes align to Alerts, Intrusion_Detection and Event_Signatures.",https://nvlpubs.nist.gov/nistpubs/CSWP/NIST.CSWP.29.pdf,"Framework control area classified to DIG governance capability, then capability mapped to discovered Splunk CIM datamodel.",DIG seed - review recommended,"Alerting and Detection: Detection and alerting outcomes align to Alerts, Intrusion_Detection and Event_Signatures.",2026-06-11T15:26:33Z
NIST CSF 2.0,2.0,RS.MA - Incident Management,RS.MA,Alerting and Detection,Intrusion_Detection,High,Medium,High,"Retain raw events where required for investigation, audit evidence, breach analysis, or operational validation.",Keep searchable for audit/investigation window; archive per policy thereafter,Do not filter governance-relevant fields before indexing; consider selective edge reduction only after validating required evidence.,Tier 1,"alerts, detection, monitoring, intrusion, events, signatures","Detection and alerting outcomes align to Alerts, Intrusion_Detection and Event_Signatures.",https://nvlpubs.nist.gov/nistpubs/CSWP/NIST.CSWP.29.pdf,"Framework control area classified to DIG governance capability, then capability mapped to discovered Splunk CIM datamodel.",DIG seed - review recommended,"Alerting and Detection: Detection and alerting outcomes align to Alerts, Intrusion_Detection and Event_Signatures.",2026-06-11T15:26:33Z
NIST CSF 2.0,2.0,RS.MA - Incident Management,RS.MA,Incident and Case Management,Alerts,High,High,High,"Retain raw events where required for investigation, audit evidence, breach analysis, or operational validation.",Keep searchable for audit/investigation window; archive per policy thereafter,Do not filter governance-relevant fields before indexing; consider selective edge reduction only after validating required evidence.,Tier 1,"incident, response, case, escalation, ticket, reporting",Incident response and case-handling evidence aligns to Ticket_Management and Alerts.,https://nvlpubs.nist.gov/nistpubs/CSWP/NIST.CSWP.29.pdf,"Framework control area classified to DIG governance capability, then capability mapped to discovered Splunk CIM datamodel.",DIG seed - review recommended,Incident and Case Management: Incident response and case-handling evidence aligns to Ticket_Management and Alerts.,2026-06-11T15:26:33Z
NIST CSF 2.0,2.0,RS.MA - Incident Management,RS.MA,Incident and Case Management,Ticket_Management,High,High,High,"Retain raw events where required for investigation, audit evidence, breach analysis, or operational validation.",Keep searchable for audit/investigation window; archive per policy thereafter,Do not filter governance-relevant fields before indexing; consider selective edge reduction only after validating required evidence.,Tier 1,"incident, response, case, escalation, ticket, reporting",Incident response and case-handling evidence aligns to Ticket_Management and Alerts.,https://nvlpubs.nist.gov/nistpubs/CSWP/NIST.CSWP.29.pdf,"Framework control area classified to DIG governance capability, then capability mapped to discovered Splunk CIM datamodel.",DIG seed - review recommended,Incident and Case Management: Incident response and case-handling evidence aligns to Ticket_Management and Alerts.,2026-06-11T15:26:33Z
PCI-DSS,4.0.1,Req 1 - Network Security Controls,Req 1,Alerting and Detection,Alerts,High,High,High,"Retain raw events where required for investigation, audit evidence, breach analysis, or operational validation.",Keep searchable for audit/investigation window; archive per policy thereafter,Do not filter governance-relevant fields before indexing; consider selective edge reduction only after validating required evidence.,Tier 1,"alerts, detection, monitoring, intrusion, events, signatures","Detection and alerting outcomes align to Alerts, Intrusion_Detection and Event_Signatures.",https://www.pcisecuritystandards.org/document_library/,"Framework control area classified to DIG governance capability, then capability mapped to discovered Splunk CIM datamodel.",DIG seed - review recommended,"Alerting and Detection: Detection and alerting outcomes align to Alerts, Intrusion_Detection and Event_Signatures.",2026-06-11T15:26:33Z
PCI-DSS,4.0.1,Req 1 - Network Security Controls,Req 1,Alerting and Detection,Event_Signatures,High,Medium,High,"Retain raw events where required for investigation, audit evidence, breach analysis, or operational validation.",Keep searchable for audit/investigation window; archive per policy thereafter,Do not filter governance-relevant fields before indexing; consider selective edge reduction only after validating required evidence.,Tier 1,"alerts, detection, monitoring, intrusion, events, signatures","Detection and alerting outcomes align to Alerts, Intrusion_Detection and Event_Signatures.",https://www.pcisecuritystandards.org/document_library/,"Framework control area classified to DIG governance capability, then capability mapped to discovered Splunk CIM datamodel.",DIG seed - review recommended,"Alerting and Detection: Detection and alerting outcomes align to Alerts, Intrusion_Detection and Event_Signatures.",2026-06-11T15:26:33Z
PCI-DSS,4.0.1,Req 1 - Network Security Controls,Req 1,Alerting and Detection,Intrusion_Detection,High,Medium,High,"Retain raw events where required for investigation, audit evidence, breach analysis, or operational validation.",Keep searchable for audit/investigation window; archive per policy thereafter,Do not filter governance-relevant fields before indexing; consider selective edge reduction only after validating required evidence.,Tier 1,"alerts, detection, monitoring, intrusion, events, signatures","Detection and alerting outcomes align to Alerts, Intrusion_Detection and Event_Signatures.",https://www.pcisecuritystandards.org/document_library/,"Framework control area classified to DIG governance capability, then capability mapped to discovered Splunk CIM datamodel.",DIG seed - review recommended,"Alerting and Detection: Detection and alerting outcomes align to Alerts, Intrusion_Detection and Event_Signatures.",2026-06-11T15:26:33Z
PCI-DSS,4.0.1,Req 1 - Network Security Controls,Req 1,Change Monitoring,Change,Medium-High,High,Medium-High,"Retain raw events where required for investigation, audit evidence, breach analysis, or operational validation.",Keep searchable for security operations and evidence review; archive per policy thereafter,Do not filter governance-relevant fields before indexing; consider selective edge reduction only after validating required evidence.,Tier 2,"change, configuration, system changes, modification, integrity",Configuration and system modification evidence aligns to Change and Change_Analysis.,https://www.pcisecuritystandards.org/document_library/,"Framework control area classified to DIG governance capability, then capability mapped to discovered Splunk CIM datamodel.",DIG seed - review recommended,Change Monitoring: Configuration and system modification evidence aligns to Change and Change_Analysis.,2026-06-11T15:26:33Z
PCI-DSS,4.0.1,Req 1 - Network Security Controls,Req 1,Change Monitoring,Change_Analysis,Medium-High,Medium,Medium-High,"Retain raw events where required for investigation, audit evidence, breach analysis, or operational validation.",Keep searchable for security operations and evidence review; archive per policy thereafter,Do not filter governance-relevant fields before indexing; consider selective edge reduction only after validating required evidence.,Tier 2,"change, configuration, system changes, modification, integrity",Configuration and system modification evidence aligns to Change and Change_Analysis.,https://www.pcisecuritystandards.org/document_library/,"Framework control area classified to DIG governance capability, then capability mapped to discovered Splunk CIM datamodel.",DIG seed - review recommended,Change Monitoring: Configuration and system modification evidence aligns to Change and Change_Analysis.,2026-06-11T15:26:33Z
PCI-DSS,4.0.1,Req 1 - Network Security Controls,Req 1,Network Monitoring,Network_Resolution,High,Medium,High,"Retain raw events where required for investigation, audit evidence, breach analysis, or operational validation.",Keep searchable for audit/investigation window; archive per policy thereafter,Do not filter governance-relevant fields before indexing; consider selective edge reduction only after validating required evidence.,Tier 1,"network, traffic, connections, communications, DNS, segmentation, perimeter","Network communication and name-resolution monitoring aligns to network traffic, sessions and resolution datamodels.",https://www.pcisecuritystandards.org/document_library/,"Framework control area classified to DIG governance capability, then capability mapped to discovered Splunk CIM datamodel.",DIG seed - review recommended,"Network Monitoring: Network communication and name-resolution monitoring aligns to network traffic, sessions and resolution datamodels.",2026-06-11T15:26:33Z
PCI-DSS,4.0.1,Req 1 - Network Security Controls,Req 1,Network Monitoring,Network_Sessions,High,Medium,High,"Retain raw events where required for investigation, audit evidence, breach analysis, or operational validation.",Keep searchable for audit/investigation window; archive per policy thereafter,Do not filter governance-relevant fields before indexing; consider selective edge reduction only after validating required evidence.,Tier 1,"network, traffic, connections, communications, DNS, segmentation, perimeter","Network communication and name-resolution monitoring aligns to network traffic, sessions and resolution datamodels.",https://www.pcisecuritystandards.org/document_library/,"Framework control area classified to DIG governance capability, then capability mapped to discovered Splunk CIM datamodel.",DIG seed - review recommended,"Network Monitoring: Network communication and name-resolution monitoring aligns to network traffic, sessions and resolution datamodels.",2026-06-11T15:26:33Z
PCI-DSS,4.0.1,Req 1 - Network Security Controls,Req 1,Network Monitoring,Network_Traffic,High,High,High,"Retain raw events where required for investigation, audit evidence, breach analysis, or operational validation.",Keep searchable for audit/investigation window; archive per policy thereafter,Do not filter governance-relevant fields before indexing; consider selective edge reduction only after validating required evidence.,Tier 1,"network, traffic, connections, communications, DNS, segmentation, perimeter","Network communication and name-resolution monitoring aligns to network traffic, sessions and resolution datamodels.",https://www.pcisecuritystandards.org/document_library/,"Framework control area classified to DIG governance capability, then capability mapped to discovered Splunk CIM datamodel.",DIG seed - review recommended,"Network Monitoring: Network communication and name-resolution monitoring aligns to network traffic, sessions and resolution datamodels.",2026-06-11T15:26:33Z
PCI-DSS,4.0.1,Req 10 - Logging and Monitoring,Req 10,Alerting and Detection,Alerts,High,High,High,"Retain raw events where required for investigation, audit evidence, breach analysis, or operational validation.",Keep searchable for audit/investigation window; archive per policy thereafter,Do not filter governance-relevant fields before indexing; consider selective edge reduction only after validating required evidence.,Tier 1,"alerts, detection, monitoring, intrusion, events, signatures","Detection and alerting outcomes align to Alerts, Intrusion_Detection and Event_Signatures.",https://www.pcisecuritystandards.org/document_library/,"Framework control area classified to DIG governance capability, then capability mapped to discovered Splunk CIM datamodel.",DIG seed - review recommended,"Alerting and Detection: Detection and alerting outcomes align to Alerts, Intrusion_Detection and Event_Signatures.",2026-06-11T15:26:33Z
PCI-DSS,4.0.1,Req 10 - Logging and Monitoring,Req 10,Alerting and Detection,Event_Signatures,High,Medium,High,"Retain raw events where required for investigation, audit evidence, breach analysis, or operational validation.",Keep searchable for audit/investigation window; archive per policy thereafter,Do not filter governance-relevant fields before indexing; consider selective edge reduction only after validating required evidence.,Tier 1,"alerts, detection, monitoring, intrusion, events, signatures","Detection and alerting outcomes align to Alerts, Intrusion_Detection and Event_Signatures.",https://www.pcisecuritystandards.org/document_library/,"Framework control area classified to DIG governance capability, then capability mapped to discovered Splunk CIM datamodel.",DIG seed - review recommended,"Alerting and Detection: Detection and alerting outcomes align to Alerts, Intrusion_Detection and Event_Signatures.",2026-06-11T15:26:33Z
PCI-DSS,4.0.1,Req 10 - Logging and Monitoring,Req 10,Alerting and Detection,Intrusion_Detection,High,Medium,High,"Retain raw events where required for investigation, audit evidence, breach analysis, or operational validation.",Keep searchable for audit/investigation window; archive per policy thereafter,Do not filter governance-relevant fields before indexing; consider selective edge reduction only after validating required evidence.,Tier 1,"alerts, detection, monitoring, intrusion, events, signatures","Detection and alerting outcomes align to Alerts, Intrusion_Detection and Event_Signatures.",https://www.pcisecuritystandards.org/document_library/,"Framework control area classified to DIG governance capability, then capability mapped to discovered Splunk CIM datamodel.",DIG seed - review recommended,"Alerting and Detection: Detection and alerting outcomes align to Alerts, Intrusion_Detection and Event_Signatures.",2026-06-11T15:26:33Z
PCI-DSS,4.0.1,Req 10 - Logging and Monitoring,Req 10,Authentication Monitoring,Authentication,High,High,High,"Retain raw events where required for investigation, audit evidence, breach analysis, or operational validation.",Keep searchable for audit/investigation window; archive per policy thereafter,Do not filter governance-relevant fields before indexing; consider selective edge reduction only after validating required evidence.,Tier 1,"authentication, logon, login, credentials, MFA, session, access attempt",Access monitoring and authentication evidence aligns directly to Authentication events.,https://www.pcisecuritystandards.org/document_library/,"Framework control area classified to DIG governance capability, then capability mapped to discovered Splunk CIM datamodel.",DIG seed - review recommended,Authentication Monitoring: Access monitoring and authentication evidence aligns directly to Authentication events.,2026-06-11T15:26:33Z
PCI-DSS,4.0.1,Req 10 - Logging and Monitoring,Req 10,Change Monitoring,Change,Medium-High,High,Medium-High,"Retain raw events where required for investigation, audit evidence, breach analysis, or operational validation.",Keep searchable for security operations and evidence review; archive per policy thereafter,Do not filter governance-relevant fields before indexing; consider selective edge reduction only after validating required evidence.,Tier 2,"change, configuration, system changes, modification, integrity",Configuration and system modification evidence aligns to Change and Change_Analysis.,https://www.pcisecuritystandards.org/document_library/,"Framework control area classified to DIG governance capability, then capability mapped to discovered Splunk CIM datamodel.",DIG seed - review recommended,Change Monitoring: Configuration and system modification evidence aligns to Change and Change_Analysis.,2026-06-11T15:26:33Z
PCI-DSS,4.0.1,Req 10 - Logging and Monitoring,Req 10,Change Monitoring,Change_Analysis,Medium-High,Medium,Medium-High,"Retain raw events where required for investigation, audit evidence, breach analysis, or operational validation.",Keep searchable for security operations and evidence review; archive per policy thereafter,Do not filter governance-relevant fields before indexing; consider selective edge reduction only after validating required evidence.,Tier 2,"change, configuration, system changes, modification, integrity",Configuration and system modification evidence aligns to Change and Change_Analysis.,https://www.pcisecuritystandards.org/document_library/,"Framework control area classified to DIG governance capability, then capability mapped to discovered Splunk CIM datamodel.",DIG seed - review recommended,Change Monitoring: Configuration and system modification evidence aligns to Change and Change_Analysis.,2026-06-11T15:26:33Z
PCI-DSS,4.0.1,Req 10 - Logging and Monitoring,Req 10,Endpoint Monitoring,Compute_Inventory,Medium-High,Medium,Medium-High,"Retain raw events where required for investigation, audit evidence, breach analysis, or operational validation.",Keep searchable for security operations and evidence review; archive per policy thereafter,Do not filter governance-relevant fields before indexing; consider selective edge reduction only after validating required evidence.,Tier 2,"endpoint, system, host, device, process, workload, inventory","Host, endpoint and asset telemetry aligns to Endpoint and Compute_Inventory evidence.",https://www.pcisecuritystandards.org/document_library/,"Framework control area classified to DIG governance capability, then capability mapped to discovered Splunk CIM datamodel.",DIG seed - review recommended,"Endpoint Monitoring: Host, endpoint and asset telemetry aligns to Endpoint and Compute_Inventory evidence.",2026-06-11T15:26:33Z
PCI-DSS,4.0.1,Req 10 - Logging and Monitoring,Req 10,Endpoint Monitoring,Endpoint,Medium-High,High,Medium-High,"Retain raw events where required for investigation, audit evidence, breach analysis, or operational validation.",Keep searchable for security operations and evidence review; archive per policy thereafter,Do not filter governance-relevant fields before indexing; consider selective edge reduction only after validating required evidence.,Tier 2,"endpoint, system, host, device, process, workload, inventory","Host, endpoint and asset telemetry aligns to Endpoint and Compute_Inventory evidence.",https://www.pcisecuritystandards.org/document_library/,"Framework control area classified to DIG governance capability, then capability mapped to discovered Splunk CIM datamodel.",DIG seed - review recommended,"Endpoint Monitoring: Host, endpoint and asset telemetry aligns to Endpoint and Compute_Inventory evidence.",2026-06-11T15:26:33Z
PCI-DSS,4.0.1,Req 10 - Logging and Monitoring,Req 10,Network Monitoring,Network_Resolution,High,Medium,High,"Retain raw events where required for investigation, audit evidence, breach analysis, or operational validation.",Keep searchable for audit/investigation window; archive per policy thereafter,Do not filter governance-relevant fields before indexing; consider selective edge reduction only after validating required evidence.,Tier 1,"network, traffic, connections, communications, DNS, segmentation, perimeter","Network communication and name-resolution monitoring aligns to network traffic, sessions and resolution datamodels.",https://www.pcisecuritystandards.org/document_library/,"Framework control area classified to DIG governance capability, then capability mapped to discovered Splunk CIM datamodel.",DIG seed - review recommended,"Network Monitoring: Network communication and name-resolution monitoring aligns to network traffic, sessions and resolution datamodels.",2026-06-11T15:26:33Z
PCI-DSS,4.0.1,Req 10 - Logging and Monitoring,Req 10,Network Monitoring,Network_Sessions,High,Medium,High,"Retain raw events where required for investigation, audit evidence, breach analysis, or operational validation.",Keep searchable for audit/investigation window; archive per policy thereafter,Do not filter governance-relevant fields before indexing; consider selective edge reduction only after validating required evidence.,Tier 1,"network, traffic, connections, communications, DNS, segmentation, perimeter","Network communication and name-resolution monitoring aligns to network traffic, sessions and resolution datamodels.",https://www.pcisecuritystandards.org/document_library/,"Framework control area classified to DIG governance capability, then capability mapped to discovered Splunk CIM datamodel.",DIG seed - review recommended,"Network Monitoring: Network communication and name-resolution monitoring aligns to network traffic, sessions and resolution datamodels.",2026-06-11T15:26:33Z
PCI-DSS,4.0.1,Req 10 - Logging and Monitoring,Req 10,Network Monitoring,Network_Traffic,High,High,High,"Retain raw events where required for investigation, audit evidence, breach analysis, or operational validation.",Keep searchable for audit/investigation window; archive per policy thereafter,Do not filter governance-relevant fields before indexing; consider selective edge reduction only after validating required evidence.,Tier 1,"network, traffic, connections, communications, DNS, segmentation, perimeter","Network communication and name-resolution monitoring aligns to network traffic, sessions and resolution datamodels.",https://www.pcisecuritystandards.org/document_library/,"Framework control area classified to DIG governance capability, then capability mapped to discovered Splunk CIM datamodel.",DIG seed - review recommended,"Network Monitoring: Network communication and name-resolution monitoring aligns to network traffic, sessions and resolution datamodels.",2026-06-11T15:26:33Z
PCI-DSS,4.0.1,Req 11 - Security Testing,Req 11,Alerting and Detection,Alerts,High,High,High,"Retain raw events where required for investigation, audit evidence, breach analysis, or operational validation.",Keep searchable for audit/investigation window; archive per policy thereafter,Do not filter governance-relevant fields before indexing; consider selective edge reduction only after validating required evidence.,Tier 1,"alerts, detection, monitoring, intrusion, events, signatures","Detection and alerting outcomes align to Alerts, Intrusion_Detection and Event_Signatures.",https://www.pcisecuritystandards.org/document_library/,"Framework control area classified to DIG governance capability, then capability mapped to discovered Splunk CIM datamodel.",DIG seed - review recommended,"Alerting and Detection: Detection and alerting outcomes align to Alerts, Intrusion_Detection and Event_Signatures.",2026-06-11T15:26:33Z
PCI-DSS,4.0.1,Req 11 - Security Testing,Req 11,Alerting and Detection,Event_Signatures,High,Medium,High,"Retain raw events where required for investigation, audit evidence, breach analysis, or operational validation.",Keep searchable for audit/investigation window; archive per policy thereafter,Do not filter governance-relevant fields before indexing; consider selective edge reduction only after validating required evidence.,Tier 1,"alerts, detection, monitoring, intrusion, events, signatures","Detection and alerting outcomes align to Alerts, Intrusion_Detection and Event_Signatures.",https://www.pcisecuritystandards.org/document_library/,"Framework control area classified to DIG governance capability, then capability mapped to discovered Splunk CIM datamodel.",DIG seed - review recommended,"Alerting and Detection: Detection and alerting outcomes align to Alerts, Intrusion_Detection and Event_Signatures.",2026-06-11T15:26:33Z
PCI-DSS,4.0.1,Req 11 - Security Testing,Req 11,Alerting and Detection,Intrusion_Detection,High,Medium,High,"Retain raw events where required for investigation, audit evidence, breach analysis, or operational validation.",Keep searchable for audit/investigation window; archive per policy thereafter,Do not filter governance-relevant fields before indexing; consider selective edge reduction only after validating required evidence.,Tier 1,"alerts, detection, monitoring, intrusion, events, signatures","Detection and alerting outcomes align to Alerts, Intrusion_Detection and Event_Signatures.",https://www.pcisecuritystandards.org/document_library/,"Framework control area classified to DIG governance capability, then capability mapped to discovered Splunk CIM datamodel.",DIG seed - review recommended,"Alerting and Detection: Detection and alerting outcomes align to Alerts, Intrusion_Detection and Event_Signatures.",2026-06-11T15:26:33Z
PCI-DSS,4.0.1,Req 11 - Security Testing,Req 11,Vulnerability Management,Updates,Medium-High,Medium,Medium-High,"Retain raw events where required for investigation, audit evidence, breach analysis, or operational validation.",Keep searchable for security operations and evidence review; archive per policy thereafter,Do not filter governance-relevant fields before indexing; consider selective edge reduction only after validating required evidence.,Tier 1,"vulnerability, patching, remediation, updates, weaknesses",Vulnerability discovery and remediation evidence aligns to Vulnerabilities and Updates.,https://www.pcisecuritystandards.org/document_library/,"Framework control area classified to DIG governance capability, then capability mapped to discovered Splunk CIM datamodel.",DIG seed - review recommended,Vulnerability Management: Vulnerability discovery and remediation evidence aligns to Vulnerabilities and Updates.,2026-06-11T15:26:33Z
PCI-DSS,4.0.1,Req 11 - Security Testing,Req 11,Vulnerability Management,Vulnerabilities,Medium-High,High,Medium-High,"Retain raw events where required for investigation, audit evidence, breach analysis, or operational validation.",Keep searchable for security operations and evidence review; archive per policy thereafter,Do not filter governance-relevant fields before indexing; consider selective edge reduction only after validating required evidence.,Tier 1,"vulnerability, patching, remediation, updates, weaknesses",Vulnerability discovery and remediation evidence aligns to Vulnerabilities and Updates.,https://www.pcisecuritystandards.org/document_library/,"Framework control area classified to DIG governance capability, then capability mapped to discovered Splunk CIM datamodel.",DIG seed - review recommended,Vulnerability Management: Vulnerability discovery and remediation evidence aligns to Vulnerabilities and Updates.,2026-06-11T15:26:33Z
PCI-DSS,4.0.1,Req 12 - Security Program and Incident Response,Req 12,Alerting and Detection,Alerts,High,High,High,"Retain raw events where required for investigation, audit evidence, breach analysis, or operational validation.",Keep searchable for audit/investigation window; archive per policy thereafter,Do not filter governance-relevant fields before indexing; consider selective edge reduction only after validating required evidence.,Tier 1,"alerts, detection, monitoring, intrusion, events, signatures","Detection and alerting outcomes align to Alerts, Intrusion_Detection and Event_Signatures.",https://www.pcisecuritystandards.org/document_library/,"Framework control area classified to DIG governance capability, then capability mapped to discovered Splunk CIM datamodel.",DIG seed - review recommended,"Alerting and Detection: Detection and alerting outcomes align to Alerts, Intrusion_Detection and Event_Signatures.",2026-06-11T15:26:33Z
PCI-DSS,4.0.1,Req 12 - Security Program and Incident Response,Req 12,Alerting and Detection,Event_Signatures,High,Medium,High,"Retain raw events where required for investigation, audit evidence, breach analysis, or operational validation.",Keep searchable for audit/investigation window; archive per policy thereafter,Do not filter governance-relevant fields before indexing; consider selective edge reduction only after validating required evidence.,Tier 1,"alerts, detection, monitoring, intrusion, events, signatures","Detection and alerting outcomes align to Alerts, Intrusion_Detection and Event_Signatures.",https://www.pcisecuritystandards.org/document_library/,"Framework control area classified to DIG governance capability, then capability mapped to discovered Splunk CIM datamodel.",DIG seed - review recommended,"Alerting and Detection: Detection and alerting outcomes align to Alerts, Intrusion_Detection and Event_Signatures.",2026-06-11T15:26:33Z
PCI-DSS,4.0.1,Req 12 - Security Program and Incident Response,Req 12,Alerting and Detection,Intrusion_Detection,High,Medium,High,"Retain raw events where required for investigation, audit evidence, breach analysis, or operational validation.",Keep searchable for audit/investigation window; archive per policy thereafter,Do not filter governance-relevant fields before indexing; consider selective edge reduction only after validating required evidence.,Tier 1,"alerts, detection, monitoring, intrusion, events, signatures","Detection and alerting outcomes align to Alerts, Intrusion_Detection and Event_Signatures.",https://www.pcisecuritystandards.org/document_library/,"Framework control area classified to DIG governance capability, then capability mapped to discovered Splunk CIM datamodel.",DIG seed - review recommended,"Alerting and Detection: Detection and alerting outcomes align to Alerts, Intrusion_Detection and Event_Signatures.",2026-06-11T15:26:33Z
PCI-DSS,4.0.1,Req 12 - Security Program and Incident Response,Req 12,Incident and Case Management,Alerts,High,High,High,"Retain raw events where required for investigation, audit evidence, breach analysis, or operational validation.",Keep searchable for audit/investigation window; archive per policy thereafter,Do not filter governance-relevant fields before indexing; consider selective edge reduction only after validating required evidence.,Tier 1,"incident, response, case, escalation, ticket, reporting",Incident response and case-handling evidence aligns to Ticket_Management and Alerts.,https://www.pcisecuritystandards.org/document_library/,"Framework control area classified to DIG governance capability, then capability mapped to discovered Splunk CIM datamodel.",DIG seed - review recommended,Incident and Case Management: Incident response and case-handling evidence aligns to Ticket_Management and Alerts.,2026-06-11T15:26:33Z
PCI-DSS,4.0.1,Req 12 - Security Program and Incident Response,Req 12,Incident and Case Management,Ticket_Management,High,High,High,"Retain raw events where required for investigation, audit evidence, breach analysis, or operational validation.",Keep searchable for audit/investigation window; archive per policy thereafter,Do not filter governance-relevant fields before indexing; consider selective edge reduction only after validating required evidence.,Tier 1,"incident, response, case, escalation, ticket, reporting",Incident response and case-handling evidence aligns to Ticket_Management and Alerts.,https://www.pcisecuritystandards.org/document_library/,"Framework control area classified to DIG governance capability, then capability mapped to discovered Splunk CIM datamodel.",DIG seed - review recommended,Incident and Case Management: Incident response and case-handling evidence aligns to Ticket_Management and Alerts.,2026-06-11T15:26:33Z
PCI-DSS,4.0.1,Req 2 - Secure Configurations,Req 2,Change Monitoring,Change,Medium-High,High,Medium-High,"Retain raw events where required for investigation, audit evidence, breach analysis, or operational validation.",Keep searchable for security operations and evidence review; archive per policy thereafter,Do not filter governance-relevant fields before indexing; consider selective edge reduction only after validating required evidence.,Tier 2,"change, configuration, system changes, modification, integrity",Configuration and system modification evidence aligns to Change and Change_Analysis.,https://www.pcisecuritystandards.org/document_library/,"Framework control area classified to DIG governance capability, then capability mapped to discovered Splunk CIM datamodel.",DIG seed - review recommended,Change Monitoring: Configuration and system modification evidence aligns to Change and Change_Analysis.,2026-06-11T15:26:33Z
PCI-DSS,4.0.1,Req 2 - Secure Configurations,Req 2,Change Monitoring,Change_Analysis,Medium-High,Medium,Medium-High,"Retain raw events where required for investigation, audit evidence, breach analysis, or operational validation.",Keep searchable for security operations and evidence review; archive per policy thereafter,Do not filter governance-relevant fields before indexing; consider selective edge reduction only after validating required evidence.,Tier 2,"change, configuration, system changes, modification, integrity",Configuration and system modification evidence aligns to Change and Change_Analysis.,https://www.pcisecuritystandards.org/document_library/,"Framework control area classified to DIG governance capability, then capability mapped to discovered Splunk CIM datamodel.",DIG seed - review recommended,Change Monitoring: Configuration and system modification evidence aligns to Change and Change_Analysis.,2026-06-11T15:26:33Z
PCI-DSS,4.0.1,Req 2 - Secure Configurations,Req 2,Endpoint Monitoring,Compute_Inventory,Medium-High,Medium,Medium-High,"Retain raw events where required for investigation, audit evidence, breach analysis, or operational validation.",Keep searchable for security operations and evidence review; archive per policy thereafter,Do not filter governance-relevant fields before indexing; consider selective edge reduction only after validating required evidence.,Tier 2,"endpoint, system, host, device, process, workload, inventory","Host, endpoint and asset telemetry aligns to Endpoint and Compute_Inventory evidence.",https://www.pcisecuritystandards.org/document_library/,"Framework control area classified to DIG governance capability, then capability mapped to discovered Splunk CIM datamodel.",DIG seed - review recommended,"Endpoint Monitoring: Host, endpoint and asset telemetry aligns to Endpoint and Compute_Inventory evidence.",2026-06-11T15:26:33Z
PCI-DSS,4.0.1,Req 2 - Secure Configurations,Req 2,Endpoint Monitoring,Endpoint,Medium-High,High,Medium-High,"Retain raw events where required for investigation, audit evidence, breach analysis, or operational validation.",Keep searchable for security operations and evidence review; archive per policy thereafter,Do not filter governance-relevant fields before indexing; consider selective edge reduction only after validating required evidence.,Tier 2,"endpoint, system, host, device, process, workload, inventory","Host, endpoint and asset telemetry aligns to Endpoint and Compute_Inventory evidence.",https://www.pcisecuritystandards.org/document_library/,"Framework control area classified to DIG governance capability, then capability mapped to discovered Splunk CIM datamodel.",DIG seed - review recommended,"Endpoint Monitoring: Host, endpoint and asset telemetry aligns to Endpoint and Compute_Inventory evidence.",2026-06-11T15:26:33Z
PCI-DSS,4.0.1,Req 2 - Secure Configurations,Req 2,Vulnerability Management,Updates,Medium-High,Medium,Medium-High,"Retain raw events where required for investigation, audit evidence, breach analysis, or operational validation.",Keep searchable for security operations and evidence review; archive per policy thereafter,Do not filter governance-relevant fields before indexing; consider selective edge reduction only after validating required evidence.,Tier 1,"vulnerability, patching, remediation, updates, weaknesses",Vulnerability discovery and remediation evidence aligns to Vulnerabilities and Updates.,https://www.pcisecuritystandards.org/document_library/,"Framework control area classified to DIG governance capability, then capability mapped to discovered Splunk CIM datamodel.",DIG seed - review recommended,Vulnerability Management: Vulnerability discovery and remediation evidence aligns to Vulnerabilities and Updates.,2026-06-11T15:26:33Z
PCI-DSS,4.0.1,Req 2 - Secure Configurations,Req 2,Vulnerability Management,Vulnerabilities,Medium-High,High,Medium-High,"Retain raw events where required for investigation, audit evidence, breach analysis, or operational validation.",Keep searchable for security operations and evidence review; archive per policy thereafter,Do not filter governance-relevant fields before indexing; consider selective edge reduction only after validating required evidence.,Tier 1,"vulnerability, patching, remediation, updates, weaknesses",Vulnerability discovery and remediation evidence aligns to Vulnerabilities and Updates.,https://www.pcisecuritystandards.org/document_library/,"Framework control area classified to DIG governance capability, then capability mapped to discovered Splunk CIM datamodel.",DIG seed - review recommended,Vulnerability Management: Vulnerability discovery and remediation evidence aligns to Vulnerabilities and Updates.,2026-06-11T15:26:33Z
PCI-DSS,4.0.1,Req 3 - Account Data Protection,Req 3,Certificate and Crypto Monitoring,Certificates,Medium-High,High,Medium-High,"Retain raw events where required for investigation, audit evidence, breach analysis, or operational validation.",Keep searchable for security operations and evidence review; archive per policy thereafter,Do not filter governance-relevant fields before indexing; consider selective edge reduction only after validating required evidence.,Tier 2,"certificate, cryptography, encryption, key management, TLS",Certificate and cryptographic lifecycle telemetry aligns to Certificates.,https://www.pcisecuritystandards.org/document_library/,"Framework control area classified to DIG governance capability, then capability mapped to discovered Splunk CIM datamodel.",DIG seed - review recommended,Certificate and Crypto Monitoring: Certificate and cryptographic lifecycle telemetry aligns to Certificates.,2026-06-11T15:26:33Z
PCI-DSS,4.0.1,Req 3 - Account Data Protection,Req 3,Data Access Monitoring,DLP,High,Medium,High,"Retain raw events where required for investigation, audit evidence, breach analysis, or operational validation.",Keep searchable for audit/investigation window; archive per policy thereafter,Do not filter governance-relevant fields before indexing; consider selective edge reduction only after validating required evidence.,Tier 1,"data access, sensitive data, cardholder data, personal data, confidentiality, exfiltration",Controls requiring visibility of sensitive data access or loss prevention align to Data_Access and DLP.,https://www.pcisecuritystandards.org/document_library/,"Framework control area classified to DIG governance capability, then capability mapped to discovered Splunk CIM datamodel.",DIG seed - review recommended,Data Access Monitoring: Controls requiring visibility of sensitive data access or loss prevention align to Data_Access and DLP.,2026-06-11T15:26:33Z
PCI-DSS,4.0.1,Req 3 - Account Data Protection,Req 3,Data Access Monitoring,Data_Access,High,High,High,"Retain raw events where required for investigation, audit evidence, breach analysis, or operational validation.",Keep searchable for audit/investigation window; archive per policy thereafter,Do not filter governance-relevant fields before indexing; consider selective edge reduction only after validating required evidence.,Tier 1,"data access, sensitive data, cardholder data, personal data, confidentiality, exfiltration",Controls requiring visibility of sensitive data access or loss prevention align to Data_Access and DLP.,https://www.pcisecuritystandards.org/document_library/,"Framework control area classified to DIG governance capability, then capability mapped to discovered Splunk CIM datamodel.",DIG seed - review recommended,Data Access Monitoring: Controls requiring visibility of sensitive data access or loss prevention align to Data_Access and DLP.,2026-06-11T15:26:33Z
PCI-DSS,4.0.1,Req 4 - Cryptographic Transmission Protection,Req 4,Certificate and Crypto Monitoring,Certificates,Medium-High,High,Medium-High,"Retain raw events where required for investigation, audit evidence, breach analysis, or operational validation.",Keep searchable for security operations and evidence review; archive per policy thereafter,Do not filter governance-relevant fields before indexing; consider selective edge reduction only after validating required evidence.,Tier 2,"certificate, cryptography, encryption, key management, TLS",Certificate and cryptographic lifecycle telemetry aligns to Certificates.,https://www.pcisecuritystandards.org/document_library/,"Framework control area classified to DIG governance capability, then capability mapped to discovered Splunk CIM datamodel.",DIG seed - review recommended,Certificate and Crypto Monitoring: Certificate and cryptographic lifecycle telemetry aligns to Certificates.,2026-06-11T15:26:33Z
PCI-DSS,4.0.1,Req 4 - Cryptographic Transmission Protection,Req 4,Network Monitoring,Network_Resolution,High,Medium,High,"Retain raw events where required for investigation, audit evidence, breach analysis, or operational validation.",Keep searchable for audit/investigation window; archive per policy thereafter,Do not filter governance-relevant fields before indexing; consider selective edge reduction only after validating required evidence.,Tier 1,"network, traffic, connections, communications, DNS, segmentation, perimeter","Network communication and name-resolution monitoring aligns to network traffic, sessions and resolution datamodels.",https://www.pcisecuritystandards.org/document_library/,"Framework control area classified to DIG governance capability, then capability mapped to discovered Splunk CIM datamodel.",DIG seed - review recommended,"Network Monitoring: Network communication and name-resolution monitoring aligns to network traffic, sessions and resolution datamodels.",2026-06-11T15:26:33Z
PCI-DSS,4.0.1,Req 4 - Cryptographic Transmission Protection,Req 4,Network Monitoring,Network_Sessions,High,Medium,High,"Retain raw events where required for investigation, audit evidence, breach analysis, or operational validation.",Keep searchable for audit/investigation window; archive per policy thereafter,Do not filter governance-relevant fields before indexing; consider selective edge reduction only after validating required evidence.,Tier 1,"network, traffic, connections, communications, DNS, segmentation, perimeter","Network communication and name-resolution monitoring aligns to network traffic, sessions and resolution datamodels.",https://www.pcisecuritystandards.org/document_library/,"Framework control area classified to DIG governance capability, then capability mapped to discovered Splunk CIM datamodel.",DIG seed - review recommended,"Network Monitoring: Network communication and name-resolution monitoring aligns to network traffic, sessions and resolution datamodels.",2026-06-11T15:26:33Z
PCI-DSS,4.0.1,Req 4 - Cryptographic Transmission Protection,Req 4,Network Monitoring,Network_Traffic,High,High,High,"Retain raw events where required for investigation, audit evidence, breach analysis, or operational validation.",Keep searchable for audit/investigation window; archive per policy thereafter,Do not filter governance-relevant fields before indexing; consider selective edge reduction only after validating required evidence.,Tier 1,"network, traffic, connections, communications, DNS, segmentation, perimeter","Network communication and name-resolution monitoring aligns to network traffic, sessions and resolution datamodels.",https://www.pcisecuritystandards.org/document_library/,"Framework control area classified to DIG governance capability, then capability mapped to discovered Splunk CIM datamodel.",DIG seed - review recommended,"Network Monitoring: Network communication and name-resolution monitoring aligns to network traffic, sessions and resolution datamodels.",2026-06-11T15:26:33Z
PCI-DSS,4.0.1,Req 5 - Malicious Software Protection,Req 5,Endpoint Monitoring,Compute_Inventory,Medium-High,Medium,Medium-High,"Retain raw events where required for investigation, audit evidence, breach analysis, or operational validation.",Keep searchable for security operations and evidence review; archive per policy thereafter,Do not filter governance-relevant fields before indexing; consider selective edge reduction only after validating required evidence.,Tier 2,"endpoint, system, host, device, process, workload, inventory","Host, endpoint and asset telemetry aligns to Endpoint and Compute_Inventory evidence.",https://www.pcisecuritystandards.org/document_library/,"Framework control area classified to DIG governance capability, then capability mapped to discovered Splunk CIM datamodel.",DIG seed - review recommended,"Endpoint Monitoring: Host, endpoint and asset telemetry aligns to Endpoint and Compute_Inventory evidence.",2026-06-11T15:26:33Z
PCI-DSS,4.0.1,Req 5 - Malicious Software Protection,Req 5,Endpoint Monitoring,Endpoint,Medium-High,High,Medium-High,"Retain raw events where required for investigation, audit evidence, breach analysis, or operational validation.",Keep searchable for security operations and evidence review; archive per policy thereafter,Do not filter governance-relevant fields before indexing; consider selective edge reduction only after validating required evidence.,Tier 2,"endpoint, system, host, device, process, workload, inventory","Host, endpoint and asset telemetry aligns to Endpoint and Compute_Inventory evidence.",https://www.pcisecuritystandards.org/document_library/,"Framework control area classified to DIG governance capability, then capability mapped to discovered Splunk CIM datamodel.",DIG seed - review recommended,"Endpoint Monitoring: Host, endpoint and asset telemetry aligns to Endpoint and Compute_Inventory evidence.",2026-06-11T15:26:33Z
PCI-DSS,4.0.1,Req 5 - Malicious Software Protection,Req 5,Malware Monitoring,Endpoint,Medium-High,High,Medium-High,"Retain raw events where required for investigation, audit evidence, breach analysis, or operational validation.",Keep searchable for security operations and evidence review; archive per policy thereafter,Do not filter governance-relevant fields before indexing; consider selective edge reduction only after validating required evidence.,Tier 1,"malware, malicious code, anti-malware, malicious activity",Malware detection and protection telemetry aligns to Malware with Endpoint as supporting context.,https://www.pcisecuritystandards.org/document_library/,"Framework control area classified to DIG governance capability, then capability mapped to discovered Splunk CIM datamodel.",DIG seed - review recommended,Malware Monitoring: Malware detection and protection telemetry aligns to Malware with Endpoint as supporting context.,2026-06-11T15:26:33Z
PCI-DSS,4.0.1,Req 5 - Malicious Software Protection,Req 5,Malware Monitoring,Malware,Medium-High,High,Medium-High,"Retain raw events where required for investigation, audit evidence, breach analysis, or operational validation.",Keep searchable for security operations and evidence review; archive per policy thereafter,Do not filter governance-relevant fields before indexing; consider selective edge reduction only after validating required evidence.,Tier 1,"malware, malicious code, anti-malware, malicious activity",Malware detection and protection telemetry aligns to Malware with Endpoint as supporting context.,https://www.pcisecuritystandards.org/document_library/,"Framework control area classified to DIG governance capability, then capability mapped to discovered Splunk CIM datamodel.",DIG seed - review recommended,Malware Monitoring: Malware detection and protection telemetry aligns to Malware with Endpoint as supporting context.,2026-06-11T15:26:33Z
PCI-DSS,4.0.1,Req 6 - Secure Systems and Software,Req 6,Change Monitoring,Change,Medium-High,High,Medium-High,"Retain raw events where required for investigation, audit evidence, breach analysis, or operational validation.",Keep searchable for security operations and evidence review; archive per policy thereafter,Do not filter governance-relevant fields before indexing; consider selective edge reduction only after validating required evidence.,Tier 2,"change, configuration, system changes, modification, integrity",Configuration and system modification evidence aligns to Change and Change_Analysis.,https://www.pcisecuritystandards.org/document_library/,"Framework control area classified to DIG governance capability, then capability mapped to discovered Splunk CIM datamodel.",DIG seed - review recommended,Change Monitoring: Configuration and system modification evidence aligns to Change and Change_Analysis.,2026-06-11T15:26:33Z
PCI-DSS,4.0.1,Req 6 - Secure Systems and Software,Req 6,Change Monitoring,Change_Analysis,Medium-High,Medium,Medium-High,"Retain raw events where required for investigation, audit evidence, breach analysis, or operational validation.",Keep searchable for security operations and evidence review; archive per policy thereafter,Do not filter governance-relevant fields before indexing; consider selective edge reduction only after validating required evidence.,Tier 2,"change, configuration, system changes, modification, integrity",Configuration and system modification evidence aligns to Change and Change_Analysis.,https://www.pcisecuritystandards.org/document_library/,"Framework control area classified to DIG governance capability, then capability mapped to discovered Splunk CIM datamodel.",DIG seed - review recommended,Change Monitoring: Configuration and system modification evidence aligns to Change and Change_Analysis.,2026-06-11T15:26:33Z
PCI-DSS,4.0.1,Req 6 - Secure Systems and Software,Req 6,Endpoint Monitoring,Compute_Inventory,Medium-High,Medium,Medium-High,"Retain raw events where required for investigation, audit evidence, breach analysis, or operational validation.",Keep searchable for security operations and evidence review; archive per policy thereafter,Do not filter governance-relevant fields before indexing; consider selective edge reduction only after validating required evidence.,Tier 2,"endpoint, system, host, device, process, workload, inventory","Host, endpoint and asset telemetry aligns to Endpoint and Compute_Inventory evidence.",https://www.pcisecuritystandards.org/document_library/,"Framework control area classified to DIG governance capability, then capability mapped to discovered Splunk CIM datamodel.",DIG seed - review recommended,"Endpoint Monitoring: Host, endpoint and asset telemetry aligns to Endpoint and Compute_Inventory evidence.",2026-06-11T15:26:33Z
PCI-DSS,4.0.1,Req 6 - Secure Systems and Software,Req 6,Endpoint Monitoring,Endpoint,Medium-High,High,Medium-High,"Retain raw events where required for investigation, audit evidence, breach analysis, or operational validation.",Keep searchable for security operations and evidence review; archive per policy thereafter,Do not filter governance-relevant fields before indexing; consider selective edge reduction only after validating required evidence.,Tier 2,"endpoint, system, host, device, process, workload, inventory","Host, endpoint and asset telemetry aligns to Endpoint and Compute_Inventory evidence.",https://www.pcisecuritystandards.org/document_library/,"Framework control area classified to DIG governance capability, then capability mapped to discovered Splunk CIM datamodel.",DIG seed - review recommended,"Endpoint Monitoring: Host, endpoint and asset telemetry aligns to Endpoint and Compute_Inventory evidence.",2026-06-11T15:26:33Z
PCI-DSS,4.0.1,Req 6 - Secure Systems and Software,Req 6,Vulnerability Management,Updates,Medium-High,Medium,Medium-High,"Retain raw events where required for investigation, audit evidence, breach analysis, or operational validation.",Keep searchable for security operations and evidence review; archive per policy thereafter,Do not filter governance-relevant fields before indexing; consider selective edge reduction only after validating required evidence.,Tier 1,"vulnerability, patching, remediation, updates, weaknesses",Vulnerability discovery and remediation evidence aligns to Vulnerabilities and Updates.,https://www.pcisecuritystandards.org/document_library/,"Framework control area classified to DIG governance capability, then capability mapped to discovered Splunk CIM datamodel.",DIG seed - review recommended,Vulnerability Management: Vulnerability discovery and remediation evidence aligns to Vulnerabilities and Updates.,2026-06-11T15:26:33Z
PCI-DSS,4.0.1,Req 6 - Secure Systems and Software,Req 6,Vulnerability Management,Vulnerabilities,Medium-High,High,Medium-High,"Retain raw events where required for investigation, audit evidence, breach analysis, or operational validation.",Keep searchable for security operations and evidence review; archive per policy thereafter,Do not filter governance-relevant fields before indexing; consider selective edge reduction only after validating required evidence.,Tier 1,"vulnerability, patching, remediation, updates, weaknesses",Vulnerability discovery and remediation evidence aligns to Vulnerabilities and Updates.,https://www.pcisecuritystandards.org/document_library/,"Framework control area classified to DIG governance capability, then capability mapped to discovered Splunk CIM datamodel.",DIG seed - review recommended,Vulnerability Management: Vulnerability discovery and remediation evidence aligns to Vulnerabilities and Updates.,2026-06-11T15:26:33Z
PCI-DSS,4.0.1,Req 7 - Access Restriction,Req 7,Authentication Monitoring,Authentication,High,High,High,"Retain raw events where required for investigation, audit evidence, breach analysis, or operational validation.",Keep searchable for audit/investigation window; archive per policy thereafter,Do not filter governance-relevant fields before indexing; consider selective edge reduction only after validating required evidence.,Tier 1,"authentication, logon, login, credentials, MFA, session, access attempt",Access monitoring and authentication evidence aligns directly to Authentication events.,https://www.pcisecuritystandards.org/document_library/,"Framework control area classified to DIG governance capability, then capability mapped to discovered Splunk CIM datamodel.",DIG seed - review recommended,Authentication Monitoring: Access monitoring and authentication evidence aligns directly to Authentication events.,2026-06-11T15:26:33Z
PCI-DSS,4.0.1,Req 7 - Access Restriction,Req 7,Data Access Monitoring,DLP,High,Medium,High,"Retain raw events where required for investigation, audit evidence, breach analysis, or operational validation.",Keep searchable for audit/investigation window; archive per policy thereafter,Do not filter governance-relevant fields before indexing; consider selective edge reduction only after validating required evidence.,Tier 1,"data access, sensitive data, cardholder data, personal data, confidentiality, exfiltration",Controls requiring visibility of sensitive data access or loss prevention align to Data_Access and DLP.,https://www.pcisecuritystandards.org/document_library/,"Framework control area classified to DIG governance capability, then capability mapped to discovered Splunk CIM datamodel.",DIG seed - review recommended,Data Access Monitoring: Controls requiring visibility of sensitive data access or loss prevention align to Data_Access and DLP.,2026-06-11T15:26:33Z
PCI-DSS,4.0.1,Req 7 - Access Restriction,Req 7,Data Access Monitoring,Data_Access,High,High,High,"Retain raw events where required for investigation, audit evidence, breach analysis, or operational validation.",Keep searchable for audit/investigation window; archive per policy thereafter,Do not filter governance-relevant fields before indexing; consider selective edge reduction only after validating required evidence.,Tier 1,"data access, sensitive data, cardholder data, personal data, confidentiality, exfiltration",Controls requiring visibility of sensitive data access or loss prevention align to Data_Access and DLP.,https://www.pcisecuritystandards.org/document_library/,"Framework control area classified to DIG governance capability, then capability mapped to discovered Splunk CIM datamodel.",DIG seed - review recommended,Data Access Monitoring: Controls requiring visibility of sensitive data access or loss prevention align to Data_Access and DLP.,2026-06-11T15:26:33Z
PCI-DSS,4.0.1,Req 7 - Access Restriction,Req 7,Privileged Access Monitoring,Authentication,High,High,High,"Retain raw events where required for investigation, audit evidence, breach analysis, or operational validation.",Keep searchable for audit/investigation window; archive per policy thereafter,Do not filter governance-relevant fields before indexing; consider selective edge reduction only after validating required evidence.,Tier 1,"privileged access, administrator, remote access, account activity, access rights",Privileged activity requires authentication context and often administrative change evidence.,https://www.pcisecuritystandards.org/document_library/,"Framework control area classified to DIG governance capability, then capability mapped to discovered Splunk CIM datamodel.",DIG seed - review recommended,Privileged Access Monitoring: Privileged activity requires authentication context and often administrative change evidence.,2026-06-11T15:26:33Z
PCI-DSS,4.0.1,Req 7 - Access Restriction,Req 7,Privileged Access Monitoring,Change,High,High,High,"Retain raw events where required for investigation, audit evidence, breach analysis, or operational validation.",Keep searchable for audit/investigation window; archive per policy thereafter,Do not filter governance-relevant fields before indexing; consider selective edge reduction only after validating required evidence.,Tier 1,"privileged access, administrator, remote access, account activity, access rights",Privileged activity requires authentication context and often administrative change evidence.,https://www.pcisecuritystandards.org/document_library/,"Framework control area classified to DIG governance capability, then capability mapped to discovered Splunk CIM datamodel.",DIG seed - review recommended,Privileged Access Monitoring: Privileged activity requires authentication context and often administrative change evidence.,2026-06-11T15:26:33Z
PCI-DSS,4.0.1,Req 8 - User Identification and Authentication,Req 8,Authentication Monitoring,Authentication,High,High,High,"Retain raw events where required for investigation, audit evidence, breach analysis, or operational validation.",Keep searchable for audit/investigation window; archive per policy thereafter,Do not filter governance-relevant fields before indexing; consider selective edge reduction only after validating required evidence.,Tier 1,"authentication, logon, login, credentials, MFA, session, access attempt",Access monitoring and authentication evidence aligns directly to Authentication events.,https://www.pcisecuritystandards.org/document_library/,"Framework control area classified to DIG governance capability, then capability mapped to discovered Splunk CIM datamodel.",DIG seed - review recommended,Authentication Monitoring: Access monitoring and authentication evidence aligns directly to Authentication events.,2026-06-11T15:26:33Z
PCI-DSS,4.0.1,Req 8 - User Identification and Authentication,Req 8,Privileged Access Monitoring,Authentication,High,High,High,"Retain raw events where required for investigation, audit evidence, breach analysis, or operational validation.",Keep searchable for audit/investigation window; archive per policy thereafter,Do not filter governance-relevant fields before indexing; consider selective edge reduction only after validating required evidence.,Tier 1,"privileged access, administrator, remote access, account activity, access rights",Privileged activity requires authentication context and often administrative change evidence.,https://www.pcisecuritystandards.org/document_library/,"Framework control area classified to DIG governance capability, then capability mapped to discovered Splunk CIM datamodel.",DIG seed - review recommended,Privileged Access Monitoring: Privileged activity requires authentication context and often administrative change evidence.,2026-06-11T15:26:33Z
PCI-DSS,4.0.1,Req 8 - User Identification and Authentication,Req 8,Privileged Access Monitoring,Change,High,High,High,"Retain raw events where required for investigation, audit evidence, breach analysis, or operational validation.",Keep searchable for audit/investigation window; archive per policy thereafter,Do not filter governance-relevant fields before indexing; consider selective edge reduction only after validating required evidence.,Tier 1,"privileged access, administrator, remote access, account activity, access rights",Privileged activity requires authentication context and often administrative change evidence.,https://www.pcisecuritystandards.org/document_library/,"Framework control area classified to DIG governance capability, then capability mapped to discovered Splunk CIM datamodel.",DIG seed - review recommended,Privileged Access Monitoring: Privileged activity requires authentication context and often administrative change evidence.,2026-06-11T15:26:33Z
SOC 2,2017 TSC with revised points of focus 2022,Availability - System Availability and Resilience,Availability,Application and Service Resilience,Application_State,Medium,Medium,Medium,"Retain raw events where required for investigation, audit evidence, breach analysis, or operational validation.",Keep searchable where operational resilience evidence is required; archive per policy thereafter,Do not filter governance-relevant fields before indexing; consider selective edge reduction only after validating required evidence.,Tier 2,"availability, resilience, performance, service, application, database, processing integrity","Operational resilience and service health controls align to application, performance, JVM, database and messaging telemetry.",https://www.aicpa-cima.com/resources/download/2017-trust-services-criteria-with-revised-points-of-focus-2022,"Framework control area classified to DIG governance capability, then capability mapped to discovered Splunk CIM datamodel.",DIG seed - review recommended,"Application and Service Resilience: Operational resilience and service health controls align to application, performance, JVM, database and messaging telemetry.",2026-06-11T15:26:33Z
SOC 2,2017 TSC with revised points of focus 2022,Availability - System Availability and Resilience,Availability,Application and Service Resilience,Databases,Medium,Medium,Medium,"Retain raw events where required for investigation, audit evidence, breach analysis, or operational validation.",Keep searchable where operational resilience evidence is required; archive per policy thereafter,Do not filter governance-relevant fields before indexing; consider selective edge reduction only after validating required evidence.,Tier 2,"availability, resilience, performance, service, application, database, processing integrity","Operational resilience and service health controls align to application, performance, JVM, database and messaging telemetry.",https://www.aicpa-cima.com/resources/download/2017-trust-services-criteria-with-revised-points-of-focus-2022,"Framework control area classified to DIG governance capability, then capability mapped to discovered Splunk CIM datamodel.",DIG seed - review recommended,"Application and Service Resilience: Operational resilience and service health controls align to application, performance, JVM, database and messaging telemetry.",2026-06-11T15:26:33Z
SOC 2,2017 TSC with revised points of focus 2022,Availability - System Availability and Resilience,Availability,Application and Service Resilience,Interprocess_Messaging,Medium,Medium,Medium,"Retain raw events where required for investigation, audit evidence, breach analysis, or operational validation.",Keep searchable where operational resilience evidence is required; archive per policy thereafter,Do not filter governance-relevant fields before indexing; consider selective edge reduction only after validating required evidence.,Tier 2,"availability, resilience, performance, service, application, database, processing integrity","Operational resilience and service health controls align to application, performance, JVM, database and messaging telemetry.",https://www.aicpa-cima.com/resources/download/2017-trust-services-criteria-with-revised-points-of-focus-2022,"Framework control area classified to DIG governance capability, then capability mapped to discovered Splunk CIM datamodel.",DIG seed - review recommended,"Application and Service Resilience: Operational resilience and service health controls align to application, performance, JVM, database and messaging telemetry.",2026-06-11T15:26:33Z
SOC 2,2017 TSC with revised points of focus 2022,Availability - System Availability and Resilience,Availability,Application and Service Resilience,JVM,Medium,Medium,Medium,"Retain raw events where required for investigation, audit evidence, breach analysis, or operational validation.",Keep searchable where operational resilience evidence is required; archive per policy thereafter,Do not filter governance-relevant fields before indexing; consider selective edge reduction only after validating required evidence.,Tier 2,"availability, resilience, performance, service, application, database, processing integrity","Operational resilience and service health controls align to application, performance, JVM, database and messaging telemetry.",https://www.aicpa-cima.com/resources/download/2017-trust-services-criteria-with-revised-points-of-focus-2022,"Framework control area classified to DIG governance capability, then capability mapped to discovered Splunk CIM datamodel.",DIG seed - review recommended,"Application and Service Resilience: Operational resilience and service health controls align to application, performance, JVM, database and messaging telemetry.",2026-06-11T15:26:33Z
SOC 2,2017 TSC with revised points of focus 2022,Availability - System Availability and Resilience,Availability,Application and Service Resilience,Performance,Medium,Medium,Medium,"Retain raw events where required for investigation, audit evidence, breach analysis, or operational validation.",Keep searchable where operational resilience evidence is required; archive per policy thereafter,Do not filter governance-relevant fields before indexing; consider selective edge reduction only after validating required evidence.,Tier 2,"availability, resilience, performance, service, application, database, processing integrity","Operational resilience and service health controls align to application, performance, JVM, database and messaging telemetry.",https://www.aicpa-cima.com/resources/download/2017-trust-services-criteria-with-revised-points-of-focus-2022,"Framework control area classified to DIG governance capability, then capability mapped to discovered Splunk CIM datamodel.",DIG seed - review recommended,"Application and Service Resilience: Operational resilience and service health controls align to application, performance, JVM, database and messaging telemetry.",2026-06-11T15:26:33Z
SOC 2,2017 TSC with revised points of focus 2022,Availability - System Availability and Resilience,Availability,Incident and Case Management,Alerts,High,High,High,"Retain raw events where required for investigation, audit evidence, breach analysis, or operational validation.",Keep searchable for audit/investigation window; archive per policy thereafter,Do not filter governance-relevant fields before indexing; consider selective edge reduction only after validating required evidence.,Tier 1,"incident, response, case, escalation, ticket, reporting",Incident response and case-handling evidence aligns to Ticket_Management and Alerts.,https://www.aicpa-cima.com/resources/download/2017-trust-services-criteria-with-revised-points-of-focus-2022,"Framework control area classified to DIG governance capability, then capability mapped to discovered Splunk CIM datamodel.",DIG seed - review recommended,Incident and Case Management: Incident response and case-handling evidence aligns to Ticket_Management and Alerts.,2026-06-11T15:26:33Z
SOC 2,2017 TSC with revised points of focus 2022,Availability - System Availability and Resilience,Availability,Incident and Case Management,Ticket_Management,High,High,High,"Retain raw events where required for investigation, audit evidence, breach analysis, or operational validation.",Keep searchable for audit/investigation window; archive per policy thereafter,Do not filter governance-relevant fields before indexing; consider selective edge reduction only after validating required evidence.,Tier 1,"incident, response, case, escalation, ticket, reporting",Incident response and case-handling evidence aligns to Ticket_Management and Alerts.,https://www.aicpa-cima.com/resources/download/2017-trust-services-criteria-with-revised-points-of-focus-2022,"Framework control area classified to DIG governance capability, then capability mapped to discovered Splunk CIM datamodel.",DIG seed - review recommended,Incident and Case Management: Incident response and case-handling evidence aligns to Ticket_Management and Alerts.,2026-06-11T15:26:33Z
SOC 2,2017 TSC with revised points of focus 2022,CC6 - Logical and Physical Access Controls,CC6,Authentication Monitoring,Authentication,High,High,High,"Retain raw events where required for investigation, audit evidence, breach analysis, or operational validation.",Keep searchable for audit/investigation window; archive per policy thereafter,Do not filter governance-relevant fields before indexing; consider selective edge reduction only after validating required evidence.,Tier 1,"authentication, logon, login, credentials, MFA, session, access attempt",Access monitoring and authentication evidence aligns directly to Authentication events.,https://www.aicpa-cima.com/resources/download/2017-trust-services-criteria-with-revised-points-of-focus-2022,"Framework control area classified to DIG governance capability, then capability mapped to discovered Splunk CIM datamodel.",DIG seed - review recommended,Authentication Monitoring: Access monitoring and authentication evidence aligns directly to Authentication events.,2026-06-11T15:26:33Z
SOC 2,2017 TSC with revised points of focus 2022,CC6 - Logical and Physical Access Controls,CC6,Data Access Monitoring,DLP,High,Medium,High,"Retain raw events where required for investigation, audit evidence, breach analysis, or operational validation.",Keep searchable for audit/investigation window; archive per policy thereafter,Do not filter governance-relevant fields before indexing; consider selective edge reduction only after validating required evidence.,Tier 1,"data access, sensitive data, cardholder data, personal data, confidentiality, exfiltration",Controls requiring visibility of sensitive data access or loss prevention align to Data_Access and DLP.,https://www.aicpa-cima.com/resources/download/2017-trust-services-criteria-with-revised-points-of-focus-2022,"Framework control area classified to DIG governance capability, then capability mapped to discovered Splunk CIM datamodel.",DIG seed - review recommended,Data Access Monitoring: Controls requiring visibility of sensitive data access or loss prevention align to Data_Access and DLP.,2026-06-11T15:26:33Z
SOC 2,2017 TSC with revised points of focus 2022,CC6 - Logical and Physical Access Controls,CC6,Data Access Monitoring,Data_Access,High,High,High,"Retain raw events where required for investigation, audit evidence, breach analysis, or operational validation.",Keep searchable for audit/investigation window; archive per policy thereafter,Do not filter governance-relevant fields before indexing; consider selective edge reduction only after validating required evidence.,Tier 1,"data access, sensitive data, cardholder data, personal data, confidentiality, exfiltration",Controls requiring visibility of sensitive data access or loss prevention align to Data_Access and DLP.,https://www.aicpa-cima.com/resources/download/2017-trust-services-criteria-with-revised-points-of-focus-2022,"Framework control area classified to DIG governance capability, then capability mapped to discovered Splunk CIM datamodel.",DIG seed - review recommended,Data Access Monitoring: Controls requiring visibility of sensitive data access or loss prevention align to Data_Access and DLP.,2026-06-11T15:26:33Z
SOC 2,2017 TSC with revised points of focus 2022,CC6 - Logical and Physical Access Controls,CC6,Privileged Access Monitoring,Authentication,High,High,High,"Retain raw events where required for investigation, audit evidence, breach analysis, or operational validation.",Keep searchable for audit/investigation window; archive per policy thereafter,Do not filter governance-relevant fields before indexing; consider selective edge reduction only after validating required evidence.,Tier 1,"privileged access, administrator, remote access, account activity, access rights",Privileged activity requires authentication context and often administrative change evidence.,https://www.aicpa-cima.com/resources/download/2017-trust-services-criteria-with-revised-points-of-focus-2022,"Framework control area classified to DIG governance capability, then capability mapped to discovered Splunk CIM datamodel.",DIG seed - review recommended,Privileged Access Monitoring: Privileged activity requires authentication context and often administrative change evidence.,2026-06-11T15:26:33Z
SOC 2,2017 TSC with revised points of focus 2022,CC6 - Logical and Physical Access Controls,CC6,Privileged Access Monitoring,Change,High,High,High,"Retain raw events where required for investigation, audit evidence, breach analysis, or operational validation.",Keep searchable for audit/investigation window; archive per policy thereafter,Do not filter governance-relevant fields before indexing; consider selective edge reduction only after validating required evidence.,Tier 1,"privileged access, administrator, remote access, account activity, access rights",Privileged activity requires authentication context and often administrative change evidence.,https://www.aicpa-cima.com/resources/download/2017-trust-services-criteria-with-revised-points-of-focus-2022,"Framework control area classified to DIG governance capability, then capability mapped to discovered Splunk CIM datamodel.",DIG seed - review recommended,Privileged Access Monitoring: Privileged activity requires authentication context and often administrative change evidence.,2026-06-11T15:26:33Z
SOC 2,2017 TSC with revised points of focus 2022,CC7 - System Operations,CC7,Alerting and Detection,Alerts,High,High,High,"Retain raw events where required for investigation, audit evidence, breach analysis, or operational validation.",Keep searchable for audit/investigation window; archive per policy thereafter,Do not filter governance-relevant fields before indexing; consider selective edge reduction only after validating required evidence.,Tier 1,"alerts, detection, monitoring, intrusion, events, signatures","Detection and alerting outcomes align to Alerts, Intrusion_Detection and Event_Signatures.",https://www.aicpa-cima.com/resources/download/2017-trust-services-criteria-with-revised-points-of-focus-2022,"Framework control area classified to DIG governance capability, then capability mapped to discovered Splunk CIM datamodel.",DIG seed - review recommended,"Alerting and Detection: Detection and alerting outcomes align to Alerts, Intrusion_Detection and Event_Signatures.",2026-06-11T15:26:33Z
SOC 2,2017 TSC with revised points of focus 2022,CC7 - System Operations,CC7,Alerting and Detection,Event_Signatures,High,Medium,High,"Retain raw events where required for investigation, audit evidence, breach analysis, or operational validation.",Keep searchable for audit/investigation window; archive per policy thereafter,Do not filter governance-relevant fields before indexing; consider selective edge reduction only after validating required evidence.,Tier 1,"alerts, detection, monitoring, intrusion, events, signatures","Detection and alerting outcomes align to Alerts, Intrusion_Detection and Event_Signatures.",https://www.aicpa-cima.com/resources/download/2017-trust-services-criteria-with-revised-points-of-focus-2022,"Framework control area classified to DIG governance capability, then capability mapped to discovered Splunk CIM datamodel.",DIG seed - review recommended,"Alerting and Detection: Detection and alerting outcomes align to Alerts, Intrusion_Detection and Event_Signatures.",2026-06-11T15:26:33Z
SOC 2,2017 TSC with revised points of focus 2022,CC7 - System Operations,CC7,Alerting and Detection,Intrusion_Detection,High,Medium,High,"Retain raw events where required for investigation, audit evidence, breach analysis, or operational validation.",Keep searchable for audit/investigation window; archive per policy thereafter,Do not filter governance-relevant fields before indexing; consider selective edge reduction only after validating required evidence.,Tier 1,"alerts, detection, monitoring, intrusion, events, signatures","Detection and alerting outcomes align to Alerts, Intrusion_Detection and Event_Signatures.",https://www.aicpa-cima.com/resources/download/2017-trust-services-criteria-with-revised-points-of-focus-2022,"Framework control area classified to DIG governance capability, then capability mapped to discovered Splunk CIM datamodel.",DIG seed - review recommended,"Alerting and Detection: Detection and alerting outcomes align to Alerts, Intrusion_Detection and Event_Signatures.",2026-06-11T15:26:33Z
SOC 2,2017 TSC with revised points of focus 2022,CC7 - System Operations,CC7,Application and Service Resilience,Application_State,Medium,Medium,Medium,"Retain raw events where required for investigation, audit evidence, breach analysis, or operational validation.",Keep searchable where operational resilience evidence is required; archive per policy thereafter,Do not filter governance-relevant fields before indexing; consider selective edge reduction only after validating required evidence.,Tier 2,"availability, resilience, performance, service, application, database, processing integrity","Operational resilience and service health controls align to application, performance, JVM, database and messaging telemetry.",https://www.aicpa-cima.com/resources/download/2017-trust-services-criteria-with-revised-points-of-focus-2022,"Framework control area classified to DIG governance capability, then capability mapped to discovered Splunk CIM datamodel.",DIG seed - review recommended,"Application and Service Resilience: Operational resilience and service health controls align to application, performance, JVM, database and messaging telemetry.",2026-06-11T15:26:33Z
SOC 2,2017 TSC with revised points of focus 2022,CC7 - System Operations,CC7,Application and Service Resilience,Databases,Medium,Medium,Medium,"Retain raw events where required for investigation, audit evidence, breach analysis, or operational validation.",Keep searchable where operational resilience evidence is required; archive per policy thereafter,Do not filter governance-relevant fields before indexing; consider selective edge reduction only after validating required evidence.,Tier 2,"availability, resilience, performance, service, application, database, processing integrity","Operational resilience and service health controls align to application, performance, JVM, database and messaging telemetry.",https://www.aicpa-cima.com/resources/download/2017-trust-services-criteria-with-revised-points-of-focus-2022,"Framework control area classified to DIG governance capability, then capability mapped to discovered Splunk CIM datamodel.",DIG seed - review recommended,"Application and Service Resilience: Operational resilience and service health controls align to application, performance, JVM, database and messaging telemetry.",2026-06-11T15:26:33Z
SOC 2,2017 TSC with revised points of focus 2022,CC7 - System Operations,CC7,Application and Service Resilience,Interprocess_Messaging,Medium,Medium,Medium,"Retain raw events where required for investigation, audit evidence, breach analysis, or operational validation.",Keep searchable where operational resilience evidence is required; archive per policy thereafter,Do not filter governance-relevant fields before indexing; consider selective edge reduction only after validating required evidence.,Tier 2,"availability, resilience, performance, service, application, database, processing integrity","Operational resilience and service health controls align to application, performance, JVM, database and messaging telemetry.",https://www.aicpa-cima.com/resources/download/2017-trust-services-criteria-with-revised-points-of-focus-2022,"Framework control area classified to DIG governance capability, then capability mapped to discovered Splunk CIM datamodel.",DIG seed - review recommended,"Application and Service Resilience: Operational resilience and service health controls align to application, performance, JVM, database and messaging telemetry.",2026-06-11T15:26:33Z
SOC 2,2017 TSC with revised points of focus 2022,CC7 - System Operations,CC7,Application and Service Resilience,JVM,Medium,Medium,Medium,"Retain raw events where required for investigation, audit evidence, breach analysis, or operational validation.",Keep searchable where operational resilience evidence is required; archive per policy thereafter,Do not filter governance-relevant fields before indexing; consider selective edge reduction only after validating required evidence.,Tier 2,"availability, resilience, performance, service, application, database, processing integrity","Operational resilience and service health controls align to application, performance, JVM, database and messaging telemetry.",https://www.aicpa-cima.com/resources/download/2017-trust-services-criteria-with-revised-points-of-focus-2022,"Framework control area classified to DIG governance capability, then capability mapped to discovered Splunk CIM datamodel.",DIG seed - review recommended,"Application and Service Resilience: Operational resilience and service health controls align to application, performance, JVM, database and messaging telemetry.",2026-06-11T15:26:33Z
SOC 2,2017 TSC with revised points of focus 2022,CC7 - System Operations,CC7,Application and Service Resilience,Performance,Medium,Medium,Medium,"Retain raw events where required for investigation, audit evidence, breach analysis, or operational validation.",Keep searchable where operational resilience evidence is required; archive per policy thereafter,Do not filter governance-relevant fields before indexing; consider selective edge reduction only after validating required evidence.,Tier 2,"availability, resilience, performance, service, application, database, processing integrity","Operational resilience and service health controls align to application, performance, JVM, database and messaging telemetry.",https://www.aicpa-cima.com/resources/download/2017-trust-services-criteria-with-revised-points-of-focus-2022,"Framework control area classified to DIG governance capability, then capability mapped to discovered Splunk CIM datamodel.",DIG seed - review recommended,"Application and Service Resilience: Operational resilience and service health controls align to application, performance, JVM, database and messaging telemetry.",2026-06-11T15:26:33Z
SOC 2,2017 TSC with revised points of focus 2022,CC7 - System Operations,CC7,Endpoint Monitoring,Compute_Inventory,Medium-High,Medium,Medium-High,"Retain raw events where required for investigation, audit evidence, breach analysis, or operational validation.",Keep searchable for security operations and evidence review; archive per policy thereafter,Do not filter governance-relevant fields before indexing; consider selective edge reduction only after validating required evidence.,Tier 2,"endpoint, system, host, device, process, workload, inventory","Host, endpoint and asset telemetry aligns to Endpoint and Compute_Inventory evidence.",https://www.aicpa-cima.com/resources/download/2017-trust-services-criteria-with-revised-points-of-focus-2022,"Framework control area classified to DIG governance capability, then capability mapped to discovered Splunk CIM datamodel.",DIG seed - review recommended,"Endpoint Monitoring: Host, endpoint and asset telemetry aligns to Endpoint and Compute_Inventory evidence.",2026-06-11T15:26:33Z
SOC 2,2017 TSC with revised points of focus 2022,CC7 - System Operations,CC7,Endpoint Monitoring,Endpoint,Medium-High,High,Medium-High,"Retain raw events where required for investigation, audit evidence, breach analysis, or operational validation.",Keep searchable for security operations and evidence review; archive per policy thereafter,Do not filter governance-relevant fields before indexing; consider selective edge reduction only after validating required evidence.,Tier 2,"endpoint, system, host, device, process, workload, inventory","Host, endpoint and asset telemetry aligns to Endpoint and Compute_Inventory evidence.",https://www.aicpa-cima.com/resources/download/2017-trust-services-criteria-with-revised-points-of-focus-2022,"Framework control area classified to DIG governance capability, then capability mapped to discovered Splunk CIM datamodel.",DIG seed - review recommended,"Endpoint Monitoring: Host, endpoint and asset telemetry aligns to Endpoint and Compute_Inventory evidence.",2026-06-11T15:26:33Z
SOC 2,2017 TSC with revised points of focus 2022,CC7 - System Operations,CC7,Network Monitoring,Network_Resolution,High,Medium,High,"Retain raw events where required for investigation, audit evidence, breach analysis, or operational validation.",Keep searchable for audit/investigation window; archive per policy thereafter,Do not filter governance-relevant fields before indexing; consider selective edge reduction only after validating required evidence.,Tier 1,"network, traffic, connections, communications, DNS, segmentation, perimeter","Network communication and name-resolution monitoring aligns to network traffic, sessions and resolution datamodels.",https://www.aicpa-cima.com/resources/download/2017-trust-services-criteria-with-revised-points-of-focus-2022,"Framework control area classified to DIG governance capability, then capability mapped to discovered Splunk CIM datamodel.",DIG seed - review recommended,"Network Monitoring: Network communication and name-resolution monitoring aligns to network traffic, sessions and resolution datamodels.",2026-06-11T15:26:33Z
SOC 2,2017 TSC with revised points of focus 2022,CC7 - System Operations,CC7,Network Monitoring,Network_Sessions,High,Medium,High,"Retain raw events where required for investigation, audit evidence, breach analysis, or operational validation.",Keep searchable for audit/investigation window; archive per policy thereafter,Do not filter governance-relevant fields before indexing; consider selective edge reduction only after validating required evidence.,Tier 1,"network, traffic, connections, communications, DNS, segmentation, perimeter","Network communication and name-resolution monitoring aligns to network traffic, sessions and resolution datamodels.",https://www.aicpa-cima.com/resources/download/2017-trust-services-criteria-with-revised-points-of-focus-2022,"Framework control area classified to DIG governance capability, then capability mapped to discovered Splunk CIM datamodel.",DIG seed - review recommended,"Network Monitoring: Network communication and name-resolution monitoring aligns to network traffic, sessions and resolution datamodels.",2026-06-11T15:26:33Z
SOC 2,2017 TSC with revised points of focus 2022,CC7 - System Operations,CC7,Network Monitoring,Network_Traffic,High,High,High,"Retain raw events where required for investigation, audit evidence, breach analysis, or operational validation.",Keep searchable for audit/investigation window; archive per policy thereafter,Do not filter governance-relevant fields before indexing; consider selective edge reduction only after validating required evidence.,Tier 1,"network, traffic, connections, communications, DNS, segmentation, perimeter","Network communication and name-resolution monitoring aligns to network traffic, sessions and resolution datamodels.",https://www.aicpa-cima.com/resources/download/2017-trust-services-criteria-with-revised-points-of-focus-2022,"Framework control area classified to DIG governance capability, then capability mapped to discovered Splunk CIM datamodel.",DIG seed - review recommended,"Network Monitoring: Network communication and name-resolution monitoring aligns to network traffic, sessions and resolution datamodels.",2026-06-11T15:26:33Z
SOC 2,2017 TSC with revised points of focus 2022,CC8 - Change Management,CC8,Change Monitoring,Change,Medium-High,High,Medium-High,"Retain raw events where required for investigation, audit evidence, breach analysis, or operational validation.",Keep searchable for security operations and evidence review; archive per policy thereafter,Do not filter governance-relevant fields before indexing; consider selective edge reduction only after validating required evidence.,Tier 2,"change, configuration, system changes, modification, integrity",Configuration and system modification evidence aligns to Change and Change_Analysis.,https://www.aicpa-cima.com/resources/download/2017-trust-services-criteria-with-revised-points-of-focus-2022,"Framework control area classified to DIG governance capability, then capability mapped to discovered Splunk CIM datamodel.",DIG seed - review recommended,Change Monitoring: Configuration and system modification evidence aligns to Change and Change_Analysis.,2026-06-11T15:26:33Z
SOC 2,2017 TSC with revised points of focus 2022,CC8 - Change Management,CC8,Change Monitoring,Change_Analysis,Medium-High,Medium,Medium-High,"Retain raw events where required for investigation, audit evidence, breach analysis, or operational validation.",Keep searchable for security operations and evidence review; archive per policy thereafter,Do not filter governance-relevant fields before indexing; consider selective edge reduction only after validating required evidence.,Tier 2,"change, configuration, system changes, modification, integrity",Configuration and system modification evidence aligns to Change and Change_Analysis.,https://www.aicpa-cima.com/resources/download/2017-trust-services-criteria-with-revised-points-of-focus-2022,"Framework control area classified to DIG governance capability, then capability mapped to discovered Splunk CIM datamodel.",DIG seed - review recommended,Change Monitoring: Configuration and system modification evidence aligns to Change and Change_Analysis.,2026-06-11T15:26:33Z
SOC 2,2017 TSC with revised points of focus 2022,CC9 - Risk Mitigation,CC9,Incident and Case Management,Alerts,High,High,High,"Retain raw events where required for investigation, audit evidence, breach analysis, or operational validation.",Keep searchable for audit/investigation window; archive per policy thereafter,Do not filter governance-relevant fields before indexing; consider selective edge reduction only after validating required evidence.,Tier 1,"incident, response, case, escalation, ticket, reporting",Incident response and case-handling evidence aligns to Ticket_Management and Alerts.,https://www.aicpa-cima.com/resources/download/2017-trust-services-criteria-with-revised-points-of-focus-2022,"Framework control area classified to DIG governance capability, then capability mapped to discovered Splunk CIM datamodel.",DIG seed - review recommended,Incident and Case Management: Incident response and case-handling evidence aligns to Ticket_Management and Alerts.,2026-06-11T15:26:33Z
SOC 2,2017 TSC with revised points of focus 2022,CC9 - Risk Mitigation,CC9,Incident and Case Management,Ticket_Management,High,High,High,"Retain raw events where required for investigation, audit evidence, breach analysis, or operational validation.",Keep searchable for audit/investigation window; archive per policy thereafter,Do not filter governance-relevant fields before indexing; consider selective edge reduction only after validating required evidence.,Tier 1,"incident, response, case, escalation, ticket, reporting",Incident response and case-handling evidence aligns to Ticket_Management and Alerts.,https://www.aicpa-cima.com/resources/download/2017-trust-services-criteria-with-revised-points-of-focus-2022,"Framework control area classified to DIG governance capability, then capability mapped to discovered Splunk CIM datamodel.",DIG seed - review recommended,Incident and Case Management: Incident response and case-handling evidence aligns to Ticket_Management and Alerts.,2026-06-11T15:26:33Z
SOC 2,2017 TSC with revised points of focus 2022,CC9 - Risk Mitigation,CC9,Vulnerability Management,Updates,Medium-High,Medium,Medium-High,"Retain raw events where required for investigation, audit evidence, breach analysis, or operational validation.",Keep searchable for security operations and evidence review; archive per policy thereafter,Do not filter governance-relevant fields before indexing; consider selective edge reduction only after validating required evidence.,Tier 1,"vulnerability, patching, remediation, updates, weaknesses",Vulnerability discovery and remediation evidence aligns to Vulnerabilities and Updates.,https://www.aicpa-cima.com/resources/download/2017-trust-services-criteria-with-revised-points-of-focus-2022,"Framework control area classified to DIG governance capability, then capability mapped to discovered Splunk CIM datamodel.",DIG seed - review recommended,Vulnerability Management: Vulnerability discovery and remediation evidence aligns to Vulnerabilities and Updates.,2026-06-11T15:26:33Z
SOC 2,2017 TSC with revised points of focus 2022,CC9 - Risk Mitigation,CC9,Vulnerability Management,Vulnerabilities,Medium-High,High,Medium-High,"Retain raw events where required for investigation, audit evidence, breach analysis, or operational validation.",Keep searchable for security operations and evidence review; archive per policy thereafter,Do not filter governance-relevant fields before indexing; consider selective edge reduction only after validating required evidence.,Tier 1,"vulnerability, patching, remediation, updates, weaknesses",Vulnerability discovery and remediation evidence aligns to Vulnerabilities and Updates.,https://www.aicpa-cima.com/resources/download/2017-trust-services-criteria-with-revised-points-of-focus-2022,"Framework control area classified to DIG governance capability, then capability mapped to discovered Splunk CIM datamodel.",DIG seed - review recommended,Vulnerability Management: Vulnerability discovery and remediation evidence aligns to Vulnerabilities and Updates.,2026-06-11T15:26:33Z
SOC 2,2017 TSC with revised points of focus 2022,Confidentiality - Protection of Confidential Information,Confidentiality,Certificate and Crypto Monitoring,Certificates,Medium-High,High,Medium-High,"Retain raw events where required for investigation, audit evidence, breach analysis, or operational validation.",Keep searchable for security operations and evidence review; archive per policy thereafter,Do not filter governance-relevant fields before indexing; consider selective edge reduction only after validating required evidence.,Tier 2,"certificate, cryptography, encryption, key management, TLS",Certificate and cryptographic lifecycle telemetry aligns to Certificates.,https://www.aicpa-cima.com/resources/download/2017-trust-services-criteria-with-revised-points-of-focus-2022,"Framework control area classified to DIG governance capability, then capability mapped to discovered Splunk CIM datamodel.",DIG seed - review recommended,Certificate and Crypto Monitoring: Certificate and cryptographic lifecycle telemetry aligns to Certificates.,2026-06-11T15:26:33Z
SOC 2,2017 TSC with revised points of focus 2022,Confidentiality - Protection of Confidential Information,Confidentiality,Data Access Monitoring,DLP,High,Medium,High,"Retain raw events where required for investigation, audit evidence, breach analysis, or operational validation.",Keep searchable for audit/investigation window; archive per policy thereafter,Do not filter governance-relevant fields before indexing; consider selective edge reduction only after validating required evidence.,Tier 1,"data access, sensitive data, cardholder data, personal data, confidentiality, exfiltration",Controls requiring visibility of sensitive data access or loss prevention align to Data_Access and DLP.,https://www.aicpa-cima.com/resources/download/2017-trust-services-criteria-with-revised-points-of-focus-2022,"Framework control area classified to DIG governance capability, then capability mapped to discovered Splunk CIM datamodel.",DIG seed - review recommended,Data Access Monitoring: Controls requiring visibility of sensitive data access or loss prevention align to Data_Access and DLP.,2026-06-11T15:26:33Z
SOC 2,2017 TSC with revised points of focus 2022,Confidentiality - Protection of Confidential Information,Confidentiality,Data Access Monitoring,Data_Access,High,High,High,"Retain raw events where required for investigation, audit evidence, breach analysis, or operational validation.",Keep searchable for audit/investigation window; archive per policy thereafter,Do not filter governance-relevant fields before indexing; consider selective edge reduction only after validating required evidence.,Tier 1,"data access, sensitive data, cardholder data, personal data, confidentiality, exfiltration",Controls requiring visibility of sensitive data access or loss prevention align to Data_Access and DLP.,https://www.aicpa-cima.com/resources/download/2017-trust-services-criteria-with-revised-points-of-focus-2022,"Framework control area classified to DIG governance capability, then capability mapped to discovered Splunk CIM datamodel.",DIG seed - review recommended,Data Access Monitoring: Controls requiring visibility of sensitive data access or loss prevention align to Data_Access and DLP.,2026-06-11T15:26:33Z
SOC 2,2017 TSC with revised points of focus 2022,Privacy - Personal Information Protection,Privacy,Authentication Monitoring,Authentication,High,High,High,"Retain raw events where required for investigation, audit evidence, breach analysis, or operational validation.",Keep searchable for audit/investigation window; archive per policy thereafter,Do not filter governance-relevant fields before indexing; consider selective edge reduction only after validating required evidence.,Tier 1,"authentication, logon, login, credentials, MFA, session, access attempt",Access monitoring and authentication evidence aligns directly to Authentication events.,https://www.aicpa-cima.com/resources/download/2017-trust-services-criteria-with-revised-points-of-focus-2022,"Framework control area classified to DIG governance capability, then capability mapped to discovered Splunk CIM datamodel.",DIG seed - review recommended,Authentication Monitoring: Access monitoring and authentication evidence aligns directly to Authentication events.,2026-06-11T15:26:33Z
SOC 2,2017 TSC with revised points of focus 2022,Privacy - Personal Information Protection,Privacy,Data Access Monitoring,DLP,High,Medium,High,"Retain raw events where required for investigation, audit evidence, breach analysis, or operational validation.",Keep searchable for audit/investigation window; archive per policy thereafter,Do not filter governance-relevant fields before indexing; consider selective edge reduction only after validating required evidence.,Tier 1,"data access, sensitive data, cardholder data, personal data, confidentiality, exfiltration",Controls requiring visibility of sensitive data access or loss prevention align to Data_Access and DLP.,https://www.aicpa-cima.com/resources/download/2017-trust-services-criteria-with-revised-points-of-focus-2022,"Framework control area classified to DIG governance capability, then capability mapped to discovered Splunk CIM datamodel.",DIG seed - review recommended,Data Access Monitoring: Controls requiring visibility of sensitive data access or loss prevention align to Data_Access and DLP.,2026-06-11T15:26:33Z
SOC 2,2017 TSC with revised points of focus 2022,Privacy - Personal Information Protection,Privacy,Data Access Monitoring,Data_Access,High,High,High,"Retain raw events where required for investigation, audit evidence, breach analysis, or operational validation.",Keep searchable for audit/investigation window; archive per policy thereafter,Do not filter governance-relevant fields before indexing; consider selective edge reduction only after validating required evidence.,Tier 1,"data access, sensitive data, cardholder data, personal data, confidentiality, exfiltration",Controls requiring visibility of sensitive data access or loss prevention align to Data_Access and DLP.,https://www.aicpa-cima.com/resources/download/2017-trust-services-criteria-with-revised-points-of-focus-2022,"Framework control area classified to DIG governance capability, then capability mapped to discovered Splunk CIM datamodel.",DIG seed - review recommended,Data Access Monitoring: Controls requiring visibility of sensitive data access or loss prevention align to Data_Access and DLP.,2026-06-11T15:26:33Z
SOC 2,2017 TSC with revised points of focus 2022,Privacy - Personal Information Protection,Privacy,Incident and Case Management,Alerts,High,High,High,"Retain raw events where required for investigation, audit evidence, breach analysis, or operational validation.",Keep searchable for audit/investigation window; archive per policy thereafter,Do not filter governance-relevant fields before indexing; consider selective edge reduction only after validating required evidence.,Tier 1,"incident, response, case, escalation, ticket, reporting",Incident response and case-handling evidence aligns to Ticket_Management and Alerts.,https://www.aicpa-cima.com/resources/download/2017-trust-services-criteria-with-revised-points-of-focus-2022,"Framework control area classified to DIG governance capability, then capability mapped to discovered Splunk CIM datamodel.",DIG seed - review recommended,Incident and Case Management: Incident response and case-handling evidence aligns to Ticket_Management and Alerts.,2026-06-11T15:26:33Z
SOC 2,2017 TSC with revised points of focus 2022,Privacy - Personal Information Protection,Privacy,Incident and Case Management,Ticket_Management,High,High,High,"Retain raw events where required for investigation, audit evidence, breach analysis, or operational validation.",Keep searchable for audit/investigation window; archive per policy thereafter,Do not filter governance-relevant fields before indexing; consider selective edge reduction only after validating required evidence.,Tier 1,"incident, response, case, escalation, ticket, reporting",Incident response and case-handling evidence aligns to Ticket_Management and Alerts.,https://www.aicpa-cima.com/resources/download/2017-trust-services-criteria-with-revised-points-of-focus-2022,"Framework control area classified to DIG governance capability, then capability mapped to discovered Splunk CIM datamodel.",DIG seed - review recommended,Incident and Case Management: Incident response and case-handling evidence aligns to Ticket_Management and Alerts.,2026-06-11T15:26:33Z
SOC 2,2017 TSC with revised points of focus 2022,Processing Integrity - Complete Accurate Timely Processing,Processing Integrity,Application and Service Resilience,Application_State,Medium,Medium,Medium,"Retain raw events where required for investigation, audit evidence, breach analysis, or operational validation.",Keep searchable where operational resilience evidence is required; archive per policy thereafter,Do not filter governance-relevant fields before indexing; consider selective edge reduction only after validating required evidence.,Tier 2,"availability, resilience, performance, service, application, database, processing integrity","Operational resilience and service health controls align to application, performance, JVM, database and messaging telemetry.",https://www.aicpa-cima.com/resources/download/2017-trust-services-criteria-with-revised-points-of-focus-2022,"Framework control area classified to DIG governance capability, then capability mapped to discovered Splunk CIM datamodel.",DIG seed - review recommended,"Application and Service Resilience: Operational resilience and service health controls align to application, performance, JVM, database and messaging telemetry.",2026-06-11T15:26:33Z
SOC 2,2017 TSC with revised points of focus 2022,Processing Integrity - Complete Accurate Timely Processing,Processing Integrity,Application and Service Resilience,Databases,Medium,Medium,Medium,"Retain raw events where required for investigation, audit evidence, breach analysis, or operational validation.",Keep searchable where operational resilience evidence is required; archive per policy thereafter,Do not filter governance-relevant fields before indexing; consider selective edge reduction only after validating required evidence.,Tier 2,"availability, resilience, performance, service, application, database, processing integrity","Operational resilience and service health controls align to application, performance, JVM, database and messaging telemetry.",https://www.aicpa-cima.com/resources/download/2017-trust-services-criteria-with-revised-points-of-focus-2022,"Framework control area classified to DIG governance capability, then capability mapped to discovered Splunk CIM datamodel.",DIG seed - review recommended,"Application and Service Resilience: Operational resilience and service health controls align to application, performance, JVM, database and messaging telemetry.",2026-06-11T15:26:33Z
SOC 2,2017 TSC with revised points of focus 2022,Processing Integrity - Complete Accurate Timely Processing,Processing Integrity,Application and Service Resilience,Interprocess_Messaging,Medium,Medium,Medium,"Retain raw events where required for investigation, audit evidence, breach analysis, or operational validation.",Keep searchable where operational resilience evidence is required; archive per policy thereafter,Do not filter governance-relevant fields before indexing; consider selective edge reduction only after validating required evidence.,Tier 2,"availability, resilience, performance, service, application, database, processing integrity","Operational resilience and service health controls align to application, performance, JVM, database and messaging telemetry.",https://www.aicpa-cima.com/resources/download/2017-trust-services-criteria-with-revised-points-of-focus-2022,"Framework control area classified to DIG governance capability, then capability mapped to discovered Splunk CIM datamodel.",DIG seed - review recommended,"Application and Service Resilience: Operational resilience and service health controls align to application, performance, JVM, database and messaging telemetry.",2026-06-11T15:26:33Z
SOC 2,2017 TSC with revised points of focus 2022,Processing Integrity - Complete Accurate Timely Processing,Processing Integrity,Application and Service Resilience,JVM,Medium,Medium,Medium,"Retain raw events where required for investigation, audit evidence, breach analysis, or operational validation.",Keep searchable where operational resilience evidence is required; archive per policy thereafter,Do not filter governance-relevant fields before indexing; consider selective edge reduction only after validating required evidence.,Tier 2,"availability, resilience, performance, service, application, database, processing integrity","Operational resilience and service health controls align to application, performance, JVM, database and messaging telemetry.",https://www.aicpa-cima.com/resources/download/2017-trust-services-criteria-with-revised-points-of-focus-2022,"Framework control area classified to DIG governance capability, then capability mapped to discovered Splunk CIM datamodel.",DIG seed - review recommended,"Application and Service Resilience: Operational resilience and service health controls align to application, performance, JVM, database and messaging telemetry.",2026-06-11T15:26:33Z
SOC 2,2017 TSC with revised points of focus 2022,Processing Integrity - Complete Accurate Timely Processing,Processing Integrity,Application and Service Resilience,Performance,Medium,Medium,Medium,"Retain raw events where required for investigation, audit evidence, breach analysis, or operational validation.",Keep searchable where operational resilience evidence is required; archive per policy thereafter,Do not filter governance-relevant fields before indexing; consider selective edge reduction only after validating required evidence.,Tier 2,"availability, resilience, performance, service, application, database, processing integrity","Operational resilience and service health controls align to application, performance, JVM, database and messaging telemetry.",https://www.aicpa-cima.com/resources/download/2017-trust-services-criteria-with-revised-points-of-focus-2022,"Framework control area classified to DIG governance capability, then capability mapped to discovered Splunk CIM datamodel.",DIG seed - review recommended,"Application and Service Resilience: Operational resilience and service health controls align to application, performance, JVM, database and messaging telemetry.",2026-06-11T15:26:33Z
SOC 2,2017 TSC with revised points of focus 2022,Processing Integrity - Complete Accurate Timely Processing,Processing Integrity,Change Monitoring,Change,Medium-High,High,Medium-High,"Retain raw events where required for investigation, audit evidence, breach analysis, or operational validation.",Keep searchable for security operations and evidence review; archive per policy thereafter,Do not filter governance-relevant fields before indexing; consider selective edge reduction only after validating required evidence.,Tier 2,"change, configuration, system changes, modification, integrity",Configuration and system modification evidence aligns to Change and Change_Analysis.,https://www.aicpa-cima.com/resources/download/2017-trust-services-criteria-with-revised-points-of-focus-2022,"Framework control area classified to DIG governance capability, then capability mapped to discovered Splunk CIM datamodel.",DIG seed - review recommended,Change Monitoring: Configuration and system modification evidence aligns to Change and Change_Analysis.,2026-06-11T15:26:33Z
SOC 2,2017 TSC with revised points of focus 2022,Processing Integrity - Complete Accurate Timely Processing,Processing Integrity,Change Monitoring,Change_Analysis,Medium-High,Medium,Medium-High,"Retain raw events where required for investigation, audit evidence, breach analysis, or operational validation.",Keep searchable for security operations and evidence review; archive per policy thereafter,Do not filter governance-relevant fields before indexing; consider selective edge reduction only after validating required evidence.,Tier 2,"change, configuration, system changes, modification, integrity",Configuration and system modification evidence aligns to Change and Change_Analysis.,https://www.aicpa-cima.com/resources/download/2017-trust-services-criteria-with-revised-points-of-focus-2022,"Framework control area classified to DIG governance capability, then capability mapped to discovered Splunk CIM datamodel.",DIG seed - review recommended,Change Monitoring: Configuration and system modification evidence aligns to Change and Change_Analysis.,2026-06-11T15:26:33Z
